-0.44473588,-0.5714286
-0.44298527,-0.5714286
-0.44420967,-0.5714286
-0.4418796,-0.5714286
-0.4446888,-0.5714286
-0.44210485,-0.5714286
-0.4437285,-0.5714286
-0.4402252,-0.5714286
-0.4421458,-0.5714286
-0.44270268,-0.5714286
-0.44298115,-0.5714286
-0.4426331,-0.5714286
-0.4430344,-0.5714286
-0.44224408,-0.5714286
-0.44312042,-0.5714286
-0.44194716,-0.5714286
-0.44325143,-0.5714286
-0.44498158,-0.5714286
-0.44463143,-0.5714286
-0.44490993,-0.5714286
-0.44420967,-0.5714286
-0.4453071,-0.5714286
-0.44425878,-0.5714286
-0.44464374,-0.5714286
-0.44505322,-0.5714286
-0.44474608,-0.5714286
-0.4453317,-0.5714286
-0.43896806,-0.5714286
-0.4289025,-0.5714286
-0.4230139,-0.5714286
-0.4323403,-0.5714286
-0.43496314,-0.5714286
-0.43508595,-0.5714286
-0.43469286,-0.5714286
-0.4346683,-0.5714286
-0.43477067,-0.5714286
-0.4354709,-0.5714286
-0.4362408,-0.5714286
-0.4356511,-0.5714286
-0.43496728,-0.5714286
-0.43562245,-0.5714286
-0.43580467,-0.5714286
-0.43563476,-0.5714286
-0.43472973,-0.5714286
-0.4345086,-0.5714286
-0.43351352,-0.5714286
-0.43423423,-0.5714286
-0.43358722,-0.5714286
-0.43410933,-0.5714286
-0.43535626,-0.5714286
-0.4339517,-0.5714286
-0.43453723,-0.5714286
-0.4355897,-0.5714286
-0.4397584,-0.5714286
-0.44261056,-0.5714286
-0.4444349,-0.5714286
-0.44438574,-0.5714286
-0.44479114,-0.5714286
-0.44510442,-0.5714286
-0.4439681,-0.5714286
-0.4444922,-0.5714286
-0.4446519,-0.5714286
-0.4442629,-0.5714286
-0.44440618,-0.5714286
-0.44494674,-0.5714286
-0.4438657,-0.5714286
-0.44452703,-0.5714286
-0.44444716,-0.5714286
-0.44408685,-0.5714286
-0.44358724,-0.5714286
-0.4445823,-0.5714286
-0.4444799,-0.5714286
-0.4445823,-0.5714286
-0.44371006,-0.5714286
-0.44374695,-0.5714286
-0.44395986,-0.5714286
-0.44433248,-0.5714286
-0.4440172,-0.5714286
-0.4432514,-0.5714286
-0.44293204,-0.5714286
-0.44497132,-0.5714286
-0.44359955,-0.5714286
-0.44314086,-0.5714286
-0.44323093,-0.5714286
-0.44344595,-0.5714286
-0.4441892,-0.5714286
-0.44400084,-0.5714286
-0.4442506,-0.5714286
-0.4440786,-0.5714286
-0.44391888,-0.5714286
-0.44410935,-0.5714286
-0.44399875,-0.5714286
-0.44268426,-0.5714286
-0.4440602,-0.5714286
-0.4452621,-0.5714286
-0.445344,-0.5714286
-0.4455733,-0.5714286
-0.44522113,-0.5714286
-0.44528258,-0.5714286
-0.44472158,-0.5714286
-0.44479114,-0.5714286
-0.44531325,-0.5714286
-0.44532555,-0.5714286
-0.445258,-0.5714286
-0.44524568,-0.5714286
-0.44526616,-0.5714286
-0.44560197,-0.5714286
-0.4449693,-0.5714286
-0.44402948,-0.5714286
-0.4441769,-0.5714286
-0.44571665,-0.5714286
-0.44513512,-0.5714286
-0.44267404,-0.5714286
-0.44530305,-0.5714286
-0.44540954,-0.5714286
-0.4450737,-0.5714286
-0.44512692,-0.5714286
-0.4460483,-0.5714286
-0.4454423,-0.5714286
-0.44607496,-0.5714286
-0.44567975,-0.5714286
-0.44506142,-0.5714286
-0.44504505,-0.5714286
-0.44567567,-0.5714286
-0.4454423,-0.5714286
-0.44571254,-0.5714286
-0.44505322,-0.5714286
-0.44565725,-0.5714286
-0.44592136,-0.5714286
-0.44672605,-0.5714286
-0.44668713,-0.5714286
-0.44656634,-0.5714286
-0.44692874,-0.5714286
-0.4465479,-0.5714286
-0.44687346,-0.5714286
-0.4466585,-0.5714286
-0.44655204,-0.5714286
-0.44606876,-0.5714286
-0.44584763,-0.5714286
-0.445733,-0.5714286
-0.4454423,-0.5714286
-0.4455221,-0.5714286
-0.4453071,-0.5714286
-0.44568792,-0.5714286
-0.4459787,-0.5714286
-0.4457453,-0.5714286
-0.44554666,-0.5714286
-0.4450041,-0.5714286
-0.44538084,-0.5714286
-0.44591525,-0.5714286
-0.44497952,-0.5714286
-0.44574118,-0.5714286
-0.44571254,-0.5714286
-0.44585586,-0.5714286
-0.4458313,-0.5714286
-0.44552827,-0.5714286
-0.44585586,-0.5714286
-0.44504917,-0.5714286
-0.44571254,-0.5714286
-0.44570023,-0.5714286
-0.44558966,-0.5714286
-0.4453317,-0.5714286
-0.44512692,-0.5714286
-0.44562244,-0.5714286
-0.44414005,-0.5714286
-0.4442629,-0.5714286
-0.4450041,-0.5714286
-0.44578215,-0.5714286
-0.44570023,-0.5714286
-0.4445516,-0.5714286
-0.44363227,-0.5714286
-0.44429976,-0.5714286
-0.4443243,-0.5714286
-0.43161753,-0.5714286
-0.4232351,-0.5714286
-0.42326373,-0.5714286
-0.4333047,-0.5714286
-0.43445945,-0.5714286
-0.4345209,-0.5714286
-0.43518427,-0.5714286
-0.4360995,-0.5714286
-0.43518427,-0.5714286
-0.4334603,-0.5714286
-0.43291563,-0.5714286
-0.43326375,-0.5714286
-0.4331204,-0.5714286
-0.43390664,-0.5714286
-0.43404588,-0.5714286
-0.43424448,-0.5714286
-0.43364045,-0.5714286
-0.43291157,-0.5714286
-0.44036445,-0.5714286
-0.44504505,-0.5714286
-0.44450247,-0.5714286
-0.4447256,-0.5714286
-0.44573712,-0.5714286
-0.44536856,-0.5714286
-0.44582924,-0.5714286
-0.4458047,-0.5714286
-0.44567975,-0.5714286
-0.44608107,-0.5714286
-0.44579238,-0.5714286
-0.445905,-0.5714286
-0.44629607,-0.5714286
-0.4462449,-0.5714286
-0.4450082,-0.5714286
-0.44513923,-0.5714286
-0.4458067,-0.5714286
-0.4458067,-0.5714286
-0.44494674,-0.5714286
-0.44577393,-0.5714286
-0.4460012,-0.5714286
-0.44588453,-0.5714286
-0.44615477,-0.5714286
-0.44640866,-0.5714286
-0.44519043,-0.5714286
-0.44552004,-0.5714286
-0.44516382,-0.5714286
-0.4449447,-0.5714286
-0.4445536,-0.5714286
-0.4429443,-0.5714286
-0.44233003,-0.5714286
-0.4427191,-0.5714286
-0.4432146,-0.5714286
-0.44228908,-0.5714286
-0.44283375,-0.5714286
-0.4434091,-0.5714286
-0.44323093,-0.5714286
-0.4421683,-0.5714286
-0.4454545,-0.5714286
-0.44626942,-0.5714286
-0.44501227,-0.5714286
-0.44527432,-0.5714286
-0.44552004,-0.5714286
-0.4447584,-0.5714286
-0.44531122,-0.5714286
-0.44554463,-0.5714286
-0.44512287,-0.5714286
-0.44505322,-0.5714286
-0.4450819,-0.5714286
-0.44531122,-0.5714286
-0.44535014,-0.5714286
-0.4452252,-0.5714286
-0.44492012,-0.5714286
-0.44519657,-0.5714286
-0.4440786,-0.5714286
-0.44457415,-0.5714286
-0.44380423,-0.5714286
-0.44484025,-0.5714286
-0.4442506,-0.5714286
-0.44438985,-0.5714286
-0.4443243,-0.5714286
-0.4446376,-0.5714286
-0.44423425,-0.5714286
-0.44453934,-0.5714286
-0.44495702,-0.5714286
-0.44481575,-0.5714286
-0.4447973,-0.5714286
-0.44443896,-0.5714286
-0.44519657,-0.5714286
-0.44517812,-0.5714286
-0.4453358,-0.5714286
-0.444914,-0.5714286
-0.44493243,-0.5714286
-0.43162984,-0.5714286
-0.42475843,-0.5714286
-0.42293614,-0.5714286
-0.42538086,-0.5714286
-0.41968876,-0.5714286
-0.42191234,-0.5714286
-0.43100736,-0.5714286
-0.42850947,-0.5714286
-0.42820227,-0.5714286
-0.42747337,-0.5714286
-0.4196806,-0.5714286
-0.41996926,-0.5714286
-0.42422605,-0.5714286
-0.42798114,-0.5714286
-0.43366092,-0.5714286
-0.43239966,-0.5714286
-0.4332801,-0.5714286
-0.43380836,-0.5714286
-0.433145,-0.5714286
-0.43409914,-0.5714286
-0.43559378,-0.5714286
-0.43458846,-0.5714286
-0.43581697,-0.5714286
-0.4359541,-0.5714286
-0.43511468,-0.5714286
-0.4361507,-0.5714286
-0.4349222,-0.5714286
-0.43530098,-0.5714286
-0.43433255,-0.5714286
-0.43497545,-0.5714286
-0.4345209,-0.5714286
-0.43525797,-0.5714286
-0.43533984,-0.5714286
-0.4350737,-0.5714286
-0.43566954,-0.5714286
-0.4356511,-0.5714286
-0.43564293,-0.5714286
-0.43555692,-0.5714286
-0.43519655,-0.5714286
-0.43538082,-0.5714286
-0.43461508,-0.5714286
-0.43536857,-0.5714286
-0.4361016,-0.5714286
-0.43484032,-0.5714286
-0.4358354,-0.5714286
-0.43502456,-0.5714286
-0.43495086,-0.5714286
-0.4347379,-0.5714286
-0.43565524,-0.5714286
-0.4356327,-0.5714286
-0.43525797,-0.5714286
-0.42423835,-0.5714286
-0.41166255,-0.5714286
-0.4209582,-0.5714286
-0.41827396,-0.5714286
-0.4196847,-0.5714286
-0.4179484,-0.5714286
-0.41391486,-0.5714286
-0.4178194,-0.5714286
-0.41300166,-0.5714286
-0.39951268,-0.5714286
-0.39844388,-0.5714286
-0.23968056,-0.5714286
-0.25613022,-0.5714286
-0.26369777,-0.5714286
-0.27477887,-0.5714286
-0.2769615,-0.5714286
-0.27748564,-0.5714286
-0.28002048,-0.5714286
-0.27999383,-0.5714286
-0.27824733,-0.5714286
-0.27294022,-0.5714286
-0.2582105,-0.5714286
-0.20498773,-0.5714286
0.02893119,-0.5714286
0.20020469,-0.5714286
0.2742875,-0.5714286
0.26292387,-0.5714286
0.23960078,-0.5714286
0.23302825,-0.5714286
0.23182644,-0.5714286
0.22831684,-0.5714286
0.22579859,-0.5714286
0.24598278,-0.5714286
0.25373468,-0.5714286
0.16461302,-0.5714286
-0.2457494,-0.5714286
-0.24905816,-0.5714286
-0.26560193,-0.5714286
-0.26359132,-0.5714286
-0.2534521,-0.5714286
-0.26262486,-0.5714286
-0.26408476,-0.5714286
-0.2669533,-0.5714286
0.8635872,-0.5714286
1.0940499,-0.5714286
0.61199015,-0.5714286
0.5959644,-0.5714286
0.5964435,-0.5714286
0.5961998,-0.5714286
0.5946438,-0.5714286
0.5919288,-0.5714286
0.58922607,-0.5714286
0.5866625,-0.5714286
0.58029896,-0.5714286
0.5868633,-0.5714286
0.58418924,-0.5714286
0.58441025,-0.5714286
0.5839189,-0.5714286
0.5858723,-0.5714286
0.58170766,-0.5714286
0.5761589,-0.5714286
0.57393944,-0.5714286
0.5798567,-0.5714286
0.57933253,-0.5714286
0.5797666,-0.5714286
0.5797297,-0.5714286
0.57664007,-0.5714286
0.56931204,-0.5714286
0.5667138,-0.5714286
0.569746,-0.5714286
0.5719861,-0.5714286
0.5662572,-0.5714286
0.5670598,-0.5714286
0.56318593,-0.5714286
0.56339073,-0.5714286
0.5699263,-0.5714286
0.5683456,-0.5714286
0.56611794,-0.5714286
0.56761676,-0.5714286
0.56703925,-0.5714286
0.5692629,-0.5714286
0.5656717,-0.5714286
0.56552005,-0.5714286
0.5647112,-0.5714286
0.56688374,-0.5714286
1.1042218,-0.5714286
0.7017323,-0.5714286
0.7111506,-0.5714286
0.71291566,-0.5714286
0.70787466,-0.5714286
0.7110564,-0.5714286
0.71171176,-0.5714286
0.71432024,-0.5714286
0.7076413,-0.5714286
0.70892304,-0.5714286
0.70751846,-0.5714286
0.71125305,-0.5714286
0.7109255,-0.5714286
0.7068715,-0.5714286
0.7101598,-0.5714286
0.7071929,-0.5714286
0.7065683,-0.5714286
0.70439386,-0.5714286
0.7035013,-0.5714286
0.70472974,-0.5714286
0.6984439,-0.5714286
0.7006103,-0.5714286
0.69992626,-0.5714286
0.69685906,-0.5714286
0.69804066,-0.5714286
0.6949917,-0.5714286
0.69254297,-0.5714286
0.686855,-0.5714286
0.6865152,-0.5714286
0.68838656,-0.5714286
0.6921192,-0.5714286
0.6928624,-0.5714286
0.68993044,-0.5714286
0.68574333,-0.5714286
0.6873178,-0.5714286
0.6852129,-0.5714286
0.683059,-0.5714286
0.6856102,-0.5714286
0.6855283,-0.5714286
0.68433654,-0.5714286
0.6815541,-0.5714286
0.6828931,-0.5714286
0.6784215,-0.5714286
0.6767773,-0.5714286
0.52703935,-0.5714286
0.5058927,-0.5714286
0.50504094,-0.5714286
0.50595,-0.5714286
0.5041851,-0.5714286
0.49815312,-0.5714286
0.5014988,-0.5714286
0.502887,-0.5714286
0.50098276,-0.5714286
0.5054975,-0.5714286
0.5018959,-0.5714286
0.5036363,-0.5714286
0.50291973,-0.5714286
0.50340295,-0.5714286
0.5057904,-0.5714286
0.5020311,-0.5714286
0.50591725,-0.5714286
0.50802207,-0.5714286
0.50899667,-0.5714286
0.5061794,-0.5714286
0.50832313,-0.5714286
0.51012695,-0.5714286
0.5094513,-0.5714286
0.5095619,-0.5714286
0.5122236,-0.5714286
0.50901103,-0.5714286
0.5047727,-0.5714286
0.5077109,-0.5714286
0.5071662,-0.5714286
0.5021376,-0.5714286
0.5034398,-0.5714286
0.5077703,-0.5714286
0.5082473,-0.5714286
0.5013759,-0.5714286
0.50506145,-0.5714286
0.511511,-0.5714286
0.5106388,-0.5714286
0.5072112,-0.5714286
0.5077068,-0.5714286
0.50656843,-0.5714286
0.4766953,-0.5714286
-0.2929607,-0.5714286
-0.29478502,-0.5714286
-0.29318184,-0.5714286
-0.29386568,-0.5714286
-0.29400492,-0.5714286
-0.29199424,-0.5714286
-0.29222357,-0.5714286
-0.29235464,-0.5714286
-0.29168305,-0.5714286
-0.29373056,-0.5714286
-0.2936118,-0.5714286
-0.2951351,-0.5714286
-0.29405403,-0.5714286
-0.29404587,-0.5714286
-0.29414412,-0.5714286
-0.29480344,-0.5714286
-0.29389024,-0.5714286
-0.29362404,-0.5714286
-0.2946683,-0.5714286
-0.29476658,-0.5714286
-0.29560605,-0.5714286
-0.29618347,-0.5714286
-0.29423425,-0.5714286
-0.29507372,-0.5714286
-0.2950778,-0.5714286
-0.2960934,-0.5714286
-0.29602787,-0.5714286
-0.29711303,-0.5714286
-0.2960975,-0.5714286
-0.29158473,-0.5714286
-0.2958067,-0.5714286
-0.29452088,-0.5714286
-0.29291973,-0.5714286
-0.29646188,-0.5714286
-0.2964906,-0.5714286
-0.29722974,-0.5714286
-0.29625714,-0.5714286
-0.29740378,-0.5714286
-0.29563063,-0.5714286
-0.2963677,-0.5714286
-0.29579237,-0.5714286
-0.29461914,-0.5714286
-0.29596233,-0.5714286
-0.29551598,-0.5714286
-0.2959337,-0.5714286
-0.29421988,-0.5714286
-0.2966421,-0.5714286
-0.29637593,-0.5714286
-0.2941646,-0.5714286
-0.29519653,-0.5714286
-0.2960893,-0.5714286
-0.2973546,-0.5714286
-0.29665437,-0.5714286
-0.29773137,-0.5714286
-0.29408273,-0.5714286
-0.2938452,-0.5714286
-0.29306304,-0.5714286
-0.2938575,-0.5714286
-0.29354626,-0.5714286
-0.29449633,-0.5714286
-0.29293615,-0.5714286
-0.29351965,-0.5714286
-0.2937838,-0.5714286
-0.29414412,-0.5714286
-0.2943919,-0.5714286
-0.29395577,-0.5714286
-0.2950246,-0.5714286
-0.30487716,-0.5714286
-0.31005734,-0.5714286
-0.310258,-0.5714286
-0.31075758,-0.5714286
-0.3090909,-0.5714286
-0.31025797,-0.5714286
-0.3120516,-0.5714286
-0.31218672,-0.5714286
-0.30831286,-0.5714286
-0.30691645,-0.5714286
-0.307715,-0.5714286
-0.31144348,-0.5714286
-0.31149876,-0.5714286
-0.31155202,-0.5714286
-0.31191236,-0.5714286
-0.31210485,-0.5714286
-0.31183046,-0.5714286
-0.31080672,-0.5714286
-0.31066748,-0.5714286
-0.30822277,-0.5714286
-0.30997136,-0.5714286
-0.3127232,-0.5714286
-0.31373465,-0.5714286
-0.3092506,-0.5714286
-0.30914828,-0.5714286
-0.31112614,-0.5714286
-0.31120393,-0.5714286
-0.31212124,-0.5714286
-0.30973586,-0.5714286
-0.31130224,-0.5714286
-0.31071252,-0.5714286
-0.31130838,-0.5714286
-0.31104013,-0.5714286
-0.3119779,-0.5714286
-0.31459048,-0.5714286
-0.31567568,-0.5714286
-0.31366095,-0.5714286
-0.3133456,-0.5714286
-0.31224817,-0.5714286
-0.31266585,-0.5714286
-0.31396803,-0.5714286
-0.4151904,-0.5714286
-0.4469001,-0.5714286
-0.44775185,-0.5714286
-0.44757575,-0.5714286
-0.44800982,-0.5714286
-0.44818592,-0.5714286
-0.44522935,-0.5714286
-0.44821048,-0.5714286
-0.44857496,-0.5714286
-0.4439681,-0.5714286
-0.43009213,-0.5714286
-0.42479524,-0.5714286
-0.43332922,-0.5714286
-0.4405528,-0.5714286
-0.43855035,-0.5714286
-0.43857086,-0.5714286
-0.43812454,-0.5714286
-0.4388862,-0.5714286
-0.43883905,-0.5714286
-0.43649465,-0.5714286
-0.43704545,-0.5714286
-0.436163,-0.5714286
-0.43735462,-0.5714286
-0.43670353,-0.5714286
-0.43679973,-0.5714286
-0.43670148,-0.5714286
-0.43620393,-0.5714286
-0.43647417,-0.5714286
-0.4357617,-0.5714286
-0.4357535,-0.5714286
-0.43607494,-0.5714286
-0.43722767,-0.5714286
-0.43619576,-0.5714286
-0.43673217,-0.5714286
-0.43749386,-0.5714286
-0.4359275,-0.5714286
-0.43625304,-0.5714286
-0.43628994,-0.5714286
-0.43681818,-0.5714286
-0.4367076,-0.5714286
-0.43728504,-0.5714286
-0.43723178,-0.5714286
-0.4371949,-0.5714286
-0.4375225,-0.5714286
-0.4378542,-0.5714286
-0.43661547,-0.5714286
-0.43561834,-0.5714286
-0.43536037,-0.5714286
-0.43535215,-0.5714286
-0.43535626,-0.5714286
-0.43534398,-0.5714286
-0.43494266,-0.5714286
-0.43423012,-0.5714286
-0.4342547,-0.5714286
-0.43373877,-0.5714286
-0.4347543,-0.5714286
-0.43671584,-0.5714286
-0.43651515,-0.5714286
-0.43724817,-0.5714286
-0.4377314,-0.5714286
-0.4381511,-0.5714286
-0.4380221,-0.5714286
-0.43693283,-0.5714286
-0.43701476,-0.5714286
-0.43604836,-0.5714286
-0.43635136,-0.5714286
-0.43524566,-0.5714286
-0.4371376,-0.5714286
-0.43709663,-0.5714286
-0.4367158,-0.5714286
-0.43736488,-0.5714286
-0.43756756,-0.5714286
-0.4369656,-0.5714286
-0.44555283,-0.5714286
-0.44575346,-0.5714286
-0.44624078,-0.5714286
-0.44685093,-0.5714286
-0.4465172,-0.5714286
-0.44657248,-0.5714286
-0.44664004,-0.5714286
-0.44637185,-0.5714286
-0.4469779,-0.5714286
-0.4467445,-0.5714286
-0.44608107,-0.5714286
-0.44625306,-0.5714286
-0.44503072,-0.5714286
-0.44542384,-0.5714286
-0.44366094,-0.5714286
-0.4445536,-0.5714286
-0.44421375,-0.5714286
-0.4441155,-0.5714286
-0.4435995,-0.5714286
-0.4435217,-0.5714286
-0.44369778,-0.5714286
-0.44378376,-0.5714286
-0.4439312,-0.5714286
-0.4435913,-0.5714286
-0.4477764,-0.5714286
-0.44666255,-0.5714286
-0.44563884,-0.5714286
-0.44547093,-0.5714286
-0.4456716,-0.5714286
-0.44480345,-0.5714286
-0.4447011,-0.5714286
-0.4471376,-0.5714286
-0.44564295,-0.5714286
-0.4473997,-0.5714286
-0.4472277,-0.5714286
-0.44733003,-0.5714286
-0.44743857,-0.5714286
-0.4470209,-0.5714286
-0.44749388,-0.5714286
-0.4470229,-0.5714286
-0.44619572,-0.5714286
-0.44631448,-0.5714286
-0.44846436,-0.5714286
-0.44858724,-0.5714286
-0.4483661,-0.5714286
-0.44877964,-0.5714286
-0.44748157,-0.5714286
-0.44662574,-0.5714286
-0.44757372,-0.5714286
-0.44823095,-0.5714286
-0.44818798,-0.5714286
-0.44699633,-0.5714286
-0.44729117,-0.5714286
-0.44681206,-0.5714286
-0.4465848,-0.5714286
-0.44658068,-0.5714286
-0.44734645,-0.5714286
-0.446898,-0.5714286
-0.446122,-0.5714286
-0.4474734,-0.5714286
-0.44750002,-0.5714286
-0.4469615,-0.5714286
-0.44566342,-0.5714286
-0.445387,-0.5714286
-0.4463186,-0.5714286
-0.4467322,-0.5714286
-0.4466339,-0.5714286
-0.44725227,-0.5714286
-0.44701475,-0.5714286
-0.4470475,-0.5714286
-0.4469963,-0.5714286
-0.4474734,-0.5714286
-0.44671375,-0.5714286
-0.44695947,-0.5714286
-0.44729117,-0.5714286
-0.44637185,-0.5714286
-0.44493857,-0.5714286
-0.4468243,-0.5714286
-0.44726044,-0.5714286
-0.44661754,-0.5714286
-0.4475307,-0.5714286
-0.44744882,-0.5714286
-0.44635138,-0.5714286
-0.44643733,-0.5714286
-0.44565517,-0.5714286
-0.4454955,-0.5714286
-0.44692257,-0.5714286
-0.4464435,-0.5714286
-0.44487715,-0.5714286
-0.4448444,-0.5714286
-0.4449017,-0.5714286
-0.44478297,-0.5714286
-0.44158882,-0.5714286
-0.42527026,-0.5714286
-0.43222362,-0.5714286
-0.43498772,-0.5714286
-0.4363268,-0.5714286
-0.43891892,-0.5714286
-0.44023338,-0.5714286
-0.44062248,-0.5714286
-0.43759215,-0.5714286
-0.4336671,-0.5714286
-0.44012693,-0.5714286
-0.43814498,-0.5714286
-0.42636365,-0.5714286
-0.42929363,-0.5714286
-0.42698202,-0.5714286
-0.43151104,-0.5714286
-0.43200654,-0.5714286
-0.43335792,-0.5714286
-0.42867938,-0.5714286
-0.42741403,-0.5714286
-0.4291196,-0.5714286
-0.42257982,-0.5714286
-0.43044227,-0.5714286
-0.4280262,-0.5714286
-0.42874694,-0.5714286
-0.43789312,-0.5714286
-0.42973384,-0.5714286
-0.43279693,-0.5714286
-0.4399959,-0.5714286
-0.43340293,-0.5714286
-0.43007985,-0.5714286
-0.43691236,-0.5714286
-0.4402334,-0.5714286
-0.44104835,-0.5714286
-0.44053647,-0.5714286
-0.43909088,-0.5714286
-0.43873054,-0.5714286
-0.4387162,-0.5714286
-0.4388022,-0.5714286
-0.43962738,-0.5714286
-0.43829852,-0.5714286
-0.4373526,-0.5714286
-0.43930385,-0.5714286
-0.43950862,-0.5714286
-0.43957,-0.5714286
-0.4391462,-0.5714286
-0.43903765,-0.5714286
-0.43935302,-0.5714286
-0.4386077,-0.5714286
-0.438706,-0.5714286
-0.4388636,-0.5714286
-0.43896806,-0.5714286
-0.4390049,-0.5714286
-0.4393735,-0.5714286
-0.43898854,-0.5714286
-0.4347973,-0.5714286
-0.43758398,-0.5714286
-0.43882066,-0.5714286
-0.44094592,-0.5714286
-0.44076577,-0.5714286
-0.43954545,-0.5714286
-0.4378051,-0.5714286
-0.4395393,-0.5714286
-0.43780097,-0.5714286
-0.43921378,-0.5714286
-0.43944308,-0.5714286
-0.4394922,-0.5714286
-0.43944106,-0.5714286
-0.43899262,-0.5714286
-0.44019243,-0.5714286
-0.44003272,-0.5714286
-0.43781328,-0.5714286
-0.44013515,-0.5714286
-0.43998772,-0.5714286
-0.43959463,-0.5714286
-0.43975434,-0.5714286
-0.43948403,-0.5714286
-0.43943492,-0.5714286
-0.4395209,-0.5714286
-0.4397359,-0.5714286
-0.4396028,-0.5714286
-0.4400737,-0.5714286
-0.43967238,-0.5714286
-0.439914,-0.5714286
-0.44012287,-0.5714286
-0.44014335,-0.5714286
-0.44003272,-0.5714286
-0.44024163,-0.5714286
-0.4400287,-0.5714286
-0.43980345,-0.5714286
-0.43929154,-0.5714286
-0.43963143,-0.5714286
-0.4390827,-0.5714286
-0.43718058,-0.5714286
-0.4376904,-0.5714286
-0.4368428,-0.5714286
-0.43567157,-0.5714286
-0.43594593,-0.5714286
-0.43554464,-0.5714286
-0.4357248,-0.5714286
-0.43604422,-0.5714286
-0.4360524,-0.5714286
-0.43794224,-0.5714286
-0.4399959,-0.5714286
-0.43893117,-0.5714286
-0.43992627,-0.5714286
-0.43955368,-0.5714286
-0.44008598,-0.5714286
-0.43972358,-0.5714286
-0.437973,-0.5714286
-0.43985668,-0.5714286
-0.44014743,-0.5714286
-0.44015968,-0.5714286
-0.44003272,-0.5714286
-0.43981162,-0.5714286
-0.4398321,-0.5714286
-0.43991405,-0.5714286
-0.43961096,-0.5714286
-0.4398485,-0.5714286
-0.4400061,-0.5714286
-0.439527,-0.5714286
-0.43993038,-0.5714286
-0.43982804,-0.5714286
-0.43889436,-0.5714286
-0.43985257,-0.5714286
-0.43995902,-0.5714286
-0.440129,-0.5714286
-0.43897623,-0.5714286
-0.4393366,-0.5714286
-0.43905813,-0.5714286
-0.43848488,-0.5714286
-0.43872234,-0.5714286
-0.43092546,-0.5714286
-0.4209992,-0.5714286
-0.41411552,-0.5714286
-0.4217609,-0.5714286
-0.42970517,-0.5714286
-0.43045044,-0.5714286
-0.43046677,-0.5714286
-0.4300819,-0.5714286
-0.4267731,-0.5714286
-0.43015358,-0.5714286
-0.42976046,-0.5714286
-0.4307617,-0.5714286
-0.43075755,-0.5714286
-0.43101144,-0.5714286
-0.4309951,-0.5714286
-0.43100122,-0.5714286
-0.4310524,-0.5714286
-0.43037674,-0.5714286
-0.43093774,-0.5714286
-0.43000406,-0.5714286
-0.43063062,-0.5714286
-0.4304996,-0.5714286
-0.43062246,-0.5714286
-0.43062246,-0.5714286
-0.4303522,-0.5714286
-0.42771494,-0.5714286
-0.42975432,-0.5714286
-0.43088862,-0.5714286
-0.43109745,-0.5714286
-0.43034396,-0.5714286
-0.43093362,-0.5714286
-0.43079445,-0.5714286
-0.43050984,-0.5714286
-0.4305815,-0.5714286
-0.4303112,-0.5714286
-0.43061426,-0.5714286
-0.43045044,-0.5714286
-0.43052828,-0.5714286
-0.4297666,-0.5714286
-0.42988327,-0.5714286
-0.42830467,-0.5714286
-0.43047503,-0.5714286
-0.43011057,-0.5714286
-0.43000004,-0.5714286
-0.43044227,-0.5714286
-0.42940626,-0.5714286
-0.43102786,-0.5714286
-0.4311876,-0.5714286
-0.43059784,-0.5714286
-0.4310811,-0.5714286
-0.43132675,-0.5714286
-0.43155614,-0.5714286
-0.43149877,-0.5714286
-0.42808968,-0.5714286
-0.4309214,-0.5714286
-0.43028256,-0.5714286
-0.42929977,-0.5714286
-0.42849305,-0.5714286
-0.42915237,-0.5714286
-0.4292056,-0.5714286
-0.4292547,-0.5714286
-0.4292424,-0.5714286
-0.42917687,-0.5714286
-0.42778462,-0.5714286
-0.4287162,-0.5714286
-0.43047297,-0.5714286
-0.43140045,-0.5714286
-0.43015355,-0.5714286
-0.43072075,-0.5714286
-0.43101963,-0.5714286
-0.43100327,-0.5714286
-0.43113023,-0.5714286
-0.4311753,-0.5714286
-0.43158478,-0.5714286
-0.4315889,-0.5714286
-0.43122852,-0.5714286
-0.43047503,-0.5714286
-0.43054873,-0.5714286
-0.43005326,-0.5714286
-0.43116298,-0.5714286
-0.43109745,-0.5714286
-0.4304709,-0.5714286
-0.43091726,-0.5714286
-0.43077397,-0.5714286
-0.43116707,-0.5714286
-0.4313309,-0.5714286
-0.43091726,-0.5714286
-0.43115482,-0.5714286
-0.43113023,-0.5714286
-0.43146193,-0.5714286
-0.085675664,-0.5714286
0.96286243,-0.5714286
0.95779485,-0.5714286
0.9540704,-0.5714286
0.9533169,-0.5714286
0.95116305,-0.5714286
0.94976044,-0.5714286
0.9473424,-0.5714286
0.94652945,-0.5714286
0.9457985,-0.5714286
0.9438247,-0.5714286
0.94471747,-0.5714286
0.9392342,-0.5714286
0.9550081,-0.5714286
0.9392343,-0.5714286
0.9327274,-0.5714286
0.93888205,-0.5714286
0.92564285,-0.5714286
-0.20252249,-0.5714286
-0.4310319,-0.5714286
-0.4301556,-0.5714286
-0.42858723,-0.5714286
-0.43032557,-0.5714286
-0.43046275,-0.5714286
-0.4299959,-0.5714286
-0.42693695,-0.5714286
-0.42298937,-0.5714286
-0.4292424,-0.5714286
-0.42832103,-0.5714286
-0.42936116,-0.5714286
-0.42581898,-0.5714286
-0.42959046,-0.5714286
-0.4302457,-0.5714286
-0.43030304,-0.5714286
-0.40536857,-0.5714286
-0.3835504,-0.5714286
-0.38359952,-0.5714286
-0.38352168,-0.5714286
-0.3831491,-0.5714286
-0.38208848,-0.5714286
-0.38011464,-0.5714286
-0.3817731,-0.5714286
-0.3817977,-0.5714286
-0.38110566,-0.5714286
-0.3809132,-0.5714286
-0.38082722,-0.5714286
-0.38061014,-0.5714286
-0.3800942,-0.5714286
-0.38011464,-0.5714286
-0.37990785,-0.5714286
-0.3797297,-0.5714286
-0.378489,-0.5714286
-0.38,-0.5714286
-0.37961504,-0.5714286
-0.37877968,-0.5714286
-0.37646604,-0.5714286
-0.37965193,-0.5714286
-0.37960687,-0.5714286
-0.3793489,-0.5714286
-0.37916464,-0.5714286
-0.37951684,-0.5714286
-0.3793059,-0.5714286
-0.37894756,-0.5714286
-0.37791568,-0.5714286
-0.379656,-0.5714286
-0.37891075,-0.5714286
-0.37906635,-0.5714286
-0.37757164,-0.5714286
-0.37945533,-0.5714286
-0.3794144,-0.5714286
-0.37893528,-0.5714286
-0.37963966,-0.5714286
-0.37979114,-0.5714286
0.8912367,-0.5714286
0.99187964,-0.5714286
0.3639599,-0.5714286
-0.38812855,-0.5714286
-0.3877109,-0.5714286
-0.38846436,-0.5714286
-0.38633904,-0.5714286
-0.3878706,-0.5714286
-0.3863698,-0.5714286
-0.3860872,-0.5714286
-0.3865029,-0.5714286
-0.3863268,-0.5714286
-0.38601556,-0.5714286
-0.38641274,-0.5714286
-0.38713145,-0.5714286
-0.38683048,-0.5714286
-0.38483417,-0.5714286
-0.38716623,-0.5714286
-0.38857904,-0.5714286
-0.3882555,-0.5714286
-0.3878419,-0.5714286
-0.3882555,-0.5714286
-0.38849303,-0.5714286
-0.38789925,-0.5714286
-0.38794225,-0.5714286
-0.38781738,-0.5714286
-0.38773954,-0.5714286
-0.38760445,-0.5714286
-0.38801804,-0.5714286
-0.386638,-0.5714286
-0.38812038,-0.5714286
-0.38818997,-0.5714286
-0.3882801,-0.5714286
-0.38848895,-0.5714286
-0.38875106,-0.5714286
-0.3882494,-0.5714286
-0.3878194,-0.5714286
-0.13846849,-0.5714286
0.9890008,-0.5714286
0.9796561,-0.5714286
-0.38823098,-0.5714286
-0.3882494,-0.5714286
-0.38889846,-0.5714286
-0.38864863,-0.5714286
-0.3865684,-0.5714286
-0.3888022,-0.5714286
-0.38861182,-0.5714286
-0.38846028,-0.5714286
-0.387844,-0.5714286
-0.3882801,-0.5714286
-0.38859135,-0.5714286
-0.38799343,-0.5714286
-0.41396192,-0.5714286
-0.43997544,-0.5714286
0.18059583,-0.5714286
-0.29489762,-0.5714286
-0.28652334,-0.5714286
-0.28292385,-0.5714286
-0.28153974,-0.5714286
-0.28095004,-0.5714286
-0.28017202,-0.5714286
-0.2805344,-0.5714286
-0.28169945,-0.5714286
-0.2827457,-0.5714286
-0.28330466,-0.5714286
0.3370209,-0.5714286
1.091904,-0.5714286
1.0862818,-0.5714286
1.0799078,-0.5714286
0.14109342,-0.5714286
-0.2869902,-0.5714286
-0.28823504,-0.5714286
-0.2889926,-0.5714286
-0.28959048,-0.5714286
-0.29042587,-0.5714286
-0.29156017,-0.5714286
-0.29390663,-0.5714286
-0.2935995,-0.5714286
1.0854669,-0.5714286
1.0786487,-0.5714286
1.0775676,-0.5714286
1.0755036,-0.5714286
1.0719123,-0.5714286
0.14457826,-0.5714286
-0.29536858,-0.5714286
-0.29642507,-0.5714286
-0.29649878,-0.5714286
-0.29703933,-0.5714286
-0.2974447,-0.5714286
-0.2977273,-0.5714286
0.83564705,-0.5714286
1.0785586,-0.5714286
1.0732555,-0.5714286
1.0716339,-0.5714286
1.0714618,-0.5714286
0.6117445,-0.5714286
-0.30147418,-0.5714286
-0.30092958,-0.5714286
-0.3014537,-0.5714286
1.0517771,-0.5714286
1.0718552,-0.5714286
1.07319,-0.5714286
1.068403,-0.5714286
1.064955,-0.5714286
1.0641768,-0.5714286
1.0614866,-0.5714286
0.10956598,-0.5714286
-0.30227885,-0.5714286
-0.30214986,-0.5714286
-0.3028624,-0.5714286
-0.30297706,-0.5714286
0.13573296,-0.5714286
1.0755365,-0.5714286
1.0715398,-0.5714286
1.0707413,-0.5714286
1.0712613,-0.5714286
1.0667446,-0.5714286
-0.123259634,-0.5714286
-0.30244473,-0.5714286
-0.30230957,-0.5714286
-0.3018755,-0.5714286
0.12740384,-0.5714286
1.079134,-0.5714286
1.0764086,-0.5714286
1.0861589,-0.5714286
1.0907943,-0.5714286
0.8056266,-0.5714286
-0.29436526,-0.5714286
-0.29396808,-0.5714286
-0.2937715,-0.5714286
-0.2940254,-0.5714286
0.16232592,-0.5714286
1.0824386,-0.5714286
1.078542,-0.5714286
1.074613,-0.5714286
0.92207223,-0.5714286
-0.2937776,-0.5714286
-0.2933661,-0.5714286
-0.29304257,-0.5714286
-0.2942916,-0.5714286
0.9693284,-0.5714286
1.0771375,-0.5714286
1.0747542,-0.5714286
1.07086,-0.5714286
0.12992218,-0.5714286
-0.2950553,-0.5714286
-0.048992634,-0.5714286
-0.29276413,-0.5714286
-0.30752662,-0.5714286
-0.3087715,-0.5714286
-0.3086814,-0.5714286
-0.30896398,-0.5714286
-0.30965602,-0.5714286
-0.30985665,-0.5714286
-0.30977476,-0.5714286
-0.31061837,-0.5714286
-0.3102641,-0.5714286
-0.310475,-0.5714286
-0.31043816,-0.5714286
-0.31004506,-0.5714286
-0.30941644,-0.5714286
-0.309957,-0.5714286
-0.3101761,-0.5714286
-0.31015155,-0.5714286
-0.31149876,-0.5714286
-0.31041768,-0.5714286
-0.3109275,-0.5714286
-0.31164622,-0.5714286
-0.31057125,-0.5714286
-0.31149882,-0.5714286
-0.31186116,-0.5714286
-0.31093776,-0.5714286
-0.31128582,-0.5714286
-0.31035626,-0.5714286
-0.30934894,-0.5714286
-0.31039312,-0.5714286
-0.15166667,-0.5714286
1.064312,-0.5714286
1.057502,-0.5714286
1.0528665,-0.5714286
0.2633538,-0.5714286
-0.31218672,-0.5714286
-0.31185505,-0.5714286
-0.3114312,-0.5714286
-0.31141275,-0.5714286
-0.31126535,-0.5714286
-0.31159702,-0.5714286
-0.3107617,-0.5714286
-0.31165847,-0.5714286
-0.3120516,-0.5714286
-0.31133905,-0.5714286
-0.31060606,-0.5714286
-0.31002456,-0.5714286
-0.31091526,-0.5714286
-0.31078213,-0.5714286
-0.31106266,-0.5714286
-0.31099507,-0.5714286
-0.31100738,-0.5714286
-0.3113882,-0.5714286
-0.31192875,-0.5714286
0.12031124,-0.5714286
1.0573628,-0.5714286
1.0535504,-0.5714286
-0.31092137,-0.5714286
-0.31148648,-0.5714286
-0.31133905,-0.5714286
-0.3111343,-0.5714286
-0.31200245,-0.5714286
-0.312414,-0.5714286
-0.31292796,-0.5714286
-0.31191644,-0.5714286
-0.31169534,-0.5714286
-0.3121417,-0.5714286
-0.3130139,-0.5714286
-0.31288698,-0.5714286
-0.3127068,-0.5714286
-0.31234235,-0.5714286
-0.31134313,-0.5714286
-0.31101146,-0.5714286
-0.31077805,-0.5714286
0.33041367,-0.5714286
1.0541073,-0.5714286
1.0510074,-0.5714286
-0.1815049,-0.5714286
-0.31175265,-0.5714286
-0.31167075,-0.5714286
-0.3116134,-0.5714286
-0.3135258,-0.5714286
-0.31415647,-0.5714286
-0.314439,-0.5714286
-0.3150901,-0.5714286
-0.31405815,-0.5714286
-0.31392506,-0.5714286
-0.31455365,-0.5714286
-0.31475842,-0.5714286
0.4924488,-0.5714286
0.073366135,-0.5714286
-0.3139435,-0.5714286
-0.31367323,-0.5714286
-0.31437346,-0.5714286
-0.31457,-0.5714286
-0.31278056,-0.5714286
-0.3142322,-0.5714286
-0.31424242,-0.5714286
-0.3131695,-0.5714286
-0.3139865,-0.5714286
-0.31443486,-0.5714286
-0.31346437,-0.5714286
-0.30398032,-0.5714286
-0.29374287,-0.5714286
-0.29804668,-0.5714286
-0.38330874,-0.5714286
-0.43239966,-0.5714286
-0.43202296,-0.5714286
-0.43280098,-0.5714286
-0.43259624,-0.5714286
-0.39740372,-0.5714286
-0.38505527,-0.5714286
-0.3850573,-0.5714286
-0.3851679,-0.5714286
-0.3821253,-0.5714286
-0.384267,-0.5714286
-0.38385752,-0.5714286
-0.38173628,-0.5714286
-0.3827887,-0.5714286
-0.38300574,-0.5714286
-0.38127148,-0.5714286
-0.3823096,-0.5714286
-0.38169938,-0.5714286
-0.38048732,-0.5714286
-0.3812285,-0.5714286
-0.38022524,-0.5714286
-0.38070026,-0.5714286
-0.3800491,-0.5714286
-0.37853396,-0.5714286
-0.37822685,-0.5714286
-0.37897417,-0.5714286
-0.37899262,-0.5714286
-0.37860364,-0.5714286
-0.37782553,-0.5714286
-0.37900898,-0.5714286
-0.37854424,-0.5714286
-0.3785135,-0.5714286
-0.3798096,-0.5714286
-0.38094187,-0.5714286
-0.3808047,-0.5714286
-0.380473,-0.5714286
-0.38092956,-0.5714286
-0.3809828,-0.5714286
-0.38124081,-0.5714286
-0.38154793,-0.5714286
-0.38175675,-0.5714286
-0.38170764,-0.5714286
-0.38134727,-0.5714286
-0.38132682,-0.5714286
-0.3818591,-0.5714286
-0.38180587,-0.5714286
-0.38161346,-0.5714286
-0.3810074,-0.5714286
-0.38135132,-0.5714286
-0.38090092,-0.5714286
-0.38053644,-0.5714286
-0.3811671,-0.5714286
-0.38091725,-0.5714286
-0.3811671,-0.5714286
-0.3820639,-0.5714286
-0.3817117,-0.5714286
-0.38147828,-0.5714286
-0.38109744,-0.5714286
-0.38017812,-0.5714286
-0.38017607,-0.5714286
-0.3799754,-0.5714286
-0.37946558,-0.5714286
-0.37990785,-0.5714286
-0.3796724,-0.5714286
-0.3801597,-0.5714286
-0.3800123,-0.5714286
-0.37994677,-0.5714286
-0.3799754,-0.5714286
-0.38055897,-0.5714286
-0.380172,-0.5714286
-0.37988123,-0.5714286
-0.3802048,-0.5714286
-0.37957615,-0.5714286
-0.37991402,-0.5714286
-0.37961504,-0.5714286
-0.39692873,-0.5714286
-0.42998773,-0.5714286
-0.42990988,-0.5714286
-0.42999387,-0.5714286
-0.4301515,-0.5714286
-0.4301556,-0.5714286
-0.43010238,-0.5714286
-0.43007985,-0.5714286
-0.4304177,-0.5714286
-0.43052414,-0.5714286
-0.42967242,-0.5714286
-0.43030715,-0.5714286
-0.42945948,-0.5714286
-0.42813268,-0.5714286
-0.42938983,-0.5714286
-0.42937347,-0.5714286
-0.39264125,-0.5714286
-0.3820557,-0.5714286
-0.37984848,-0.5714286
-0.38077396,-0.5714286
-0.38072073,-0.5714286
-0.38154793,-0.5714286
-0.379828,-0.5714286
-0.3802416,-0.5714286
-0.3800573,-0.5714286
-0.37897417,-0.5714286
-0.3786732,-0.5714286
-0.37881657,-0.5714286
-0.3785381,-0.5714286
-0.3777887,-0.5714286
-0.36546066,-0.5714286
-0.36258805,-0.5714286
-0.37231776,-0.5714286
-0.42479116,-0.5714286
-0.3867117,-0.5714286
-0.3725184,-0.5714286
-0.37390256,-0.5714286
-0.37357903,-0.5714286
-0.37363023,-0.5714286
-0.4048157,-0.5714286
-0.42596644,-0.5714286
-0.42610973,-0.5714286
-0.42646194,-0.5714286
-0.42616704,-0.5714286
-0.4234439,-0.5714286
-0.42291155,-0.5714286
-0.4187961,-0.5714286
-0.4130897,-0.5714286
-0.41511464,-0.5714286
-0.41954133,-0.5714286
-0.42264125,-0.5714286
-0.4266871,-0.5714286
-0.42695332,-0.5714286
-0.427457,-0.5714286
-0.42726043,-0.5714286
-0.43023345,-0.5714286
-0.42969695,-0.5714286
-0.43078628,-0.5714286
-0.42920145,-0.5714286
-0.43075553,-0.5714286
-0.43064705,-0.5714286
-0.4308354,-0.5714286
-0.43041363,-0.5714286
-0.42977887,-0.5714286
-0.43066955,-0.5714286
-0.4302129,-0.5714286
-0.43046072,-0.5714286
-0.4303399,-0.5714286
-0.43000406,-0.5714286
-0.43032348,-0.5714286
-0.42974612,-0.5714286
-0.4302293,-0.5714286
-0.43048733,-0.5714286
-0.4300246,-0.5714286
-0.43055692,-0.5714286
-0.43006548,-0.5714286
-0.43031326,-0.5714286
-0.43023345,-0.5714286
-0.43020886,-0.5714286
-0.43059582,-0.5714286
-0.43044227,-0.5714286
-0.430129,-0.5714286
-0.43060604,-0.5714286
-0.43001842,-0.5714286
-0.42840704,-0.5714286
-0.43021297,-0.5714286
-0.429095,-0.5714286
-0.42983416,-0.5714286
-0.42931208,-0.5714286
-0.43040544,-0.5714286
-0.4304791,-0.5714286
-0.42950246,-0.5714286
-0.42897218,-0.5714286
-0.42975432,-0.5714286
-0.4295455,-0.5714286
-0.42975837,-0.5714286
-0.42983618,-0.5714286
-0.43131453,-0.5714286
-0.4307248,-0.5714286
-0.43036857,-0.5714286
-0.4284828,-0.5714286
-0.42872646,-0.5714286
-0.42899266,-0.5714286
-0.4290827,-0.5714286
-0.42869782,-0.5714286
-0.42890665,-0.5714286
-0.4281859,-0.5714286
-0.42856267,-0.5714286
-0.42851764,-0.5714286
-0.43010238,-0.5714286
-0.43054056,-0.5714286
-0.43062037,-0.5714286
-0.4297748,-0.5714286
-0.4303112,-0.5714286
-0.43133295,-0.5714286
-0.42952502,-0.5714286
-0.4306061,-0.5714286
-0.4303624,-0.5714286
-0.43054056,-0.5714286
-0.4310524,-0.5714286
-0.43087837,-0.5714286
-0.43117934,-0.5714286
-0.43117934,-0.5714286
-0.43078008,-0.5714286
-0.43088862,-0.5714286
-0.4308845,-0.5714286
-0.43111178,-0.5714286
-0.43006143,-0.5714286
-0.43123257,-0.5714286
-0.4310524,-0.5714286
-0.43142506,-0.5714286
-0.43121624,-0.5714286
-0.43130627,-0.5714286
-0.4309091,-0.5714286
-0.4303726,-0.5714286
-0.4304791,-0.5714286
-0.43050367,-0.5714286
-0.4297379,-0.5714286
-0.42859134,-0.5714286
-0.4292383,-0.5714286
-0.42903358,-0.5714286
-0.42928746,-0.5714286
-0.42932025,-0.5714286
-0.42883697,-0.5714286
-0.42818794,-0.5714286
-0.42821252,-0.5714286
-0.4284521,-0.5714286
-0.42814085,-0.5714286
-0.42938983,-0.5714286
-0.42968675,-0.5714286
-0.4295577,-0.5714286
-0.42979524,-0.5714286
-0.43001226,-0.5714286
-0.43116298,-0.5714286
-0.43075353,-0.5714286
-0.43079445,-0.5714286
-0.43078217,-0.5714286
-0.4295209,-0.5714286
-0.42936116,-0.5714286
-0.42951676,-0.5714286
-0.42929566,-0.5714286
-0.4307494,-0.5714286
-0.42918304,-0.5714286
-0.4296376,-0.5714286
-0.42955366,-0.5714286
-0.43032348,-0.5714286
-0.42895576,-0.5714286
-0.43087634,-0.5714286
-0.43071663,-0.5714286
-0.43022728,-0.5714286
-0.4308108,-0.5714286
-0.4312613,-0.5714286
-0.43106055,-0.5714286
-0.42984444,-0.5714286
-0.43040538,-0.5714286
-0.43022725,-0.5714286
-0.42999178,-0.5714286
-0.43074122,-0.5714286
-0.43027842,-0.5714286
-0.43052414,-0.5714286
-0.43040133,-0.5714286
-0.43084356,-0.5714286
-0.43082723,-0.5714286
-0.43119162,-0.5714286
-0.4310524,-0.5714286
-0.43013513,-0.5714286
-0.4308538,-0.5714286
-0.43088862,-0.5714286
-0.43104422,-0.5714286
-0.42945537,-0.5714286
-0.43040544,-0.5714286
-0.43080264,-0.5714286
-0.4307125,-0.5714286
-0.43123668,-0.5714286
-0.43128994,-0.5714286
-0.43175676,-0.5714286
-0.43058968,-0.5714286
-0.43131453,-0.5714286
-0.43135133,-0.5714286
-0.43130627,-0.5714286
-0.43148646,-0.5714286
-0.43079445,-0.5714286
-0.43197176,-0.5714286
-0.44511056,-0.5714286
-0.44563884,-0.5714286
-0.44489557,-0.5714286
-0.4442875,-0.5714286
-0.4448157,-0.5714286
-0.44617936,-0.5714286
-0.44593364,-0.5714286
-0.4457944,-0.5714286
-0.44523954,-0.5714286
-0.4456204,-0.5714286
-0.44584763,-0.5714286
-0.44588858,-0.5714286
-0.45311424,-0.5714286
-0.45311424,-0.5714286
-0.453276,-0.5714286
-0.45339066,-0.5714286
-0.4537224,-0.5714286
-0.45398855,-0.5714286
-0.4537592,-0.5714286
-0.45421377,-0.5714286
-0.4535422,-0.5714286
-0.45377764,-0.5714286
-0.4536896,-0.5714286
-0.45359543,-0.5714286
-0.45373055,-0.5714286
-0.45346025,-0.5714286
-0.45370597,-0.5714286
-0.45342135,-0.5714286
-0.4529566,-0.5714286
-0.4537961,-0.5714286
-0.4538698,-0.5714286
-0.45383906,-0.5714286
-0.45382884,-0.5714286
-0.4540254,-0.5714286
-0.45443082,-0.5714286
-0.45470104,-0.5714286
-0.45547912,-0.5714286
-0.45550984,-0.5714286
-0.45521295,-0.5714286
-0.45421988,-0.5714286
-0.4550696,-0.5714286
-0.45517814,-0.5714286
-0.45442873,-0.5714286
-0.45505324,-0.5714286
-0.4549386,-0.5714286
-0.45489353,-0.5714286
-0.455258,-0.5714286
-0.45419326,-0.5714286
-0.45479733,-0.5714286
-0.4547461,-0.5714286
-0.4551597,-0.5714286
-0.45452085,-0.5714286
-0.45512283,-0.5714286
-0.454914,-0.5714286
-0.45492217,-0.5714286
-0.4542834,-0.5714286
-0.45443082,-0.5714286
-0.45393735,-0.5714286
-0.4545209,-0.5714286
-0.4546478,-0.5714286
-0.4544226,-0.5714286
-0.45474198,-0.5714286
-0.45484442,-0.5714286
-0.455258,-0.5714286
-0.45538083,-0.5714286
-0.45552823,-0.5714286
-0.45484027,-0.5714286
-0.4556224,-0.5714286
-0.45535624,-0.5714286
-0.45485872,-0.5714286
-0.45475024,-0.5714286
-0.45381242,-0.5714286
-0.4543325,-0.5714286
-0.45451474,-0.5714286
-0.45464376,-0.5714286
-0.45511463,-0.5714286
-0.45397422,-0.5714286
-0.45337835,-0.5714286
-0.45539314,-0.5714286
-0.45507783,-0.5714286
-0.45495087,-0.5714286
-0.455389,-0.5714286
-0.45529482,-0.5714286
-0.45539722,-0.5714286
-0.45506552,-0.5714286
-0.45437345,-0.5714286
-0.45461917,-0.5714286
-0.45450246,-0.5714286
-0.4549795,-0.5714286
-0.45533577,-0.5714286
-0.4553153,-0.5714286
-0.45547095,-0.5714286
-0.45539314,-0.5714286
-0.45468673,-0.5714286
-0.4550737,-0.5714286
-0.45519656,-0.5714286
-0.4546601,-0.5714286
-0.45522112,-0.5714286
-0.4548321,-0.5714286
-0.45415646,-0.5714286
-0.45447174,-0.5714286
-0.45115477,-0.5714286
-0.45306718,-0.5714286
-0.45510235,-0.5714286
-0.45423833,-0.5714286
-0.45463145,-0.5714286
-0.4540049,-0.5714286
-0.45242015,-0.5714286
-0.45227274,-0.5714286
-0.45264128,-0.5714286
-0.45224404,-0.5714286
-0.45232803,-0.5714286
-0.4517322,-0.5714286
-0.4520516,-0.5714286
-0.45089066,-0.5714286
-0.45058352,-0.5714286
-0.4520966,-0.5714286
-0.45382065,-0.5714286
-0.45393533,-0.5714286
-0.45385134,-0.5714286
-0.45378792,-0.5714286
-0.4539926,-0.5714286
-0.45423016,-0.5714286
-0.4536118,-0.5714286
-0.45387593,-0.5714286
-0.45421377,-0.5714286
-0.4523464,-0.5714286
-0.4519533,-0.5714286
-0.45210892,-0.5714286
-0.45159093,-0.5714286
-0.45192057,-0.5714286
-0.45166257,-0.5714286
-0.45200244,-0.5714286
-0.45039725,-0.5714286
-0.45015153,-0.5714286
-0.4516462,-0.5714286
-0.45291975,-0.5714286
-0.45264128,-0.5714286
-0.4533497,-0.5714286
-0.4537224,-0.5714286
-0.45405403,-0.5714286
-0.45411956,-0.5714286
-0.4539435,-0.5714286
-0.4536487,-0.5714286
-0.45346436,-0.5714286
-0.4527273,-0.5714286
-0.45276007,-0.5714286
-0.45303443,-0.5714286
-0.4533231,-0.5714286
-0.45376742,-0.5714286
-0.4536282,-0.5714286
-0.45356676,-0.5714286
-0.45410937,-0.5714286
-0.4532924,-0.5714286
-0.452801,-0.5714286
-0.45326373,-0.5714286
-0.45354626,-0.5714286
-0.45355037,-0.5714286
-0.4536036,-0.5714286
-0.4536855,-0.5714286
-0.4541892,-0.5714286
-0.45395985,-0.5714286
-0.45308354,-0.5714286
-0.45378786,-0.5714286
-0.45371622,-0.5714286
-0.45383704,-0.5714286
-0.45342752,-0.5714286
-0.4362326,-0.5714286
-0.42916465,-0.5714286
-0.43733826,-0.5714286
-0.42889845,-0.5714286
-0.42717037,-0.5714286
-0.42556506,-0.5714286
-0.41535014,-0.5714286
-0.42673218,-0.5714286
-0.42805898,-0.5714286
-0.4285217,-0.5714286
-0.42827395,-0.5714286
-0.42835793,-0.5714286
-0.4290213,-0.5714286
-0.44053647,-0.5714286
-0.46431205,-0.5714286
-0.46656427,-0.5714286
-0.4664783,-0.5714286
-0.46630222,-0.5714286
-0.4661425,-0.5714286
-0.46545044,-0.5714286
-0.4653317,-0.5714286
-0.46628174,-0.5714286
-0.46557125,-0.5714286
-0.4656183,-0.5714286
-0.4654361,-0.5714286
-0.4649918,-0.5714286
-0.46554056,-0.5714286
-0.46640053,-0.5714286
-0.4663718,-0.5714286
-0.46644348,-0.5714286
-0.466249,-0.5714286
-0.46638823,-0.5714286
-0.46612617,-0.5714286
-0.465215,-0.5714286
-0.46558967,-0.5714286
-0.46647424,-0.5714286
-0.46628994,-0.5714286
-0.46651515,-0.5714286
-0.46649057,-0.5714286
-0.46678746,-0.5714286
-0.4666749,-0.5714286
-0.4660811,-0.5714286
-0.46612203,-0.5714286
-0.46566337,-0.5714286
-0.46457,-0.5714286
-0.4655446,-0.5714286
-0.43587223,-0.5714286
-0.42549753,-0.5714286
-0.42592958,-0.5714286
-0.4670188,-0.5714286
-0.4667629,-0.5714286
-0.4668837,-0.5714286
-0.46639228,-0.5714286
-0.46572483,-0.5714286
-0.46626946,-0.5714286
-0.4663964,-0.5714286
-0.46613023,-0.5714286
-0.46717036,-0.5714286
-0.46706802,-0.5714286
-0.46602786,-0.5714286
-0.4657985,-0.5714286
-0.46585998,-0.5714286
-0.46551597,-0.5714286
-0.46530098,-0.5714286
-0.4669779,-0.5714286
-0.4672809,-0.5714286
-0.46738735,-0.5714286
-0.4674611,-0.5714286
-0.46732187,-0.5714286
-0.46722358,-0.5714286
-0.46742424,-0.5714286
-0.46731365,-0.5714286
-0.46722975,-0.5714286
-0.46715805,-0.5714286
-0.46703112,-0.5714286
-0.4667854,-0.5714286
-0.46647424,-0.5714286
-0.4669226,-0.5714286
-0.46664006,-0.5714286
-0.4662244,-0.5714286
-0.4665418,-0.5714286
-0.46599096,-0.5714286
-0.46468472,-0.5714286
-0.46711713,-0.5714286
-0.46697173,-0.5714286
-0.46642503,-0.5714286
-0.46658474,-0.5714286
-0.24687959,-0.5714286
-0.2455774,-0.5714286
-0.24506144,-0.5714286
-0.24525185,-0.5714286
-0.24246112,-0.5714286
-0.24405815,-0.5714286
-0.24514744,-0.5714286
0.20961505,-0.5714286
-0.084156424,-0.5714286
-0.07660932,-0.5714286
-0.07456389,-0.5714286
-0.07337221,-0.5714286
-0.07278049,-0.5714286
-0.07279691,-0.5714286
-0.071908265,-0.5714286
-0.073312856,-0.5714286
-0.07298935,-0.5714286
-0.0748198,-0.5714286
-0.0750082,-0.5714286
-0.0760729,-0.5714286
-0.07791974,-0.5714286
-0.079060175,-0.5714286
-0.0791073,-0.5714286
-0.07861587,-0.5714286
-0.08009826,-0.5714286
-0.08137182,-0.5714286
-0.08203931,-0.5714286
-0.08205776,-0.5714286
-0.08389436,-0.5714286
-0.084909916,-0.5714286
-0.084938556,-0.5714286
-0.08725429,-0.5714286
-0.08758395,-0.5714286
-0.08673834,-0.5714286
-0.088751,-0.5714286
-0.08854218,-0.5714286
-0.08910728,-0.5714286
-0.08951473,-0.5714286
-0.09051187,-0.5714286
-0.09090294,-0.5714286
-0.09018016,-0.5714286
-0.090835385,-0.5714286
-0.08776826,-0.5714286
-0.091302186,-0.5714286
-0.09127767,-0.5714286
-0.093187936,-0.5714286
-0.0989005,-0.5714286
-0.09823507,-0.5714286
-0.09997544,-0.5714286
-0.10010242,-0.5714286
-0.10061012,-0.5714286
-0.102586,-0.5714286
-0.09873464,-0.5714286
-0.10079443,-0.5714286
-0.10006961,-0.5714286
-0.099574134,-0.5714286
-0.101160936,-0.5714286
-0.101289906,-0.5714286
-0.101412795,-0.5714286
-0.10059782,-0.5714286
-0.10063884,-0.5714286
-0.10005732,-0.5714286
-0.10069616,-0.5714286
-0.10199631,-0.5714286
-0.099344805,-0.5714286
-0.098581076,-0.5714286
-0.100085996,-0.5714286
-0.099600755,-0.5714286
-0.09968672,-0.5714286
-0.10002459,-0.5714286
-0.099963136,-0.5714286
-0.09975431,-0.5714286
-0.0983907,-0.5714286
-0.10173833,-0.5714286
-0.10061424,-0.5714286
-0.09999587,-0.5714286
-0.099455364,-0.5714286
-0.10047298,-0.5714286
-0.101445526,-0.5714286
-0.100741185,-0.5714286
-0.099999994,-0.5714286
-0.09946564,-0.5714286
-0.10168307,-0.5714286
-0.10353808,-0.5714286
-0.102543,-0.5714286
-0.103175655,-0.5714286
-0.102739565,-0.5714286
-0.10259215,-0.5714286
-0.10344799,-0.5714286
-0.10381656,-0.5714286
-0.103722386,-0.5714286
-0.100569256,-0.5714286
-0.10320231,-0.5714286
-0.10377967,-0.5714286
-0.10328626,-0.5714286
-0.103550345,-0.5714286
-0.10382065,-0.5714286
-0.1037715,-0.5714286
-0.10321866,-0.5714286
-0.103050776,-0.5714286
-0.10382676,-0.5714286
-0.101597026,-0.5714286
-0.10383291,-0.5714286
-0.10366908,-0.5714286
-0.10447584,-0.5714286
-0.1036855,-0.5714286
-0.10398036,-0.5714286
-0.10440217,-0.5714286
-0.10461917,-0.5714286
-0.10343367,-0.5714286
-0.10145783,-0.5714286
-0.11001842,-0.5714286
-0.118271925,-0.5714286
-0.11823095,-0.5714286
-0.11745699,-0.5714286
-0.11823095,-0.5714286
-0.119013116,-0.5714286
-0.11691648,-0.5714286
-0.11705977,-0.5714286
-0.117837854,-0.5714286
-0.1175389,-0.5714286
-0.11770678,-0.5714286
-0.11838252,-0.5714286
-0.119332545,-0.5714286
-0.11952498,-0.5714286
-0.119623244,-0.5714286
-0.11941851,-0.5714286
-0.1187674,-0.5714286
-0.11966216,-0.5714286
-0.1175389,-0.5714286
-0.11854216,-0.5714286
-0.11908274,-0.5714286
-0.11878993,-0.5714286
-0.11995084,-0.5714286
-0.12106882,-0.5714286
-0.11757984,-0.5714286
-0.12000614,-0.5714286
-0.119942665,-0.5714286
-0.11958643,-0.5714286
-0.11981572,-0.5714286
-0.12006961,-0.5714286
-0.12038904,-0.5714286
-0.12038083,-0.5714286
-0.12058148,-0.5714286
-0.1202457,-0.5714286
-0.12077804,-0.5714286
-0.12055283,-0.5714286
-0.12096437,-0.5714286
-0.11923836,-0.5714286
-0.11864454,-0.5714286
-0.1207924,-0.5714286
-0.12076169,-0.5714286
-0.12007778,-0.5714286
-0.12055283,-0.5714286
-0.12040542,-0.5714286
-0.12035627,-0.5714286
-0.12033171,-0.5714286
-0.119823895,-0.5714286
-0.11800574,-0.5714286
-0.121777244,-0.5714286
-0.121773124,-0.5714286
-0.12141688,-0.5714286
-0.12094596,-0.5714286
-0.12174039,-0.5714286
-0.12173218,-0.5714286
-0.12217855,-0.5714286
-0.12095005,-0.5714286
-0.11980343,-0.5714286
-0.11891482,-0.5714286
-0.11958846,-0.5714286
-0.11980343,-0.5714286
-0.119484045,-0.5714286
-0.12078625,-0.5714286
-0.12150289,-0.5714286
-0.121281765,-0.5714286
-0.121836595,-0.5714286
-0.122463144,-0.5714286
-0.12184278,-0.5714286
-0.1237592,-0.5714286
-0.12223587,-0.5714286
-0.12191236,-0.5714286
-0.12187964,-0.5714286
-0.12211301,-0.5714286
-0.12216831,-0.5714286
-0.12241193,-0.5714286
-0.12257573,-0.5714286
-0.12615071,-0.5714286
-0.12686326,-0.5714286
-0.12683046,-0.5714286
-0.12644963,-0.5714286
-0.12649877,-0.5714286
-0.12638412,-0.5714286
-0.12513515,-0.5714286
-0.12561426,-0.5714286
-0.12445533,-0.5714286
-0.12437754,-0.5714286
-0.124271065,-0.5714286
-0.12593368,-0.5714286
-0.1212899,-0.5714286
-0.107497945,-0.5714286
-0.10235869,-0.5714286
-0.10803852,-0.5714286
-0.11563062,-0.5714286
-0.11810198,-0.5714286
-0.19157249,-0.5714286
-0.26371416,-0.5714286
-0.26323098,-0.5714286
-0.26387388,-0.5714286
-0.2620209,-0.5714286
-0.26353806,-0.5714286
-0.26457408,-0.5714286
-0.26456183,-0.5714286
-0.2648444,-0.5714286
-0.26354215,-0.5714286
-0.26363027,-0.5714286
-0.26291153,-0.5714286
-0.26481164,-0.5714286
-0.2647297,-0.5714286
-0.2646888,-0.5714286
-0.27039722,-0.5714286
-0.2734357,-0.5714286
-0.27267814,-0.5714286
-0.27270684,-0.5714286
-0.2729607,-0.5714286
-0.2727805,-0.5714286
-0.27215397,-0.5714286
-0.27113432,-0.5714286
-0.27267814,-0.5714286
-0.2727682,-0.5714286
-0.27230138,-0.5714286
-0.27154788,-0.5714286
-0.2720516,-0.5714286
-0.2715561,-0.5714286
-0.27239555,-0.5714286
-0.27102372,-0.5714286
-0.2708272,-0.5714286
-0.2714169,-0.5714286
-0.27120394,-0.5714286
-0.27146605,-0.5714286
-0.27111793,-0.5714286
-0.27307943,-0.5714286
-0.27334768,-0.5714286
-0.27343982,-0.5714286
-0.27233824,-0.5714286
-0.27199632,-0.5714286
-0.27302825,-0.5714286
-0.27077395,-0.5714286
-0.2719779,-0.5714286
-0.2720434,-0.5714286
-0.27153155,-0.5714286
-0.27237102,-0.5714286
-0.27219287,-0.5714286
-0.27212527,-0.5714286
-0.26997545,-0.5714286
-0.2718018,-0.5714286
-0.2710483,-0.5714286
-0.27111793,-0.5714286
-0.27136365,-0.5714286
-0.2716216,-0.5714286
-0.2718509,-0.5714286
-0.27135956,-0.5714286
-0.27115476,-0.5714286
-0.27087632,-0.5714286
-0.27121213,-0.5714286
-0.27340707,-0.5714286
-0.2734357,-0.5714286
-0.27417076,-0.5714286
-0.2742465,-0.5714286
-0.27447787,-0.5714286
-0.27418098,-0.5714286
-0.2742629,-0.5714286
-0.27414414,-0.5714286
-0.27264944,-0.5714286
-0.27080265,-0.5714286
-0.2707494,-0.5714286
-0.27026618,-0.5714286
-0.26970518,-0.5714286
-0.2716216,-0.5714286
-0.27207205,-0.5714286
-0.27217442,-0.5714286
-0.272328,-0.5714286
-0.2705651,-0.5714286
-0.27208024,-0.5714286
-0.27240175,-0.5714286
-0.27460074,-0.5714286
-0.2748239,-0.5714286
-0.27776414,-0.5714286
-0.27572477,-0.5714286
-0.27557126,-0.5714286
-0.2753767,-0.5714286
-0.2758763,-0.5714286
-0.2769164,-0.5714286
-0.27706388,-0.5714286
-0.27676493,-0.5714286
-0.27600121,-0.5714286
-0.27540132,-0.5714286
-0.2748587,-0.5714286
-0.27577806,-0.5714286
-0.27641279,-0.5714286
-0.27661753,-0.5714286
-0.2753235,-0.5714286
-0.27292994,-0.5714286
-0.27497542,-0.5714286
-0.27511057,-0.5714286
-0.275303,-0.5714286
-0.27509418,-0.5714286
-0.2755958,-0.5714286
-0.2760606,-0.5714286
-0.27532554,-0.5714286
-0.27581078,-0.5714286
-0.27551192,-0.5714286
-0.27418303,-0.5714286
-0.2748157,-0.5714286
-0.27541155,-0.5714286
-0.27543408,-0.5714286
-0.27528667,-0.5714286
-0.27542996,-0.5714286
-0.2748567,-0.5714286
-0.27553234,-0.5714286
-0.27561426,-0.5714286
-0.2764865,-0.5714286
-0.2755774,-0.5714286
-0.27509418,-0.5714286
-0.27531326,-0.5714286
-0.27629405,-0.5714286
-0.27635953,-0.5714286
-0.27563268,-0.5714286
-0.2765172,-0.5714286
-0.27600327,-0.5714286
-0.27585176,-0.5714286
-0.2754607,-0.5714286
-0.27598894,-0.5714286
-0.27587223,-0.5714286
-0.27626944,-0.5714286
-0.27522725,-0.5714286
-0.2748403,-0.5714286
-0.27515152,-0.5714286
-0.2747666,-0.5714286
-0.27457002,-0.5714286
-0.27257985,-0.5714286
-0.27427518,-0.5714286
-0.27490786,-0.5714286
-0.27627358,-0.5714286
-0.2753624,-0.5714286
-0.2726413,-0.5714286
-0.2755774,-0.5714286
-0.27504915,-0.5714286
-0.27470922,-0.5714286
-0.2756552,-0.5714286
-0.27402952,-0.5714286
-0.27356678,-0.5714286
-0.2767629,-0.5714286
-0.27667895,-0.5714286
-0.27596438,-0.5714286
-0.27499387,-0.5714286
-0.27509418,-0.5714286
-0.2755692,-0.5714286
-0.27519658,-0.5714286
-0.27517202,-0.5714286
-0.27529076,-0.5714286
-0.27487716,-0.5714286
-0.27501637,-0.5714286
-0.27523953,-0.5714286
-0.27592137,-0.5714286
-0.27554056,-0.5714286
-0.27533168,-0.5714286
-0.27500406,-0.5714286
-0.27529484,-0.5714286
-0.27515563,-0.5714286
-0.27507982,-0.5714286
-0.27564496,-0.5714286
-0.2768223,-0.5714286
-0.27634725,-0.5714286
-0.27609745,-0.5714286
-0.27568182,-0.5714286
-0.27577803,-0.5714286
-0.2758661,-0.5714286
-0.27523342,-0.5714286
-0.27580467,-0.5714286
-0.2737838,-0.5714286
-0.27365685,-0.5714286
-0.27309173,-0.5714286
-0.27309585,-0.5714286
-0.273018,-0.5714286
-0.27357492,-0.5714286
-0.2737899,-0.5714286
-0.27372643,-0.5714286
-0.27405816,-0.5714286
-0.2742199,-0.5714286
-0.27337837,-0.5714286
-0.2721048,-0.5714286
-0.27281943,-0.5714286
-0.2725614,-0.5714286
-0.27285418,-0.5714286
-0.27235875,-0.5714286
-0.27247542,-0.5714286
-0.27095821,-0.5714286
-0.27599508,-0.5714286
-0.27620804,-0.5714286
-0.27613026,-0.5714286
-0.27526614,-0.5714286
-0.27516583,-0.5714286
-0.2747543,-0.5714286
-0.27423427,-0.5714286
-0.27394757,-0.5714286
-0.27579445,-0.5714286
-0.27543408,-0.5714286
-0.27429566,-0.5714286
-0.2743489,-0.5714286
-0.2740172,-0.5714286
-0.27432436,-0.5714286
-0.2746642,-0.5714286
-0.2740295,-0.5714286
-0.27404585,-0.5714286
-0.27439803,-0.5714286
-0.27447993,-0.5714286
-0.27467448,-0.5714286
-0.2737162,-0.5714286
-0.2735217,-0.5714286
-0.27400494,-0.5714286
-0.27373466,-0.5714286
-0.27394348,-0.5714286
-0.27413186,-0.5714286
-0.27458233,-0.5714286
-0.2742711,-0.5714286
-0.27396193,-0.5714286
-0.27313882,-0.5714286
-0.27454543,-0.5714286
-0.27460688,-0.5714286
-0.2748567,-0.5714286
-0.2747338,-0.5714286
-0.27504915,-0.5714286
-0.27472973,-0.5714286
-0.27519658,-0.5714286
-0.27447787,-0.5714286
-0.27264127,-0.5714286
-0.27404794,-0.5714286
-0.27461097,-0.5714286
-0.27455774,-0.5714286
-0.27357087,-0.5714286
-0.2723669,-0.5714286
-0.27289107,-0.5714286
-0.27349302,-0.5714286
-0.2739271,-0.5714286
-0.27209458,-0.5714286
-0.26914003,-0.5714286
-0.26931205,-0.5714286
-0.26985666,-0.5714286
-0.26995906,-0.5714286
-0.26905406,-0.5714286
-0.26959458,-0.5714286
-0.27039313,-0.5714286
-0.2710811,-0.5714286
-0.2689619,-0.5714286
-0.27026206,-0.5714286
-0.2713882,-0.5714286
-0.27136773,-0.5714286
-0.27178538,-0.5714286
-0.2717813,-0.5714286
-0.27273136,-0.5714286
-0.27156022,-0.5714286
-0.27161342,-0.5714286
-0.2715684,-0.5714286
-0.27157247,-0.5714286
-0.27170762,-0.5714286
-0.2705979,-0.5714286
-0.2697584,-0.5714286
-0.26981163,-0.5714286
-0.2699017,-0.5714286
-0.27126536,-0.5714286
-0.27120394,-0.5714286
-0.27028254,-0.5714286
-0.26994675,-0.5714286
-0.27051595,-0.5714286
-0.2712285,-0.5714286
-0.27082312,-0.5714286
-0.27089682,-0.5714286
-0.27136976,-0.5714286
-0.2715049,-0.5714286
-0.271941,-0.5714286
-0.2718141,-0.5714286
-0.27200246,-0.5714286
-0.27040538,-0.5714286
-0.2705958,-0.5714286
-0.26799753,-0.5714286
-0.25511876,-0.5714286
-0.2486077,-0.5714286
-0.25554055,-0.5714286
-0.26380834,-0.5714286
-0.26368144,-0.5714286
-0.2619984,-0.5714286
-0.2620823,-0.5714286
-0.26217446,-0.5714286
-0.26395166,-0.5714286
-0.26415232,-0.5714286
-0.26455367,-0.5714286
-0.2655569,-0.5714286
-0.26511875,-0.5714286
-0.26413184,-0.5714286
-0.26415232,-0.5714286
-0.26406637,-0.5714286
-0.2629607,-0.5714286
-0.2628931,-0.5714286
-0.26369777,-0.5714286
-0.26415232,-0.5714286
-0.26442873,-0.5714286
-0.26819003,-0.5714286
-0.2726474,-0.5714286
-0.2714435,-0.5714286
-0.27227274,-0.5714286
-0.272672,-0.5714286
-0.2723342,-0.5714286
-0.273104,-0.5714286
-0.27224407,-0.5714286
-0.27366912,-0.5714286
-0.2735094,-0.5714286
-0.2732801,-0.5714286
-0.2723833,-0.5714286
-0.27297294,-0.5714286
-0.27300167,-0.5714286
-0.27275595,-0.5714286
-0.27293202,-0.5714286
-0.27333742,-0.5714286
-0.27413392,-0.5714286
-0.27348486,-0.5714286
-0.27387795,-0.5714286
0.029226018,-0.5714286
0.029291552,-0.5714286
0.028116288,-0.5714286
0.028802145,-0.5714286
0.02915231,-0.5714286
0.03176085,-0.5714286
0.03330465,-0.5714286
0.03830466,-0.5714286
0.031138428,-0.5714286
0.03466827,-0.5714286
0.040544666,-0.5714286
0.034086786,-0.5714286
0.032456983,-0.5714286
0.03131036,-0.5714286
0.031504937,-0.5714286
0.04165027,-0.5714286
0.038288314,-0.5714286
0.03217445,-0.5714286
0.031744428,-0.5714286
0.031224431,-0.5714286
0.031244902,-0.5714286
0.03246928,-0.5714286
0.034963172,-0.5714286
0.02925676,-0.5714286
6.6994634,2.9
6.34783,2.7892857
6.178636,2.7892857
6.0886245,2.6892858
6.0403724,2.6678572
6.017961,2.6535714
5.9995575,2.642857
5.9696565,2.6357143
5.9688387,2.625
5.9547873,2.625
5.95715,2.625
5.9702945,2.6285715
5.952834,2.625
5.9501557,2.6214285
5.950878,2.625
5.9469776,2.6214285
5.954146,2.6214285
5.945684,2.6214285
5.947092,2.6178572
5.9444475,2.6214285
5.945119,2.6214285
5.9493,2.6214285
5.9483786,2.6214285
5.9509296,2.6178572
5.9421215,2.6142857
5.923642,2.6107142
5.9231205,2.6107142
5.922166,2.6107142
5.912338,2.6107142
5.924533,2.6107142
5.927322,2.6107142
5.903481,2.607143
5.91525,2.607143
5.9120727,2.607143
5.906327,2.6035714
5.8968983,2.6035714
5.905569,2.607143
5.913625,2.6107142
5.911739,2.6107142
5.919103,2.6107142
5.90551,2.6107142
5.9169736,2.6107142
5.921786,2.6107142
5.910524,2.607143
5.908771,2.607143
5.902715,2.607143
5.904746,2.607143
5.9133353,2.607143
5.912416,2.607143
5.922359,2.607143
5.9035916,2.607143
5.9105773,2.6035714
5.9160132,2.607143
5.9023104,2.6035714
5.906613,2.6035714
5.900438,2.6
5.9056716,2.6035714
5.916173,2.6035714
5.9020433,2.6035714
5.8964906,2.6
5.9432306,2.6
6.2068343,2.6035714
6.189861,2.6035714
6.088176,2.6
6.0564985,2.6
6.0552173,2.6
6.060019,2.6
6.068268,2.6
6.0553727,2.6
6.0561056,2.5964286
6.0484605,2.5928571
6.041999,2.5964286
6.0463104,2.5928571
6.046564,2.5928571
6.0367737,2.5928571
6.044885,2.5928571
6.0413513,2.5964286
6.040921,2.5964286
6.0497136,2.5964286
6.0433292,2.5964286
6.057199,2.5964286
6.0383787,2.6
6.045669,2.5964286
6.0415483,2.5964286
6.0331907,2.5964286
6.033055,2.5964286
6.0520883,2.5964286
6.043403,2.5964286
6.0378866,2.5964286
6.0335813,2.5964286
6.0356717,2.5964286
6.036433,2.5964286
6.036984,2.5964286
6.0242996,2.5928571
6.031699,2.5928571
6.0256596,2.5928571
6.034242,2.5964286
6.0323095,2.5928571
6.031564,2.5928571
6.0138655,2.5928571
6.027015,2.5928571
6.0256634,2.5928571
6.026345,2.5964286
6.0320024,2.5964286
6.0323343,2.5964286
6.025627,2.5928571
6.018716,2.5964286
6.018955,2.5964286
6.0159993,2.5892856
6.018028,2.5892856
6.0156693,2.5892856
6.0049386,2.5892856
5.9995947,2.5892856
6.016069,2.5892856
6.021073,2.5928571
6.023428,2.5892856
6.0080957,2.5892856
6.0155115,2.5892856
6.0157456,2.5821428
6.007371,-0.5714286
0.8984807,-0.5714286
0.7074366,-0.5714286
0.70775586,-0.5714286
0.7050532,-0.5714286
0.7008907,-0.5714286
0.70747334,-0.5714286
0.7026372,-0.5714286
0.701208,-0.5714286
0.7052908,-0.5714286
0.7052906,-0.5714286
0.7072646,-0.5714286
0.7117998,-0.5714286
0.7106593,-0.5714286
0.706896,-0.5714286
0.7091277,-0.5714286
0.7088903,-0.5714286
0.7085873,-0.5714286
0.7070188,-0.5714286
2.4577844,-0.5714286
6.6524878,3.0142858
6.3695745,2.7892857
6.178237,2.6857142
6.115995,2.6392858
6.077191,2.625
6.045528,2.6035714
6.0255075,2.6
6.0274487,2.6
6.0286036,2.5964286
6.022082,2.5928571
6.0023136,2.5892856
6.0061607,2.5892856
6.009619,2.5892856
6.016241,2.5928571
6.010377,2.5892856
5.999103,2.5892856
6.0044346,2.5857143
6.003923,2.5892856
6.0033827,2.5892856
6.005471,2.5857143
6.015164,2.5892856
6.001628,2.5892856
6.0050983,2.5892856
6.003864,2.5892856
6.005086,2.5857143
6.000213,2.5821428
5.989288,2.5821428
5.990958,2.5821428
5.9880533,2.5821428
5.9858513,2.5821428
6.0419326,2.5821428
6.0662327,2.5821428
5.871384,2.5821428
5.8273835,2.5821428
5.7206516,2.5857143
5.612512,2.5821428
5.612033,2.5785713
5.6025434,2.5785713
5.613483,2.5821428
5.593026,2.5821428
5.600197,2.5821428
5.5997505,2.5785713
3.8356757,-0.5714286
0.31094187,-0.5714286
0.30915228,-0.5714286
0.30884516,-0.5714286
0.31438166,-0.5714286
0.3106143,-0.5714286
0.3096683,-0.5714286
0.31132677,-0.5714286
0.30869776,-0.5714286
0.31049138,-0.5714286
0.3095024,-0.5714286
0.30307952,-0.5714286
0.3046233,-0.5714286
0.31243253,-0.5714286
0.30896392,-0.5714286
0.30925876,-0.5714286
0.30576575,-0.5714286
0.30488124,-0.5714286
0.30122447,3.0928571
2.3403318,3.0928571
6.176873,2.8678572
5.919969,2.7214286
5.7849693,2.6642857
5.6917973,2.625
5.6442995,2.5928571
5.621691,2.5928571
5.6062407,2.5857143
5.608968,2.5857143
5.6078954,2.5857143
5.608722,2.5821428
5.6070704,2.5785713
5.592269,2.5785713
5.598108,2.5821428
5.6060567,2.5821428
5.5923343,2.5821428
5.5991974,2.5857143
5.605143,2.5857143
5.603153,2.5821428
5.596216,2.5821428
5.594263,2.5821428
5.6054425,2.5821428
5.592236,2.5785713
5.9218874,2.5785713
5.9425635,2.5785713
5.95199,2.5785713
5.9460936,2.5785713
5.9373097,2.5785713
5.9449506,2.5785713
5.9516582,2.5785713
5.958575,2.575
5.9519696,2.5785713
5.936567,2.5785713
5.9566503,2.5785713
5.954545,2.575
5.936593,2.5714285
5.9445577,2.5714285
5.9498854,2.5714285
5.9468675,2.5714285
2.4411056,-0.5714286
0.65640044,-0.5714286
0.6548567,-0.5714286
0.6540049,-0.5714286
0.6576577,-0.5714286
0.6530282,-0.5714286
0.6549755,-0.5714286
0.64752644,-0.5714286
0.6478051,-0.5714286
0.6490356,-0.5714286
0.64597046,-0.5714286
0.64251846,-0.5714286
0.6419286,-0.5714286
0.64328414,-0.5714286
0.64114255,-0.5714286
0.6432924,-0.5714286
0.6399836,-0.5714286
0.64432025,-0.5714286
0.64574116,-0.5714286
3.5975635,2.9571428
6.390037,2.7571428
6.2033577,2.7571428
6.063849,2.6607144
6.0144553,2.5892856
5.966294,2.5821428
5.948628,2.5821428
5.946097,2.5821428
5.9274487,2.5785713
5.9163456,2.575
5.919742,2.5785713
5.92278,2.5785713
5.939304,2.575
5.9371576,2.575
5.9431777,2.575
5.9407,2.5714285
5.937535,2.5714285
5.9275184,2.5714285
5.9413943,2.5714285
5.929209,2.5714285
5.9272037,2.5714285
5.924308,2.5714285
5.928186,2.5714285
5.9253974,2.5714285
5.927095,2.5714285
5.9272723,2.5714285
5.9271307,2.5714285
5.9220886,2.5714285
5.926335,2.5714285
5.9210687,2.5714285
5.93319,2.575
5.929058,2.5714285
5.9167123,2.5714285
5.917451,2.5714285
5.9177847,2.567857
5.938956,2.567857
5.926806,2.5714285
5.932255,2.5714285
3.2394185,-0.5714286
0.6334807,-0.5714286
0.63421375,-0.5714286
0.6324571,-0.5714286
0.6343733,-0.5714286
0.6362981,-0.5714286
0.638403,-0.5714286
0.6333783,-0.5714286
0.638964,-0.5714286
0.634738,-0.5714286
0.63415635,-0.5714286
0.7806265,-0.5714286
0.82627773,-0.5714286
0.81817776,-0.5714286
0.81737924,-0.5714286
0.8143243,-0.5714286
0.816941,-0.5714286
0.81799346,-0.5714286
0.8110197,-0.5714286
0.81367934,-0.5714286
4.0236278,-0.5714286
6.6371074,2.9071429
6.5338626,2.7357142
6.6053276,2.7357142
6.765934,2.7357142
6.822084,2.5964286
6.805676,2.5892856
6.7727604,2.5821428
6.7619042,2.5821428
6.755799,2.575
6.753681,2.5714285
6.7370024,2.5714285
6.737576,2.5714285
6.7343493,2.575
6.754361,2.575
6.72457,2.575
6.25758,2.5785713
6.253391,2.5785713
6.2466583,2.575
6.2507744,2.575
6.253985,2.575
6.2360854,2.575
6.23267,2.575
7.129722,2.575
7.5475554,2.575
7.128935,2.575
7.07175,2.575
7.0653567,2.5785713
7.090725,2.575
7.079066,2.575
7.084631,2.5714285
7.068667,2.575
7.0745816,2.575
7.0798364,2.575
7.0865235,2.575
7.0807333,2.575
7.078778,2.575
7.0739927,2.575
7.0741563,2.5714285
6.6541605,2.575
1.8234358,-0.5714286
1.8210893,-0.5714286
1.8237264,-0.5714286
1.8288451,-0.5714286
1.8264701,-0.5714286
1.8281368,-0.5714286
1.8319778,-0.5714286
1.8300409,-0.5714286
1.8232863,-0.5714286
1.8326249,-0.5714286
1.8251432,-0.5714286
1.8207166,-0.5714286
1.8212346,-0.5714286
1.8248239,-0.5714286
1.8230263,-0.5714286
1.8228583,-0.5714286
1.8262284,-0.5714286
1.8208477,-0.5714286
1.8212819,-0.5714286
1.8230672,-0.5714286
7.536481,2.7
7.3491073,2.7
7.241093,2.6392858
7.163165,2.6142857
7.1340666,2.6142857
7.1198525,2.6
7.1106143,2.5928571
7.094041,2.5892856
7.086068,2.5892856
7.0923424,2.5892856
7.0862284,2.5857143
7.086163,2.5821428
7.0843043,2.5821428
7.098292,2.5857143
7.0867815,2.5857143
7.0846562,2.5821428
7.086122,2.5821428
7.079934,2.5785713
7.0758066,2.5821428
7.068792,2.5821428
7.069304,2.5821428
7.0820203,2.5821428
7.0745697,2.5821428
7.076884,2.5821428
7.072596,2.5785713
7.0572405,2.5785713
7.0717163,2.5821428
7.083729,2.5785713
7.07231,2.5785713
7.067551,2.575
7.0624204,2.575
7.0610194,2.575
7.050909,2.5714285
7.040565,2.5714285
7.0536427,2.5714285
7.0472608,2.575
4.2437963,-0.5714286
1.8040458,-0.5714286
1.7971172,-0.5714286
1.7909173,-0.5714286
1.7890601,-0.5714286
1.7864066,-0.5714286
1.7852027,-0.5714286
1.7904239,-0.5714286
1.3095884,-0.5714286
1.3153993,-0.5714286
1.3061426,-0.5714286
1.3076414,-0.5714286
1.3067076,-0.5714286
1.3161732,-0.5714286
1.3062531,-0.5714286
1.3088329,-0.5714286
1.3025613,-0.5714286
1.3126903,-0.5714286
1.3083785,-0.5714286
1.306038,-0.5714286
1.3095536,-0.5714286
1.3069901,2.825
6.9412,2.732143
6.776175,2.732143
6.6950126,2.6464286
6.6510506,2.625
6.6276326,2.6142857
6.601388,2.6035714
6.5968795,2.6
6.589644,2.5928571
6.6078053,2.5928571
6.662519,2.5928571
6.693788,2.5964286
6.6348567,2.5892856
6.655319,2.5928571
6.6721005,2.5928571
6.648403,2.5928571
6.6542463,2.5892856
6.6600657,2.5928571
6.6488614,2.5928571
6.642727,2.5892856
6.6404977,2.5892856
6.630977,2.5892856
6.6429276,2.5928571
6.635991,2.5892856
6.6424484,2.5928571
6.641204,2.5892856
6.546568,2.5892856
6.4946923,2.5892856
6.489562,2.5892856
6.485438,2.5821428
6.4984026,2.5821428
6.4894185,2.5857143
6.4973707,2.5892856
6.487216,2.5892856
6.5017323,2.5928571
6.5078564,2.5892856
3.8956227,2.5892856
1.1721253,-0.5714286
1.1605569,-0.5714286
1.1696991,-0.5714286
1.1672851,-0.5714286
1.1686118,-0.5714286
1.1742198,-0.5714286
1.1671928,-0.5714286
1.1700203,-0.5714286
1.1633703,-0.5714286
1.1878623,-0.5714286
1.1904054,-0.5714286
1.1773895,-0.5714286
1.1764004,-0.5714286
1.1711304,-0.5714286
1.1718428,-0.5714286
1.178188,-0.5714286
1.1814536,-0.5714286
1.1743692,-0.5714286
1.17638,-0.5714286
1.1816545,-0.5714286
1.1694779,-0.5714286
7.1797175,2.8392856
6.860252,2.8392856
6.6887507,2.7142856
6.619697,2.6571429
6.570559,2.625
6.564619,2.6178572
6.538968,2.6035714
6.5361834,2.6035714
6.527678,2.6
5.8051476,2.6
5.718869,2.5964286
5.7011747,2.5928571
5.711751,2.5928571
5.711572,2.5892856
5.7085958,2.5857143
5.677527,2.5857143
5.6856427,2.5892856
5.678178,2.5857143
5.671978,2.5857143
5.6661243,2.5857143
5.6504955,2.5821428
5.652992,2.5821428
5.6553764,2.5785713
5.6545453,2.5821428
5.652256,2.5821428
5.658419,2.5821428
5.6648607,2.5821428
5.667113,2.5821428
5.6574817,2.5857143
5.665399,2.5857143
5.666659,2.5857143
5.6668553,2.5857143
2.3178012,-0.5714286
0.34555277,-0.5714286
0.34172398,-0.5714286
0.34331292,-0.5714286
0.33888212,-0.5714286
0.346335,-0.5714286
0.345045,-0.5714286
0.34124687,-0.5714286
0.34625313,-0.5714286
0.3458067,-0.5714286
0.34395987,-0.5714286
0.3493038,-0.5714286
0.34511054,-0.5714286
0.34597057,-0.5714286
0.34693694,-0.5714286
0.3461179,-0.5714286
0.3498403,-0.5714286
0.34831285,-0.5714286
0.3477805,-0.5714286
0.34488943,-0.5714286
0.34782565,-0.5714286
0.34451684,-0.5714286
0.34870186,-0.5714286
4.6397343,2.9107144
6.06613,2.9107144
5.915749,2.65
5.815943,2.65
5.7682366,2.625
5.7243366,2.625
5.732973,2.6214285
5.697719,2.607143
5.688714,2.6
5.6787224,2.5964286
5.6666665,2.5964286
5.6820025,2.5928571
5.6728954,2.5928571
5.682316,2.5964286
5.670864,2.5964286
5.681552,2.5928571
5.6836405,2.5928571
5.689013,2.5964286
5.6809545,2.5928571
5.6852703,2.5964286
5.688227,2.5964286
5.694615,2.5964286
5.6911225,2.5964286
5.6892996,2.5964286
5.679552,2.5892856
5.6873584,2.5964286
5.6815886,2.5964286
5.6738763,2.5928571
5.6833005,2.6
5.710356,2.5964286
5.7107005,2.5964286
5.697752,2.5964286
5.703469,2.5964286
0.41893113,-0.5714286
0.35366708,-0.5714286
0.35259628,-0.5714286
0.35737717,-0.5714286
0.35826167,-0.5714286
0.36106268,-0.5714286
0.35635954,-0.5714286
0.36310196,-0.5714286
0.36099505,-0.5714286
0.35717857,-0.5714286
0.36140049,-0.5714286
0.35611382,-0.5714286
0.35996932,-0.5714286
0.35933247,-0.5714286
0.3594022,-0.5714286
0.3598567,-0.5714286
0.3633374,-0.5714286
0.35767817,-0.5714286
0.3559889,-0.5714286
0.35904178,-0.5714286
0.36042175,-0.5714286
0.36082724,-0.5714286
1.017973,-0.5714286
6.3888326,2.975
6.1078296,2.7821429
5.947261,2.75
5.787211,2.625
5.763888,2.625
5.733599,2.6178572
5.7338862,2.6142857
5.736028,2.6107142
5.7325015,2.6107142
5.7270455,2.6107142
5.7265687,2.607143
5.723194,2.607143
5.7144594,2.6035714
5.7200246,2.607143
5.7289433,2.6107142
5.730143,2.607143
5.725598,2.607143
5.7203116,2.6107142
5.721708,2.607143
5.7162323,2.607143
5.7229238,2.607143
5.71516,2.607143
5.7165155,2.6107142
5.7236323,2.6107142
5.7148237,2.6107142
5.7283545,2.607143
5.7191935,2.607143
5.721065,2.607143
5.7181287,2.607143
5.719828,2.607143
2.144345,-0.5714286
0.35730138,-0.5714286
0.35407865,-0.5714286
0.359701,-0.5714286
0.3588247,-0.5714286
0.3597707,-0.5714286
0.36090913,-0.5714286
0.36189595,-0.5714286
0.35907447,-0.5714286
0.3563923,-0.5714286
0.3532555,-0.5714286
0.35478702,-0.5714286
0.35861176,-0.5714286
0.358059,-0.5714286
0.35361183,-0.5714286
0.3555282,-0.5714286
0.35575345,-0.5714286
0.3565848,-0.5714286
0.3569411,-0.5714286
0.35754913,-0.5714286
0.35543814,-0.5714286
0.35667896,-0.5714286
0.35668308,-0.5714286
0.35891888,-0.5714286
0.36012903,-0.5714286
3.4283783,3.0107143
6.23251,2.8035715
5.9974165,2.7285714
5.87387,2.6714287
5.814099,2.6714287
5.7712774,2.642857
5.7453027,2.6214285
5.739255,2.6214285
5.739439,2.6142857
5.7283497,2.6142857
5.728485,2.6142857
5.7236366,2.6142857
5.739478,2.6142857
5.737146,2.6142857
5.7378564,2.6142857
5.726253,2.6107142
5.727383,2.6142857
5.7278094,2.6107142
5.733026,2.6107142
5.7297254,2.6142857
5.7274084,2.6107142
5.7292385,2.607143
5.7194514,2.607143
5.710889,2.6035714
5.712105,2.6035714
5.9902086,2.6
5.926691,2.6
5.928569,2.6035714
5.9221005,2.607143
4.426691,-0.5714286
0.55608106,-0.5714286
0.55414826,-0.5714286
0.5519042,-0.5714286
0.5530344,-0.5714286
0.55277634,-0.5714286
0.55168307,-0.5714286
0.5448157,-0.5714286
0.54871625,-0.5714286
0.54091525,-0.5714286
0.5398812,-0.5714286
0.5312469,-0.5714286
0.53393114,-0.5714286
0.5326863,-0.5714286
0.5360872,-0.5714286
0.535086,-0.5714286
0.53647834,-0.5714286
0.53652745,-0.5714286
0.535303,-0.5714286
0.5339926,-0.5714286
0.5353932,-0.5714286
0.5374079,-0.5714286
0.5365725,-0.5714286
0.53464377,-0.5714286
0.537158,-0.5714286
0.5358805,-0.5714286
3.59672,3.0464287
6.3498836,2.817857
6.174455,2.7142856
6.0759525,2.675
5.997678,2.642857
5.975266,2.642857
5.9566956,2.6285715
5.936307,2.6178572
5.9272237,2.6178572
5.9211836,2.6178572
5.923059,2.6142857
5.9132514,2.6142857
5.9145336,2.6142857
5.912813,2.6142857
5.9133167,2.6142857
5.9103646,2.6142857
5.908268,2.6142857
5.9101267,2.6142857
5.9217362,2.6142857
5.9234157,2.6178572
5.9219327,2.6142857
5.922285,2.6142857
5.918591,2.6142857
5.921431,2.6142857
5.9064927,2.6142857
5.906241,2.6142857
5.9026823,2.6142857
0.5259501,-0.5714286
0.52779484,-0.5714286
0.5302334,-0.5714286
0.52988136,-0.5714286
0.5265111,-0.5714286
0.5307493,-0.5714286
0.52919334,-0.5714286
0.52483207,-0.5714286
0.52867323,-0.5714286
0.5256633,-0.5714286
0.5297584,-0.5714286
0.5290664,-0.5714286
0.52449226,-0.5714286
0.5263759,-0.5714286
0.52368546,-0.5714286
0.5252519,-0.5714286
0.5262326,-0.5714286
0.525172,-0.5714286
0.5267895,-0.5714286
0.52389437,-0.5714286
0.52326167,-0.5714286
0.5199467,-0.5714286
0.5222236,-0.5714286
0.52098686,-0.5714286
2.2443244,-0.5714286
6.5079355,2.825
6.235598,2.7392857
6.068353,2.7392857
5.9894595,2.6857142
5.9505816,2.65
5.9237423,2.6321428
5.911272,2.6214285
5.9022975,2.6214285
5.8937917,2.6142857
5.886167,2.6035714
5.8873014,2.607143
5.881834,2.607143
5.8814616,2.607143
5.8742256,2.6035714
5.871775,2.6035714
5.8769164,2.6035714
5.8735313,2.6035714
5.8714375,2.6035714
5.8606305,2.6035714
5.8529973,2.6
5.8588266,2.6035714
5.860598,2.6
5.8638654,2.6
5.869431,2.6035714
5.855608,2.6
5.858268,2.6
0.5176249,-0.5714286
0.51221955,-0.5714286
0.51382065,-0.5714286
0.5162777,-0.5714286
0.5185196,-0.5714286
0.51950854,-0.5714286
0.51433665,-0.5714286
0.51637185,-0.5714286
0.51298124,-0.5714286
0.5195332,-0.5714286
0.51632273,-0.5714286
0.51425886,-0.5714286
0.5118469,-0.5714286
0.5137675,-0.5714286
0.51315725,-0.5714286
0.5147461,-0.5714286
0.5145168,-0.5714286
0.51417696,-0.5714286
0.51446563,-0.5714286
0.51191026,-0.5714286
0.5109706,-0.5714286
0.5105978,-0.5714286
0.5125471,-0.5714286
0.50886977,-0.5714286
0.50949216,-0.5714286
0.511507,3.0285714
5.2711587,3.0285714
6.26932,2.85
6.0758886,2.7178571
5.9756346,2.6607144
5.915074,2.6285715
5.8923798,2.6142857
5.871782,2.6142857
5.861228,2.6107142
5.851089,2.6
5.8453684,2.5964286
5.8476477,2.5964286
5.837182,2.5892856
5.835737,2.5892856
5.82301,2.5892856
5.8253193,2.5857143
5.8243814,2.5857143
5.8243,2.5821428
5.82707,2.5821428
5.823526,2.5857143
5.821863,2.5857143
5.8204913,2.5821428
5.8195205,2.5857143
5.8246255,2.5857143
5.8315296,2.5857143
5.819357,2.5857143
5.8256555,2.5857143
5.8140535,2.5857143
1.2787796,-0.5714286
0.5103727,-0.5714286
0.5113351,-0.5714286
0.50720716,-0.5714286
0.5083209,-0.5714286
0.50850534,-0.5714286
0.5106552,-0.5714286
0.5125553,-0.5714286
0.510172,-0.5714286
0.50875103,-0.5714286
0.5110688,-0.5714286
0.51052004,-0.5714286
0.50837016,-0.5714286
0.5071376,-0.5714286
0.50805897,-0.5714286
0.51002455,-0.5714286
0.5105835,-0.5714286
0.51884526,-0.5714286
0.52595,-0.5714286
0.5212162,-0.5714286
0.5117935,-0.5714286
0.51669127,-0.5714286
0.5132514,-0.5714286
0.51398027,-0.5714286
0.5135258,-0.5714286
0.5142997,-0.5714286
0.5098526,-0.5714286
0.5087839,-0.5714286
0.50806713,-0.5714286
6.4890375,2.8607142
6.219822,2.8607142
6.074398,2.7035713
5.974951,2.6607144
5.924411,2.6357143
5.8919716,2.6214285
5.8775,2.6142857
5.870448,2.607143
5.8634276,2.607143
5.8640666,2.607143
5.8533163,2.6035714
5.863223,2.6
5.856781,2.5964286
5.859185,2.6
5.8467197,2.6
5.857291,2.6
5.851769,2.5964286
5.8508515,2.5964286
5.8493366,2.5964286
5.8363576,2.5928571
5.845098,2.5928571
5.840411,2.5928571
5.831843,2.5928571
5.840553,2.5928571
5.839226,2.5928571
5.8383417,2.5357144
0.93375105,-0.5714286
0.50613433,-0.5714286
0.5074939,-0.5714286
0.50909084,-0.5714286
0.5075676,-0.5714286
0.508231,-0.5714286
0.50797296,-0.5714286
0.5049877,-0.5714286
0.50466007,-0.5714286
0.50800985,-0.5714286
0.50472564,-0.5714286
0.50651103,-0.5714286
0.5071253,-0.5714286
0.50719905,-0.5714286
0.5079648,-0.5714286
0.50631446,-0.5714286
0.5068551,-0.5714286
0.5070393,-0.5714286
0.5059827,-0.5714286
0.5058108,-0.5714286
0.5048833,-0.5714286
0.50668925,-0.5714286
0.5061794,-0.5714286
0.50360364,-0.5714286
0.504525,-0.5714286
0.5035995,-0.5714286
0.50706387,-0.5714286
0.5053153,-0.5714286
0.5033374,-0.5714286
0.5050246,-0.5714286
0.5064066,-0.5714286
0.50363237,2.9107144
6.3064494,2.7857144
6.131556,2.7857144
6.012584,2.7
5.9397974,2.65
5.9169474,2.6321428
5.896749,2.6178572
5.8850985,2.6142857
5.8755465,2.607143
5.8642955,2.607143
5.8643446,2.607143
5.8637714,2.6035714
5.847363,2.607143
5.8421335,2.6
5.8431735,2.6
5.8382554,2.6
5.8480773,2.6
5.844828,2.6
5.8927393,2.6
5.98613,2.5964286
5.979832,2.6035714
6.00145,2.6035714
5.3296638,2.6
0.6559645,-0.5714286
0.65666676,-0.5714286
0.6584827,-0.5714286
0.73154384,-0.5714286
0.76291966,-0.5714286
0.764048,-0.5714286
0.762158,-0.5714286
0.76339054,-0.5714286
0.7686159,-0.5714286
0.79781735,-0.5714286
0.7659296,-0.5714286
0.76388615,-0.5714286
0.7642137,-0.5714286
0.764742,-0.5714286
0.76686114,-0.5714286
0.76820225,-0.5714286
0.76902544,-0.5714286
0.7704177,-0.5714286
0.76873463,-0.5714286
0.767205,-0.5714286
0.7698361,-0.5714286
0.7677927,-0.5714286
0.7683866,-0.5714286
0.7725103,-0.5714286
0.7729852,-0.5714286
0.7731328,-0.5714286
0.77310395,-0.5714286
0.774355,-0.5714286
0.77449626,-0.5714286
0.73866093,-0.5714286
0.6689066,-0.5714286
0.6689927,-0.5714286
0.67057735,-0.5714286
0.67020875,-0.5714286
4.6377645,-0.5714286
6.289632,2.6964285
6.179365,2.6964285
6.1124,2.6464286
6.0664616,2.6285715
6.0454364,2.6142857
6.0328546,2.6107142
6.0273213,2.5928571
5.9919043,2.5928571
6.0101066,2.6
6.010008,2.6
6.013653,2.6
6.0238905,2.6
6.0150695,2.6
6.0168843,2.6
6.021282,2.6
6.0238743,2.6
6.0163836,2.6035714
6.020143,2.6035714
6.019046,2.6035714
6.0212526,-0.5714286
2.2470455,-0.5714286
0.68121606,-0.5714286
0.6814701,-0.5714286
0.6823586,-0.5714286
0.68350124,-0.5714286
0.68022525,-0.5714286
0.6819819,-0.5714286
0.6810484,-0.5714286
0.6820844,-0.5714286
0.68136364,-0.5714286
0.68292385,-0.5714286
0.6841197,-0.5714286
0.6859029,-0.5714286
0.68632066,-0.5714286
0.6834604,-0.5714286
0.6850941,-0.5714286
0.68219906,-0.5714286
0.6804484,-0.5714286
0.6800921,-0.5714286
0.68103194,-0.5714286
0.68209666,-0.5714286
0.6815274,-0.5714286
0.6815439,-0.5714286
0.68056506,-0.5714286
0.6832064,-0.5714286
0.6831388,-0.5714286
0.68468666,-0.5714286
0.6986159,-0.5714286
0.7234152,-0.5714286
0.7235094,-0.5714286
0.72404176,-0.5714286
0.726941,-0.5714286
0.7266339,-0.5714286
0.7261486,-0.5714286
0.72883296,-0.5714286
0.72619975,-0.5714286
6.6728253,2.8107142
6.4029245,2.8107142
6.2684727,2.7035713
6.190286,2.6571429
6.123243,2.6321428
6.109279,2.625
6.0972724,2.625
6.0889144,2.6178572
6.075,2.6107142
6.0792503,2.6107142
6.0750904,2.6107142
6.0790358,2.6107142
6.079574,2.607143
6.07337,2.607143
6.0735073,2.607143
6.0771093,2.607143
6.0715027,2.6035714
6.0746255,2.607143
6.058305,2.6035714
6.0571947,-0.5714286
3.6368222,-0.5714286
0.7283702,-0.5714286
0.7294595,-0.5714286
0.72764945,-0.5714286
0.7304956,-0.5714286
0.730389,-0.5714286
0.7311506,-0.5714286
0.73041356,-0.5714286
0.7296111,-0.5714286
0.7298731,-0.5714286
0.72991806,-0.5714286
0.72890675,-0.5714286
0.72915643,-0.5714286
0.73064494,-0.5714286
0.72933245,-0.5714286
0.7281163,-0.5714286
0.7245209,-0.5714286
0.72278464,-0.5714286
0.7227314,-0.5714286
0.7241073,-0.5714286
0.72280514,-0.5714286
0.7219328,-0.5714286
0.72419745,-0.5714286
0.72318995,-0.5714286
0.7226045,-0.5714286
0.7223301,-0.5714286
0.7079238,-0.5714286
0.7046315,-0.5714286
0.7076413,-0.5714286
0.70882064,-0.5714286
0.7071191,-0.5714286
0.7096724,-0.5714286
0.7092507,-0.5714286
0.705817,-0.5714286
0.70650697,-0.5714286
0.705,-0.5714286
0.7060811,-0.5714286
2.7268264,2.8607142
6.475995,2.8607142
6.3196435,2.7107143
6.158608,2.642857
6.0769205,2.6142857
6.03502,2.6142857
6.00672,2.5928571
5.992248,2.5785713
5.9783497,2.575
5.9652414,2.5714285
5.9595246,2.567857
5.9563146,2.5642858
5.9583454,2.5607142
5.956085,2.5607142
5.9455733,2.5607142
5.945262,2.5607142
5.942117,2.5607142
5.9444714,2.5607142
5.9428587,2.5607142
5.9494634,2.557143
5.93647,2.557143
1.5533866,-0.5714286
0.7031326,-0.5714286
0.6988759,-0.5714286
0.70248765,-0.5714286
0.6994717,-0.5714286
0.70068794,-0.5714286
0.70144963,-0.5714286
0.700942,-0.5714286
0.6995085,-0.5714286
0.7016789,-0.5714286
0.702199,-0.5714286
0.7027559,-0.5714286
0.7029239,-0.5714286
0.70294833,-0.5714286
0.70173633,-0.5714286
0.7034644,-0.5714286
0.70218265,-0.5714286
0.7030262,-0.5714286
0.70041364,-0.5714286
0.7027559,-0.5714286
0.70211303,-0.5714286
0.70406646,-0.5714286
0.70286644,-0.5714286
0.70276016,-0.5714286
0.7027396,-0.5714286
0.7033354,-0.5714286
0.7121744,-0.5714286
0.71399873,-0.5714286
0.7123954,-0.5714286
0.7086036,-0.5714286
0.707846,-0.5714286
0.7084685,-0.5714286
0.70942664,-0.5714286
0.7078583,-0.5714286
0.70815104,-0.5714286
0.70802623,-0.5714286
0.7086609,-0.5714286
0.7088637,-0.5714286
0.7076044,-0.5714286
0.7087224,-0.5714286
0.7023525,-0.5714286
0.70425045,-0.5714286
1.4653645,-0.5714286
6.6717815,2.8964286
6.3549633,2.7642858
6.1671414,2.6642857
6.0941033,2.6142857
6.027678,2.5928571
5.9971247,2.5928571
5.985623,2.5857143
5.9756227,2.5785713
5.9681244,2.5714285
5.9536114,2.5714285
5.9651394,2.5714285
5.960901,2.5714285
5.959697,2.567857
5.9535465,2.567857
5.9479604,2.567857
5.9491444,2.5642858
5.9513144,2.5642858
5.9535933,2.567857
5.954611,2.567857
5.740295,2.567857
0.7046498,-0.5714286
0.70547915,-0.5714286
0.70510244,-0.5714286
0.7056306,-0.5714286
0.7050534,-0.5714286
0.7062817,-0.5714286
0.70471746,-0.5714286
0.7066523,-0.5714286
0.70782965,-0.5714286
0.7061916,-0.5714286
0.7076043,-0.5714286
0.7053748,-0.5714286
0.7074038,-0.5714286
0.7077334,-0.5714286
0.70755535,-0.5714286
0.70794845,-0.5714286
0.7052621,-0.5714286
0.70622444,-0.5714286
0.70471746,-0.5714286
0.70351356,-0.5714286
0.70542186,-0.5714286
0.70533174,-0.5714286
0.7078255,-0.5714286
0.70884115,-0.5714286
0.7045947,-0.5714286
0.70319414,-0.5714286
0.7052252,-0.5714286
0.70207,-0.5714286
0.70193696,-0.5714286
0.7024816,-0.5714286
0.70297307,-0.5714286
0.7017567,-0.5714286
0.7040909,-0.5714286
0.70172,-0.5714286
0.7009132,-0.5714286
0.7012818,-0.5714286
0.7033538,-0.5714286
0.70156014,-0.5714286
0.70352167,-0.5714286
0.70383686,-0.5714286
0.7057125,-0.5714286
3.41336,-0.5714286
6.4874816,2.8607142
6.299066,2.7464285
6.1458635,2.6571429
6.0553274,2.625
6.034222,2.6035714
6.0124073,2.5928571
5.9926248,2.5821428
5.989812,2.5821428
5.992101,2.5821428
6.0161095,2.6
6.0296273,2.5964286
6.0229163,2.5964286
6.0313454,2.5964286
6.0214496,2.5964286
6.022752,2.5928571
6.014939,2.5928571
6.0239763,2.5928571
6.0148034,2.5928571
5.2414455,2.5928571
0.71920544,-0.5714286
0.7171868,-0.5714286
0.7171622,-0.5714286
0.7171007,-0.5714286
0.7126535,-0.5714286
0.71589273,-0.5714286
0.71369785,-0.5714286
0.71061015,-0.5714286
0.6989844,-0.5714286
0.6993939,-0.5714286
0.69981575,-0.5714286
0.69837433,-0.5714286
0.6995271,-0.5714286
0.69789517,-0.5714286
0.7019041,-0.5714286
0.7005365,-0.5714286
0.70247763,-0.5714286
0.7001598,-0.5714286
0.698446,-0.5714286
0.6998567,-0.5714286
0.6960566,-0.5714286
0.6994656,-0.5714286
0.7012653,-0.5714286
0.70237726,-0.5714286
0.70012695,-0.5714286
0.703016,-0.5714286
0.7016543,-0.5714286
0.70224816,-0.5714286
0.69955766,-0.5714286
0.70023745,-0.5714286
0.6998035,-0.5714286
0.6970311,-0.5714286
0.6983701,-0.5714286
0.69857496,-0.5714286
0.70077807,-0.5714286
0.69902545,-0.5714286
0.70019245,-0.5714286
0.70194507,-0.5714286
0.6999591,-0.5714286
0.7016216,-0.5714286
0.69982386,-0.5714286
0.70083535,-0.5714286
0.70126545,-0.5714286
2.699836,2.9071429
6.4650817,2.9071429
6.239288,2.767857
6.141969,2.6642857
6.0230465,2.5892856
6.005778,2.5892856
5.9925184,2.5821428
5.970098,2.5714285
5.9649343,2.567857
5.962404,2.567857
5.9586325,2.5642858
6.0532184,2.5642858
6.087856,2.5642858
6.0892463,2.5642858
6.0859766,2.5642858
6.0844517,2.5642858
6.0965724,2.5642858
6.085491,2.5642858
6.121173,2.5928571
4.775196,2.5928571
0.89936936,-0.5714286
0.89909494,-0.5714286
0.8947461,-0.5714286
1.1203357,-0.5714286
1.2494104,-0.5714286
1.3230263,-0.5714286
1.3148444,-0.5714286
1.3068181,-0.5714286
1.2953275,-0.5714286
1.2880425,-0.5714286
1.2840048,-0.5714286
1.2859215,-0.5714286
1.2844963,-0.5714286
1.2863799,-0.5714286
1.2982882,-0.5714286
1.2961303,-0.5714286
0.8883088,-0.5714286
0.8925594,-0.5714286
0.89020884,-0.5714286
0.8896232,-0.5714286
0.88971335,-0.5714286
0.8889598,-0.5714286
0.88967645,-0.5714286
2.390737,-0.5714286
2.187457,-0.5714286
1.7215726,-0.5714286
1.7027152,-0.5714286
2.2071009,-0.5714286
2.4877188,-0.5714286
2.6710732,-0.5714286
2.74559,-0.5714286
2.8970723,-0.5714286
3.0696151,-0.5714286
3.2298565,-0.5714286
3.4659379,-0.5714286
3.571726,-0.5714286
3.580086,-0.5714286
3.5475492,-0.5714286
3.424488,-0.5714286
3.3418427,-0.5714286
3.2885218,-0.5714286
3.2288454,-0.5714286
3.216683,-0.5714286
3.2185688,-0.5714286
3.2116132,-0.5714286
3.2052455,-0.5714286
3.207846,-0.5714286
5.570811,-0.5714286
9.062462,2.9107144
8.752094,2.7357142
8.617972,2.675
8.528886,2.6214285
8.476786,2.6
8.461213,2.5857143
8.436359,2.5857143
8.429697,2.5785713
8.41344,2.5785713
8.414373,2.575
8.40713,2.5714285
8.401511,2.575
8.414275,2.575
8.408513,2.575
8.400115,2.5714285
8.392588,2.5714285
8.399693,2.5714285
8.4496355,2.6
5.4486938,2.6
3.0659416,-0.5714286
3.0635176,-0.5714286
3.0647788,-0.5714286
3.0700917,-0.5714286
3.067662,-0.5714286
3.076171,-0.5714286
3.0780098,-0.5714286
3.0875268,-0.5714286
3.0899143,-0.5714286
3.0860565,-0.5714286
3.090338,-0.5714286
3.076683,-0.5714286
3.0796685,-0.5714286
3.0736303,-0.5714286
3.0590088,-0.5714286
3.064693,-0.5714286
3.0640213,-0.5714286
3.0576577,-0.5714286
3.0493858,-0.5714286
3.0394104,-0.5714286
3.040127,-0.5714286
3.0412085,-0.5714286
3.0371335,-0.5714286
3.0403237,-0.5714286
3.0336735,-0.5714286
3.0346644,-0.5714286
3.0373302,-0.5714286
3.036038,-0.5714286
3.0368736,-0.5714286
3.0419104,-0.5714286
3.0317442,-0.5714286
3.0368185,-0.5714286
3.0460322,-0.5714286
3.035782,-0.5714286
3.0347543,-0.5714286
3.0342958,-0.5714286
3.0225,-0.5714286
3.0299506,-0.5714286
3.0275922,-0.5714286
3.025098,-0.5714286
3.0234272,-0.5714286
3.0285378,-0.5714286
3.032428,-0.5714286
3.032416,-0.5714286
3.03113,-0.5714286
3.0254507,-0.5714286
3.026937,-0.5714286
3.0252945,-0.5714286
3.03328,-0.5714286
3.030258,-0.5714286
3.0259907,-0.5714286
3.025586,-0.5714286
3.0254915,-0.5714286
3.0236652,-0.5714286
3.0214496,-0.5714286
3.0216336,-0.5714286
3.0111012,-0.5714286
3.023575,-0.5714286
3.0186403,-0.5714286
3.020647,-0.5714286
3.020897,-0.5714286
3.0232227,-0.5714286
2.94344,-0.5714286
2.9005835,-0.5714286
2.894525,-0.5714286
2.8993247,-0.5714286
2.8916094,-0.5714286
2.887158,-0.5714286
2.8883781,-0.5714286
2.8935258,-0.5714286
2.8982553,-0.5714286
2.8972235,-0.5714286
2.9066627,-0.5714286
2.8995824,-0.5714286
2.8943286,-0.5714286
2.892174,-0.5714286
2.9006305,-0.5714286
2.8987758,-0.5714286
2.905344,-0.5714286
2.9061549,-0.5714286
2.9002252,-0.5714286
2.8826206,-0.5714286
2.8883986,-0.5714286
2.8846562,-0.5714286
2.8871458,-0.5714286
2.8921213,-0.5714286
2.8888884,-0.5714286
2.8839393,-0.5714286
2.8884826,-0.5714286
2.8859093,-0.5714286
2.884963,-0.5714286
2.8891726,-0.5714286
2.8824656,-0.5714286
2.8871439,-0.5714286
2.884533,-0.5714286
2.8849552,-0.5714286
2.8868964,-0.5714286
2.886462,-0.5714286
2.8904712,-0.5714286
2.886163,-0.5714286
2.8866034,-0.5714286
2.89328,-0.5714286
2.8943162,-0.5714286
2.0744102,-0.5714286
2.0773177,-0.5714286
2.0745516,-0.5714286
2.0727642,-0.5714286
2.0738492,-0.5714286
2.0794635,-0.5714286
2.0776534,-0.5714286
2.0760994,-0.5714286
2.0760522,-0.5714286
2.0713923,-0.5714286
2.0757616,-0.5714286
2.074183,-0.5714286
2.0762613,-0.5714286
2.0730467,-0.5714286
2.0747993,-0.5714286
2.073706,-0.5714286
2.0797112,-0.5714286
2.0758169,-0.5714286
2.0764496,-0.5714286
2.0805466,-0.5714286
2.0945945,-0.5714286
2.095983,-0.5714286
2.0921745,-0.5714286
2.0867527,-0.5714286
2.0924978,-0.5714286
2.0894675,-0.5714286
2.0986772,-0.5714286
2.0956593,-0.5714286
2.094945,-0.5714286
2.0966258,-0.5714286
2.0950613,-0.5714286
2.0963266,-0.5714286
2.0892692,-0.5714286
2.0920188,-0.5714286
2.0920844,-0.5714286
2.0921376,-0.5714286
2.0894287,-0.5714286
2.0951312,-0.5714286
2.0919492,-0.5714286
2.0980897,-0.5714286
2.088063,-0.5714286
2.0775924,-0.5714286
2.071333,-0.5714286
2.0741441,-0.5714286
2.0735934,-0.5714286
2.0740867,-0.5714286
2.0757003,-0.5714286
2.0771317,-0.5714286
2.0749755,-0.5714286
2.0743613,-0.5714286
2.0828195,-0.5714286
2.0795085,-0.5714286
2.0837634,-0.5714286
2.079521,-0.5714286
2.0785012,-0.5714286
2.078532,-0.5714286
2.081474,-0.5714286
2.0869105,-0.5714286
2.077371,-0.5714286
2.0789618,-0.5714286
2.0819473,-0.5714286
2.0841892,-0.5714286
2.0812347,-0.5714286
2.083272,-0.5714286
2.079779,-0.5714286
2.086247,-0.5714286
2.083501,-0.5714286
2.0800676,-0.5714286
2.0831695,-0.5714286
2.0830753,-0.5714286
2.0758169,-0.5714286
2.090848,-0.5714286
2.0814414,-0.5714286
2.0836854,-0.5714286
2.0815542,-0.5714286
2.0876737,-0.5714286
2.0970702,-0.5714286
2.0930014,-0.5714286
2.0993366,-0.5714286
2.0989559,-0.5714286
2.096982,-0.5714286
2.1018302,-0.5714286
2.0981145,-0.5714286
2.1058967,-0.5714286
2.104103,-0.5714286
2.0991197,-0.5714286
2.1015358,-0.5714286
2.097629,-0.5714286
2.0975306,-0.5714286
2.0869899,-0.5714286
2.0853808,-0.5714286
2.0828826,-0.5714286
2.083618,-0.5714286
2.079662,-0.5714286
2.0872033,-0.5714286
2.084132,-0.5714286
2.072244,-0.5714286
2.0712407,-0.5714286
2.074652,-0.5714286
2.0731654,-0.5714286
2.0709913,-0.5714286
2.0743854,-0.5714286
2.073235,-0.5714286
2.0734644,-0.5714286
2.0683477,-0.5714286
2.0730221,-0.5714286
2.0741932,-0.5714286
2.0793815,-0.5714286
2.0707207,-0.5714286
2.0692694,-0.5714286
2.0755448,-0.5714286
2.0747359,-0.5714286
2.0728052,-0.5714286
2.0706553,-0.5714286
2.0710974,-0.5714286
2.0736773,-0.5714286
2.074742,-0.5714286
2.0750165,-0.5714286
2.072105,-0.5714286
2.0756695,-0.5714286
2.0748096,-0.5714286
2.077805,-0.5714286
2.069306,-0.5714286
2.0780876,-0.5714286
2.0764947,-0.5714286
2.0759869,-0.5714286
2.068026,-0.5714286
2.07164,-0.5714286
2.0856693,-0.5714286
2.0899878,-0.5714286
2.0889475,-0.5714286
2.0946622,-0.5714286
2.0921295,-0.5714286
2.0886323,-0.5714286
2.0883372,-0.5714286
2.0861118,-0.5714286
2.0912776,-0.5714286
2.0875022,-0.5714286
2.0928872,-0.5714286
2.0919657,-0.5714286
2.087199,-0.5714286
2.0815418,-0.5714286
2.0823915,-0.5714286
2.0823832,-0.5714286
2.0804667,-0.5714286
2.085782,-0.5714286
2.094443,-0.5714286
2.0863142,-0.5714286
2.087377,-0.5714286
2.086886,-0.5714286
2.0774202,-0.5714286
2.0696068,-0.5714286
2.0702825,-0.5714286
2.067193,-0.5714286
2.0681326,-0.5714286
2.0656226,-0.5714286
2.0671315,-0.5714286
2.0659132,-0.5714286
2.063145,-0.5714286
2.0616093,-0.5714286
2.0665681,-0.5714286
2.0612,-0.5714286
2.0598364,-0.5714286
2.0620432,-0.5714286
2.0630836,-0.5714286
2.0591564,-0.5714286
2.067154,-0.5714286
2.064963,-0.5714286
2.0603356,-0.5714286
2.0587306,-0.5714286
2.0646498,-0.5714286
2.0635054,-0.5714286
2.0630918,-0.5714286
2.0636365,-0.5714286
2.0583785,-0.5714286
2.0608969,-0.5714286
2.06095,-0.5714286
2.0594962,-0.5714286
2.0566747,-0.5714286
2.0527356,-0.5714286
2.052334,-0.5714286
2.0728624,-0.5714286
2.0739005,-0.5714286
2.075946,-0.5714286
2.074873,-0.5714286
2.076282,-0.5714286
2.0773463,-0.5714286
2.0808887,-0.5714286
2.071204,-0.5714286
2.0805364,-0.5714286
2.0730526,-0.5714286
2.0722072,-0.5714286
2.067236,-0.5714286
2.0722563,-0.5714286
2.0731328,-0.5714286
2.0776534,-0.5714286
2.0741115,-0.5714286
2.0734704,-0.5714286
2.0706756,-0.5714286
2.0724077,-0.5714286
2.0733414,-0.5714286
2.07,-0.5714286
2.074441,-0.5714286
2.0736036,-0.5714286
2.0743244,-0.5714286
2.0738204,-0.5714286
2.0618756,-0.5714286
2.0598364,-0.5714286
2.057334,-0.5714286
2.0608356,-0.5714286
2.0585995,-0.5714286
2.4306388,-0.5714286
2.1972728,-0.5714286
2.2083209,-0.5714286
2.2063062,-0.5714286
2.209521,-0.5714286
2.2097747,-0.5714286
2.2060115,-0.5714286
2.2038944,-0.5714286
2.2163553,-0.5714286
2.2109785,-0.5714286
2.2057493,-0.5714286
2.2105162,-0.5714286
2.214021,-0.5714286
2.2172236,-0.5714286
2.2074285,-0.5714286
2.2098525,-0.5714286
2.2178316,-0.5714286
2.2132616,-0.5714286
2.2104793,-0.5714286
2.20543,-0.5714286
2.2013147,-0.5714286
2.2023425,-0.5714286
2.2131534,-0.5714286
2.2133741,-0.5714286
2.2129362,-0.5714286
2.2088575,-0.5714286
2.2146518,-0.5714286
2.2105732,-0.5714286
2.212666,-0.5714286
2.2239354,-0.5714286
2.2368958,-0.5714286
2.226245,-0.5714286
2.2189353,-0.5714286
2.2198405,-0.5714286
2.2244534,-0.5714286
2.2233539,-0.5714286
2.2219124,-0.5714286
2.2192688,-0.5714286
2.222805,-0.5714286
2.2235813,-0.5714286
2.2224693,-0.5714286
2.2242422,-0.5714286
2.215475,-0.5714286
2.2162735,-0.5714286
2.2177396,-0.5714286
2.2093306,-0.5714286
2.2148445,-0.5714286
2.2168674,-0.5714286
2.2173016,-0.5714286
2.2107456,-0.5714286
2.2028868,-0.5714286
2.2044513,-0.5714286
2.2045414,-0.5714286
2.2066135,-0.5714286
2.1975553,-0.5714286
2.196429,-0.5714286
2.2004914,-0.5714286
2.194222,-0.5714286
2.1958556,-0.5714286
2.1939557,-0.5714286
1.452586,-0.5714286
0.708358,-0.5714286
0.70718044,-0.5714286
0.70549965,-0.5714286
0.7055364,-0.5714286
0.7055037,-0.5714286
0.7056306,-0.5714286
0.7052293,-0.5714286
0.70728916,-0.5714286
0.7074754,-0.5714286
0.7066421,-0.5714286
0.70763516,-0.5714286
0.7074324,-0.5714286
0.70564497,-0.5714286
0.7065316,-0.5714286
0.7111384,-0.5714286
0.72438985,-0.5714286
0.72237104,-0.5714286
0.72284204,-0.5714286
0.72526217,-0.5714286
0.7252947,-0.5714286
0.7220516,-0.5714286
0.7196192,-0.5714286
0.7209705,-0.5714286
0.71766174,-0.5714286
0.7205221,-0.5714286
0.72042584,-0.5714286
0.72106874,-0.5714286
0.71894974,-0.5714286
0.7178255,-0.5714286
0.7208231,-0.5714286
0.7223751,-0.5714286
0.7202171,-0.5714286
0.7200983,-0.5714286
0.72097033,-0.5714286
0.72040546,-0.5714286
0.71923226,-0.5714286
0.7200901,-0.5714286
0.2947215,-0.5714286
0.19603194,-0.5714286
0.19651513,-0.5714286
0.19883297,-0.5714286
0.19986486,-0.5714286
0.20196556,-0.5714286
0.20083123,-0.5714286
0.19493452,-0.5714286
0.19679362,-0.5714286
0.1966462,-0.5714286
0.19601148,-0.5714286
0.19807123,-0.5714286
0.19540541,-0.5714286
0.19558963,-0.5714286
0.19753885,-0.5714286
0.19722356,-0.5714286
0.19794023,-0.5714286
0.19628584,-0.5714286
0.19507991,-0.5714286
0.19528663,-0.5714286
0.19290745,-0.5714286
0.19025798,-0.5714286
0.19039309,-0.5714286
0.19182435,-0.5714286
0.1928378,-0.5714286
0.19340706,-0.5714286
0.19819404,-0.5714286
0.19856267,-0.5714286
0.19472562,-0.5714286
0.1932145,-0.5714286
0.19343361,-0.5714286
0.1967997,-0.5714286
0.20242414,-0.5714286
0.20445944,-0.5714286
0.19742016,-0.5714286
0.20062654,-0.5714286
0.19920143,-0.5714286
0.19819413,-0.5714286
0.1999427,-0.5714286
0.19823919,-0.5714286
0.19918306,-0.5714286
0.2002007,-0.5714286
0.20040946,-0.5714286
0.34628582,-0.5714286
0.3882064,-0.5714286
0.38565108,-0.5714286
0.3860524,-0.5714286
0.38617527,-0.5714286
0.38721955,-0.5714286
0.38722968,-0.5714286
0.38788697,-0.5714286
0.38734642,-0.5714286
0.3881491,-0.5714286
0.38828835,-0.5714286
0.38901716,-0.5714286
0.3867138,-0.5714286
0.38621008,-0.5714286
0.3836978,-0.5714286
0.38325548,-0.5714286
0.38443488,-0.5714286
0.3829771,-0.5714286
0.37374076,-0.5714286
0.3757985,-0.5714286
0.37558973,-0.5714286
0.37611386,-0.5714286
0.37808356,-0.5714286
0.37533173,-0.5714286
0.37072897,-0.5714286
0.36800173,-0.5714286
0.36706394,-0.5714286
0.3695762,-0.5714286
0.3721048,-0.5714286
0.36944714,-0.5714286
0.37220514,-0.5714286
0.37092963,-0.5714286
0.36857083,-0.5714286
0.3697359,-0.5714286
0.368321,-0.5714286
0.36989763,-0.5714286
0.3696724,-0.5714286
0.36964375,-0.5714286
0.37078214,-0.5714286
0.37326786,-0.5714286
0.37240383,-0.5714286
0.37803435,-0.5714286
0.37756348,-0.5714286
0.37759826,-0.5714286
0.3750656,-0.5714286
0.3784275,-0.5714286
0.37895575,-0.5714286
0.3782186,-0.5714286
0.37938577,-0.5714286
0.37535632,-0.5714286
0.37706396,-0.5714286
0.37546682,-0.5714286
0.37631854,-0.5714286
0.37878987,-0.5714286
0.3779812,-0.5714286
0.37407047,-0.5714286
0.3754259,-0.5714286
0.37565526,-0.5714286
0.37657252,-0.5714286
0.37752658,-0.5714286
0.3767629,-0.5714286
0.37545455,-0.5714286
0.37341937,-0.5714286
0.3731777,-0.5714286
0.37491408,-0.5714286
0.3754115,-0.5714286
0.3719942,-0.5714286
0.37351355,-0.5714286
0.37460688,-0.5714286
0.37184888,-0.5714286
0.3767629,-0.5714286
0.37426293,-0.5714286
0.3723874,-0.5714286
0.3699754,-0.5714286
0.36916873,-0.5714286
0.3679443,-0.5714286
0.3660648,-0.5714286
0.3676044,-0.5714286
0.36522117,-0.5714286
0.36807528,-0.5714286
0.36576578,-0.5714286
0.37279478,-0.5714286
0.37019044,-0.5714286
0.37081084,-0.5714286
0.3663144,-0.5714286
0.36805075,-0.5714286
0.36321047,-0.5714286
0.36396194,-0.5714286
0.36181003,-0.5714286
0.35928136,-0.5714286
0.36884108,-0.5714286
0.38469693,-0.5714286
0.3808845,-0.5714286
0.3822112,-0.5714286
0.38332313,-0.5714286
0.38760856,-0.5714286
0.386077,-0.5714286
0.38675055,-0.5714286
0.38459864,-0.5714286
0.38686323,-0.5714286
0.38954136,-0.5714286
0.3884848,-0.5714286
0.38932428,-0.5714286
0.3859091,-0.5714286
0.38610968,-0.5714286
0.38792387,-0.5714286
0.3850574,-0.5714286
0.38739553,-0.5714286
0.38885745,-0.5714286
0.39052004,-0.5714286
0.39000002,-0.5714286
0.3956757,-0.5714286
0.40136367,-0.5714286
0.3927191,-0.5714286
0.3920639,-0.5714286
0.38582316,-0.5714286
0.38855654,-0.5714286
0.37664,-0.5714286
0.38278866,-0.5714286
0.38431206,-0.5714286
0.39289927,-0.5714286
0.38860357,-0.5714286
0.38436118,-0.5714286
0.37902945,-0.5714286
0.38141686,-0.5714286
0.30318794,-0.5714286
0.24820644,-0.5714286
0.24132274,-0.5714286
0.23976049,-0.5714286
0.24232186,-0.5714286
0.24175261,-0.5714286
0.2502661,-0.5714286
0.24531536,-0.5714286
0.24196975,-0.5714286
0.24305901,-0.5714286
0.24456997,-0.5714286
0.2458886,-0.5714286
0.24458227,-0.5714286
0.2436977,-0.5714286
0.2417649,-0.5714286
0.23956591,-0.5714286
0.2420086,-0.5714286
0.24801801,-0.5714286
0.24030711,-0.5714286
0.2391032,-0.5714286
0.2393202,-0.5714286
0.24005322,-0.5714286
0.23927933,-0.5714286
0.24561425,-0.5714286
0.24677518,-0.5714286
0.24477069,-0.5714286
0.24284405,-0.5714286
0.2437019,-0.5714286
0.24254298,-0.5714286
0.24647008,-0.5714286
0.24593367,-0.5714286
0.24677518,-0.5714286
0.24637598,-0.5714286
0.24456592,-0.5714286
0.24845822,-0.5714286
0.24903761,-0.5714286
0.25148246,-0.5714286
0.24832311,-0.5714286
0.24635132,-0.5714286
0.24882466,-0.5714286
0.24750611,-0.5714286
0.25192463,-0.5714286
0.2560565,-0.5714286
0.24282965,-0.5714286
0.21159704,-0.5714286
0.21039313,-0.5714286
0.20905815,-0.5714286
0.21838453,-0.5714286
0.21213758,-0.5714286
0.22554874,-0.5714286
0.2300307,-0.5714286
0.22986493,-0.5714286
0.21819416,-0.5714286
0.2170926,-0.5714286
0.21715401,-0.5714286
0.21858317,-0.5714286
0.22767201,-0.5714286
0.2256511,-0.5714286
0.21724819,-0.5714286
0.21517195,-0.5714286
0.21647416,-0.5714286
0.21716219,-0.5714286
0.21488537,-0.5714286
0.2131245,-0.5714286
0.21487719,-0.5714286
0.21530302,-0.5714286
0.21541774,-0.5714286
0.2112489,-0.5714286
0.20987104,-0.5714286
0.20831291,-0.5714286
0.21104419,-0.5714286
0.21124072,-0.5714286
0.2136978,-0.5714286
0.21267198,-0.5714286
0.22594188,-0.5714286
0.21804667,-0.5714286
0.21870598,-0.5714286
0.22830875,-0.5714286
0.22062656,-0.5714286
0.22290534,-0.5714286
0.2234521,-0.5714286
0.2261261,-0.5714286
0.22396806,-0.5714286
0.21851966,-0.5714286
0.2201434,-0.5714286
0.21970512,-0.5714286
0.22262079,-0.5714286
0.22551598,-0.5714286
0.2254218,-0.5714286
0.2253481,-0.5714286
0.22432025,-0.5714286
0.22626947,-0.5714286
0.22327597,-0.5714286
0.2294472,-0.5714286
0.22475432,-0.5714286
0.22129817,-0.5714286
0.21867321,-0.5714286
0.21690005,-0.5714286
0.22280097,-0.5714286
0.22192878,-0.5714286
0.21941021,-0.5714286
0.2241073,-0.5714286
0.21922201,-0.5714286
0.22003691,-0.5714286
0.22063062,-0.5714286
0.22257377,-0.5714286
0.22231568,-0.5714286
0.23152749,-0.5714286
0.26613024,-0.5714286
0.25501844,-0.5714286
0.22347258,-0.5714286
0.22389434,-0.5714286
0.2245455,-0.5714286
0.25875923,-0.5714286
0.33178538,-0.5714286
0.2759665,-0.5714286
0.2619656,-0.5714286
0.2811855,-0.5714286
0.28056917,-0.5714286
0.28042385,-0.5714286
0.27181205,-0.5714286
0.22982188,-0.5714286
0.21189187,-0.5714286
0.17853802,-0.5714286
0.036023714,-0.5714286
0.037416052,-0.5714286
0.03760853,-0.5714286
0.038316958,-0.5714286
0.037031095,-0.5714286
0.03739558,-0.5714286
0.037162162,-0.5714286
0.037014674,-0.5714286
0.039123684,-0.5714286
0.038703937,-0.5714286
0.03670762,-0.5714286
0.057268597,-0.5714286
0.045868143,-0.5714286
0.03362407,-0.5714286
0.035425883,-0.5714286
0.034533225,-0.5714286
0.033787906,-0.5714286
0.034078613,-0.5714286
0.03427514,-0.5714286
0.034037672,-0.5714286
0.034471743,-0.5714286
0.035290692,-0.5714286
0.03558552,-0.5714286
0.03471333,-0.5714286
0.036539737,-0.5714286
0.03589272,-0.5714286
0.03521706,-0.5714286
0.035884548,-0.5714286
0.035165846,-0.5714286
0.035548706,-0.5714286
0.03497952,-0.5714286
0.035227332,-0.5714286
0.036138438,-0.5714286
0.036339086,-0.5714286
0.03570639,-0.5714286
0.035233483,-0.5714286
0.036580678,-0.5714286
0.03606878,-0.5714286
0.037280932,-0.5714286
0.038513485,-0.5714286
0.038345598,-0.5714286
0.03773135,-0.5714286
0.03776824,-0.5714286
0.039557755,-0.5714286
0.0392588,-0.5714286
0.039275147,-0.5714286
0.03864245,-0.5714286
0.037604403,-0.5714286
0.038599562,-0.5714286
0.036455832,-0.5714286
0.035888597,-0.5714286
0.03600122,-0.5714286
0.03717446,-0.5714286
0.03727276,-0.5714286
0.037321873,-0.5714286
0.03705569,-0.5714286
0.045620404,-0.5714286
0.03779688,-0.5714286
0.039176848,-0.5714286
0.03809996,-0.5714286
0.07528259,-0.5714286
0.07647008,-0.5714286
0.07377553,-0.5714286
0.07510234,-0.5714286
0.075792395,-0.5714286
0.10004509,-0.5714286
0.07774372,-0.5714286
0.07562653,-0.5714286
0.069926344,-0.5714286
0.06624691,-0.5714286
0.059238292,-0.5714286
0.06718268,-0.5714286
0.07290537,-0.5714286
0.07802212,-0.5714286
0.07536035,-0.5714286
0.05981985,-0.5714286
0.059504554,-0.5714286
0.059074532,-0.5714286
0.061597068,-0.5714286
0.062960684,-0.5714286
0.057438582,-0.5714286
0.07606473,-0.5714286
0.08301801,-0.5714286
0.07778458,-0.5714286
0.07180591,-0.5714286
0.062313672,-0.5714286
0.061515115,-0.5714286
0.07132266,-0.5714286
0.05855446,-0.5714286
0.052866567,-0.5714286
0.053648703,-0.5714286
0.052473363,-0.5714286
0.055909105,-0.5714286
0.053273942,-0.5714286
0.048679363,-0.5714286
0.05035213,-0.5714286
0.039205566,-0.5714286
0.03057734,-0.5714286
0.030921355,-0.5714286
0.032878827,-0.5714286
0.03563066,-0.5714286
0.03387796,-0.5714286
0.040903002,-0.5714286
0.02880222,-0.5714286
0.022542968,-0.5714286
0.02195331,-0.5714286
0.0217936,-0.5714286
0.021818195,-0.5714286
0.023734577,-0.5714286
-0.05668715,-0.5714286
-0.16695946,-0.5714286
-0.20061015,-0.5714286
-0.22965603,-0.5714286
-0.3378092,-0.5714286
-0.41712528,-0.5714286
-0.25385752,-0.5714286
-0.23250611,-0.5714286
-0.23821047,-0.5714286
-0.24029484,-0.5714286
-0.24043818,-0.5714286
-0.23934071,-0.5714286
-0.2383661,-0.5714286
-0.21540132,-0.5714286
-0.22446766,-0.5714286
-0.23234645,-0.5714286
-0.23686732,-0.5714286
-0.23923835,-0.5714286
-0.22765765,-0.5714286
-0.2405938,-0.5714286
-0.22702701,-0.5714286
-0.21922198,-0.5714286
-0.21484852,-0.5714286
-0.22259623,-0.5714286
-0.21641687,-0.5714286
-0.22185503,-0.5714286
-0.21213762,-0.5714286
-0.20249388,-0.5714286
-0.20377149,-0.5714286
-0.21922606,-0.5714286
-0.22420968,-0.5714286
-0.22831696,-0.5714286
-0.21210073,-0.5714286
-0.22494267,-0.5714286
-0.22494473,-0.5714286
-0.23043613,-0.5714286
-0.22495084,-0.5714286
-0.21529892,-0.5714286
-0.22160935,-0.5714286
-0.22402129,-0.5714286
-0.20599511,-0.5714286
-0.2022113,-0.5714286
-0.22119167,-0.5714286
-0.21441032,-0.5714286
-0.22175677,-0.5714286
-0.2217895,-0.5714286
-0.21182431,-0.5714286
-0.20565519,-0.5714286
-0.20110154,-0.5714286
-0.22248158,-0.5714286
-0.22317569,-0.5714286
-0.22340296,-0.5714286
-0.23402949,-0.5714286
-0.21106061,-0.5714286
-0.21026616,-0.5714286
-0.21072482,-0.5714286
-0.23246112,-0.5714286
-0.23300163,-0.5714286
-0.2324816,-0.5714286
-0.23306717,-0.5714286
-0.232414,-0.5714286
-0.23205975,-0.5714286
-0.2372113,-0.5714286
-0.24837837,-0.5714286
-0.24531941,-0.5714286
-0.24561015,-0.5714286
-0.24606878,-0.5714286
-0.2456593,-0.5714286
-0.24287471,-0.5714286
-0.24112411,-0.5714286
-0.2428788,-0.5714286
-0.24462737,-0.5714286
-0.24553236,-0.5714286
-0.24572071,-0.5714286
-0.2456511,-0.5714286
-0.24478295,-0.5714286
-0.24440213,-0.5714286
-0.24382882,-0.5714286
-0.24676083,-0.5714286
-0.24567568,-0.5714286
-0.24540542,-0.5714286
-0.24427518,-0.5714286
-0.2462244,-0.5714286
-0.24653153,-0.5714286
-0.24537265,-0.5714286
-0.24571663,-0.5714286
-0.24371623,-0.5714286
-0.24516585,-0.5714286
-0.23150694,-0.5714286
-0.24515153,-0.5714286
-0.24632679,-0.5714286
-0.24529894,-0.5714286
-0.24589066,-0.5714286
-0.24620803,-0.5714286
-0.24476042,-0.5714286
-0.24579851,-0.5714286
-0.24460071,-0.5714286
-0.24855855,-0.5714286
-0.24665852,-0.5714286
-0.24945125,-0.5714286
-0.25062653,-0.5714286
-0.24538082,-0.5714286
-0.23490171,-0.5714286
-0.22550777,-0.5714286
-0.23166257,-0.5714286
-0.23955774,-0.5714286
-0.23928133,-0.5714286
-0.2392793,-0.5714286
-0.23932023,-0.5714286
-0.24060197,-0.5714286
-0.23998772,-0.5714286
-0.24073094,-0.5714286
-0.23952703,-0.5714286
-0.23939393,-0.5714286
-0.23603603,-0.5714286
-0.23675676,-0.5714286
-0.24027438,-0.5714286
-0.23932841,-0.5714286
-0.23762903,-0.5714286
-0.23797907,-0.5714286
-0.23853806,-0.5714286
-0.2392793,-0.5714286
-0.24004501,-0.5714286
-0.23956388,-0.5714286
-0.23904996,-0.5714286
-0.23900494,-0.5714286
-0.2390827,-0.5714286
-0.23897626,-0.5714286
-0.23942262,-0.5714286
-0.23995084,-0.5714286
-0.23917282,-0.5714286
-0.2389742,-0.5714286
-0.23834768,-0.5714286
-0.23870187,-0.5714286
-0.2401925,-0.5714286
-0.2407371,-0.5714286
-0.2390295,-0.5714286
-0.23864251,-0.5714286
-0.23646602,-0.5714286
-0.23646602,-0.5714286
-0.23634724,-0.5714286
-0.23663798,-0.5714286
-0.23613434,-0.5714286
-0.23549755,-0.5714286
-0.23504913,-0.5714286
-0.23784189,-0.5714286
-0.23595823,-0.5714286
-0.23635542,-0.5714286
-0.23802826,-0.5714286
-0.23765354,-0.5714286
-0.23852581,-0.5714286
-0.23823503,-0.5714286
-0.23921788,-0.5714286
-0.23685506,-0.5714286
-0.23808356,-0.5714286
-0.23734646,-0.5714286
-0.23882881,-0.5714286
-0.23676905,-0.5714286
-0.23878786,-0.5714286
-0.2400573,-0.5714286
-0.23907451,-0.5714286
-0.23994678,-0.5714286
-0.23815723,-0.5714286
-0.23516381,-0.5714286
-0.23917691,-0.5714286
0.24139231,-0.5714286
-0.075380854,-0.5714286
-0.068394765,-0.5714286
-0.06739151,-0.5714286
-0.06572073,-0.5714286
-0.06847256,-0.5714286
-0.067256354,-0.5714286
-0.068961926,-0.5714286
-0.06994677,-0.5714286
-0.06857903,-0.5714286
-0.070202686,-0.5714286
-0.071478315,-0.5714286
-0.07513514,-0.5714286
-0.07751843,-0.5714286
-0.07798932,-0.5714286
-0.07641275,-0.5714286
-0.0783231,-0.5714286
-0.081150666,-0.5714286
-0.08280915,-0.5714286
-0.08202705,-0.5714286
-0.08257985,-0.5714286
-0.08495902,-0.5714286
-0.08503277,-0.5714286
-0.08644962,-0.5714286
-0.089367315,-0.5714286
-0.08758601,-0.5714286
-0.089111365,-0.5714286
-0.08925679,-0.5714286
-0.091220304,-0.5714286
-0.09187961,-0.5714286
-0.09316338,-0.5714286
-0.091554046,-0.5714286
-0.09357083,-0.5714286
-0.09170761,-0.5714286
-0.09190826,-0.5714286
-0.095004104,-0.5714286
-0.0938002,-0.5714286
-0.09479727,-0.5714286
-0.09454957,-0.5714286
-0.09473387,-0.5714286
-0.094852604,-0.5714286
-0.094504505,-0.5714286
-0.09455366,-0.5714286
-0.09645373,-0.5714286
-0.09818184,-0.5714286
-0.09681405,-0.5714286
-0.09503279,-0.5714286
-0.097395614,-0.5714286
-0.09687348,-0.5714286
-0.09660114,-0.5714286
-0.097954564,-0.5714286
-0.09725225,-0.5714286
-0.097158074,-0.5714286
-0.096642084,-0.5714286
-0.09795659,-0.5714286
-0.09759623,-0.5714286
-0.09605243,-0.5714286
-0.09694512,-0.5714286
-0.09704339,-0.5714286
-0.09616711,-0.5714286
-0.09515152,-0.5714286
-0.09545452,-0.5714286
-0.09605037,-0.5714286
-0.09819413,-0.5714286
-0.09841522,-0.5714286
-0.098161325,-0.5714286
-0.097178504,-0.5714286
-0.09774364,-0.5714286
-0.09773959,-0.5714286
-0.09938574,-0.5714286
-0.09729727,-0.5714286
-0.09768223,-0.5714286
-0.09757988,-0.5714286
-0.098988526,-0.5714286
-0.07884111,-0.5714286
-0.076126136,-0.5714286
-0.09846024,-0.5714286
-0.09803851,-0.5714286
-0.096961506,-0.5714286
-0.09813883,-0.5714286
-0.08941444,-0.5714286
-0.07929157,-0.5714286
-0.073765375,-0.5714286
-0.0892875,-0.5714286
-0.08811628,-0.5714286
-0.088968076,-0.5714286
-0.089230135,-0.5714286
-0.08969904,-0.5714286
-0.087833755,-0.5714286
-0.08764949,-0.5714286
-0.08839477,-0.5714286
-0.08776409,-0.5714286
-0.086351365,-0.5714286
-0.08791158,-0.5714286
-0.087154,-0.5714286
-0.08808764,-0.5714286
-0.08910728,-0.5714286
-0.089655995,-0.5714286
-0.09357904,-0.5714286
-0.09987305,-0.5714286
-0.098759234,-0.5714286
-0.098837025,-0.5714286
-0.0985299,-0.5714286
-0.098329246,-0.5714286
-0.09826169,-0.5714286
-0.09834151,-0.5714286
-0.09785626,-0.5714286
-0.09845615,-0.5714286
-0.09799757,-0.5714286
-0.09933663,-0.5714286
-0.09941645,-0.5714286
-0.09773952,-0.5714286
-0.09925062,-0.5714286
-0.09938574,-0.5714286
-0.0988452,-0.5714286
-0.099303864,-0.5714286
-0.09867319,-0.5714286
-0.09185911,-0.5714286
-0.10040542,-0.5714286
-0.099954925,-0.5714286
-0.09848484,-0.5714286
-0.09749999,-0.5714286
-0.09795453,-0.5714286
-0.09628584,-0.5714286
-0.09597051,-0.5714286
-0.09360769,-0.5714286
-0.09187343,-0.5714286
-0.09736281,-0.5714286
-0.09755116,-0.5714286
-0.09774773,-0.5714286
-0.09669945,-0.5714286
-0.09698202,-0.5714286
-0.09424653,-0.5714286
-0.09630632,-0.5714286
-0.09732183,-0.5714286
-0.0969861,-0.5714286
-0.09863634,-0.5714286
-0.09773952,-0.5714286
-0.09871829,-0.5714286
-0.09711304,-0.5714286
-0.097387366,-0.5714286
-0.09772111,-0.5714286
-0.0965725,-0.5714286
-0.096038066,-0.5714286
-0.096519224,-0.5714286
-0.09705568,-0.5714286
-0.095843606,-0.5714286
-0.09627763,-0.5714286
-0.0956593,-0.5714286
-0.09635547,-0.5714286
-0.09778053,-0.5714286
-0.09756346,-0.5714286
-0.09833742,-0.5714286
-0.09844596,-0.5714286
-0.097573735,-0.5714286
-0.097354636,-0.5714286
-0.0978788,-0.5714286
-0.09869778,-0.5714286
-0.09846436,-0.5714286
-0.09871413,-0.5714286
-0.09903768,-0.5714286
-0.098140895,-0.5714286
-0.09819822,-0.5714286
-0.09639232,-0.5714286
-0.098980315,-0.5714286
-0.098791964,-0.5714286
-0.097715,-0.5714286
-0.098050766,-0.5714286
-0.09549142,-0.5714286
-0.10033988,-0.5714286
-0.086879574,-0.5714286
-0.07704343,-0.5714286
-0.07586404,-0.5714286
-0.08117938,-0.5714286
-0.07514129,-0.5714286
-0.07675673,-0.5714286
-0.08441443,-0.5714286
-0.08508192,-0.5714286
-0.08396398,-0.5714286
-0.08557328,-0.5714286
-0.0842711,-0.5714286
-0.08512286,-0.5714286
-0.08495089,-0.5714286
-0.08270882,-0.5714286
-0.08228499,-0.5714286
-0.082833745,-0.5714286
-0.0834685,-0.5714286
-0.08317776,-0.5714286
-0.082444735,-0.5714286
-0.07349304,-0.5714286
-0.07074942,-0.5714286
-0.074324325,-0.5714286
-0.076689176,-0.5714286
-0.08251432,-0.5714286
-0.08162571,-0.5714286
-0.084870994,-0.5714286
-0.089582324,-0.5714286
-0.08811628,-0.5714286
-0.0892629,-0.5714286
-0.08855448,-0.5714286
-0.08727889,-0.5714286
-0.08717856,-0.5714286
-0.08692876,-0.5714286
-0.08855035,-0.5714286
-0.08764128,-0.5714286
-0.08791563,-0.5714286
-0.0872195,-0.5714286
-0.08716833,-0.5714286
-0.08773957,-0.5714286
-0.08906634,-0.5714286
-0.09012287,-0.5714286
-0.089201495,-0.5714286
-0.08753071,-0.5714286
-0.08798529,-0.5714286
-0.08688373,-0.5714286
-0.08737715,-0.5714286
-0.08617114,-0.5714286
-0.08590912,-0.5714286
-0.084737904,-0.5714286
-0.08687961,-0.5714286
-0.08837842,-0.5714286
-0.090049125,-0.5714286
-0.09118547,-0.5714286
-0.089778855,-0.5714286
-0.088513464,-0.5714286
-0.0896683,-0.5714286
-0.09050779,-0.5714286
-0.089238346,-0.5714286
-0.08880222,-0.5714286
-0.08940627,-0.5714286
-0.089664206,-0.5714286
-0.09038902,-0.5714286
-0.091220304,-0.5714286
-0.0886241,-0.5714286
-0.088529885,-0.5714286
-0.09029484,-0.5714286
-0.08980757,-0.5714286
-0.08953317,-0.5714286
-0.090282544,-0.5714286
-0.090950035,-0.5714286
-0.09189188,-0.5714286
-0.090995096,-0.5714286
-0.091814086,-0.5714286
-0.09121213,-0.5714286
-0.0902416,-0.5714286
-0.18224408,-0.5714286
-0.24019043,-0.5714286
-0.23882678,-0.5714286
-0.23814906,-0.5714286
-0.22493859,-0.5714286
-0.23096232,-0.5714286
-0.23191646,-0.5714286
-0.23135953,-0.5714286
-0.23175675,-0.5714286
-0.23162572,-0.5714286
-0.23259212,-0.5714286
-0.21266583,-0.5714286
-0.22924651,-0.5714286
-0.23204753,-0.5714286
-0.23138207,-0.5714286
-0.23063472,-0.5714286
-0.2316462,-0.5714286
-0.23277028,-0.5714286
-0.23253888,-0.5714286
-0.22707616,-0.5714286
-0.22436734,-0.5714286
-0.2318714,-0.5714286
-0.23652743,-0.5714286
-0.23782964,-0.5714286
-0.23887593,-0.5714286
-0.23811632,-0.5714286
-0.23862815,-0.5714286
-0.23902945,-0.5714286
-0.23863636,-0.5714286
-0.23789926,-0.5714286
-0.23755936,-0.5714286
-0.21893734,-0.5714286
-0.22781736,-0.5714286
-0.23353809,-0.5714286
-0.23616298,-0.5714286
-0.2385504,-0.5714286
-0.23839477,-0.5714286
-0.2381368,-0.5714286
-0.23819004,-0.5714286
-0.23774363,-0.5714286
-0.2378747,-0.5714286
-0.23805076,-0.5714286
-0.23693694,-0.5714286
-0.23789315,-0.5714286
-0.23869368,-0.5714286
-0.23925062,-0.5714286
-0.24059582,-0.5714286
-0.2393161,-0.5714286
-0.24033988,-0.5714286
-0.24071254,-0.5714286
-0.24126537,-0.5714286
-0.24169531,-0.5714286
-0.24009213,-0.5714286
-0.23943488,-0.5714286
-0.2381245,-0.5714286
-0.23847051,-0.5714286
-0.2403194,-0.5714286
-0.23959868,-0.5714286
-0.23925677,-0.5714286
-0.23872232,-0.5714286
-0.23761672,-0.5714286
-0.23848073,-0.5714286
-0.23923422,-0.5714286
-0.24004914,-0.5714286
-0.23979115,-0.5714286
-0.24045865,-0.5714286
-0.23808356,-0.5714286
-0.2385381,-0.5714286
-0.23880428,-0.5714286
-0.23955366,-0.5714286
-0.24073099,-0.5714286
-0.23895578,-0.5714286
-0.2392752,-0.5714286
-0.23890664,-0.5714286
-0.23914823,-0.5714286
-0.24026208,-0.5714286
-0.23816341,-0.5714286
-0.23852989,-0.5714286
-0.23710482,-0.5714286
-0.23732801,-0.5714286
-0.23696563,-0.5714286
-0.23774366,-0.5714286
-0.23829849,-0.5714286
-0.23719491,-0.5714286
-0.23866092,-0.5714286
-0.23785423,-0.5714286
-0.2387797,-0.5714286
-0.23806714,-0.5714286
-0.23838247,-0.5714286
-0.23940417,-0.5714286
-0.23963965,-0.5714286
-0.23987716,-0.5714286
-0.23989561,-0.5714286
-0.24056512,-0.5714286
-0.23970924,-0.5714286
-0.23981576,-0.5714286
-0.23945947,-0.5714286
-0.23977068,-0.5714286
-0.23919329,-0.5714286
-0.23937348,-0.5714286
-0.23861791,-0.5714286
-0.23850533,-0.5714286
-0.23929565,-0.5714286
-0.23972972,-0.5714286
-0.23954135,-0.5714286
-0.24049138,-0.5714286
-0.24077395,-0.5714286
-0.24071254,-0.5714286
-0.23968881,-0.5714286
-0.23988946,-0.5714286
-0.2444779,-0.5714286
-0.24782144,-0.5714286
-0.2473669,-0.5714286
-0.24949631,-0.5714286
-0.25019658,-0.5714286
-0.2500164,-0.5714286
-0.24880427,-0.5714286
-0.2489189,-0.5714286
-0.2495086,-0.5714286
-0.24922603,-0.5714286
-0.249957,-0.5714286
-0.25,-0.5714286
-0.2505221,-0.5714286
-0.25014332,-0.5714286
-0.25038496,-0.5714286
-0.24988532,-0.5714286
-0.24984029,-0.5714286
-0.24866705,-0.5714286
-0.24891482,-0.5714286
-0.24867323,-0.5714286
-0.24864456,-0.5714286
-0.24910317,-0.5714286
-0.2495987,-0.5714286
-0.24871005,-0.5714286
-0.24589682,-0.5714286
-0.2493796,-0.5714286
-0.24847667,-0.5714286
-0.24551597,-0.5714286
-0.24840292,-0.5714286
-0.24744469,-0.5714286
-0.24832922,-0.5714286
-0.24780919,-0.5714286
-0.24991399,-0.5714286
-0.24904177,-0.5714286
-0.24986893,-0.5714286
-0.24868962,-0.5714286
-0.24879201,-0.5714286
-0.24804668,-0.5714286
-0.24778458,-0.5714286
-0.24889436,-0.5714286
-0.24864043,-0.5714286
-0.24884933,-0.5714286
-0.24901718,-0.5714286
-0.24588042,-0.5714286
-0.24487102,-0.5714286
-0.24282965,-0.5714286
-0.24644965,-0.5714286
-0.24641688,-0.5714286
-0.24955367,-0.5714286
-0.24742831,-0.5714286
-0.2473055,-0.5714286
-0.24593367,-0.5714286
-0.1357248,-0.5714286
-0.10348485,-0.5714286
-0.1171908,-0.5714286
-0.118716225,-0.5714286
-0.11902335,-0.5714286
-0.117837854,-0.5714286
-0.11842346,-0.5714286
-0.11877153,-0.5714286
-0.1204341,-0.5714286
-0.12117938,-0.5714286
-0.12116708,-0.5714286
-0.12189594,-0.5714286
-0.108898416,-0.5714286
0.15132272,-0.5714286
0.34261268,-0.5714286
0.41770685,-0.5714286
0.40693286,-0.5714286
0.38382062,-0.5714286
0.3811056,-0.5714286
0.37794834,-0.5714286
0.37603197,-0.5714286
0.37363234,-0.5714286
0.37380224,-0.5714286
0.38173217,-0.5714286
0.3835504,-0.5714286
-0.10770883,-0.5714286
-0.10910934,-0.5714286
-0.10927111,-0.5714286
-0.10856265,-0.5714286
-0.11000001,-0.5714286
-0.10884113,-0.5714286
-0.10854221,-0.5714286
-0.109684676,-0.5714286
0.4331941,-0.5714286
1.2578214,-0.5714286
0.8116647,-0.5714286
0.73872226,-0.5714286
0.74024576,-0.5714286
0.7336855,-0.5714286
0.74010223,-0.5714286
0.73307526,-0.5714286
0.7393427,-0.5714286
0.7366174,-0.5714286
0.7372051,-0.5714286
0.73402125,-0.5714286
0.7329607,-0.5714286
0.73315114,-0.5714286
0.73011667,-0.5714286
0.73276407,-0.5714286
0.7248567,-0.5714286
0.72677726,-0.5714286
0.7242301,-0.5714286
0.7243612,-0.5714286
0.7271868,-0.5714286
0.72678745,-0.5714286
0.72370195,-0.5714286
0.7220107,-0.5714286
0.7220762,-0.5714286
0.7217445,-0.5714286
0.7228256,-0.5714286
0.720215,-0.5714286
0.7238002,-0.5714286
0.72214985,-0.5714286
0.7213945,-0.5714286
0.7258724,-0.5714286
0.71923226,-0.5714286
0.71887404,-0.5714286
0.71842337,-0.5714286
0.71275175,-0.5714286
0.71753067,-0.5714286
0.71882063,-0.5714286
0.71633095,-0.5714286
0.7155528,-0.5714286
0.7138759,-0.5714286
0.7122318,-0.5714286
0.7116995,-0.5714286
0.708618,-0.5714286
0.70761263,-0.5714286
0.7076782,-0.5714286
0.7061998,-0.5714286
0.71125305,-0.5714286
0.70681816,-0.5714286
0.7098894,-0.5714286
0.7066625,-0.5714286
0.70874697,-0.5714286
0.7092751,-0.5714286
0.7070434,-0.5714286
0.707801,-0.5714286
0.7070557,-0.5714286
0.7052272,-0.5714286
0.70191646,-0.5714286
0.703059,-0.5714286
0.69859535,-0.5714286
0.70191646,-0.5714286
0.7011425,-0.5714286
0.6996478,-0.5714286
0.7018119,-0.5714286
0.7005834,-0.5714286
0.70286244,-0.5714286
0.70297295,-0.5714286
0.70340306,-0.5714286
0.71637595,-0.5714286
0.7223424,-0.5714286
0.71669537,-0.5714286
0.7050451,-0.5714286
0.70785004,-0.5714286
0.70633495,-0.5714286
0.7038165,-0.5714286
0.6963801,-0.5714286
0.6975799,-0.5714286
0.7008232,-0.5714286
0.69943064,-0.5714286
0.71484435,-0.5714286
0.70812446,-0.5714286
0.7025635,-0.5714286
0.7022359,-0.5714286
0.7053644,-0.5714286
0.70323086,-0.5714286
0.7007862,-0.5714286
0.70059377,-0.5714286
0.70421374,-0.5714286
0.69697785,-0.5714286
0.7024448,-0.5714286
0.7021213,-0.5714286
0.7040704,-0.5714286
0.7135176,-0.5714286
0.71399885,-0.5714286
0.70426905,-0.5714286
0.70215803,-0.5714286
0.7041482,-0.5714286
0.70367324,-0.5714286
0.7050327,-0.5714286
0.70347667,-0.5714286
0.70209265,-0.5714286
0.70479107,-0.5714286
0.7047133,-0.5714286
0.7038862,-0.5714286
0.70767206,-0.5714286
0.6187674,-0.5714286
0.5474569,-0.5714286
0.5391768,-0.5714286
0.5436036,-0.5714286
0.53729314,-0.5714286
0.5401638,-0.5714286
0.5421438,-0.5714286
0.5426044,-0.5714286
0.544527,-0.5714286
0.5408845,-0.5714286
0.5424631,-0.5714286
0.536425,-0.5714286
0.53959876,-0.5714286
0.53849506,-0.5714286
0.5390991,-0.5714286
0.5457186,-0.5714286
0.5464496,-0.5714286
0.54361796,-0.5714286
0.54475427,-0.5714286
0.54407865,-0.5714286
0.54667073,-0.5714286
0.5407249,-0.5714286
0.5462736,-0.5714286
0.54413396,-0.5714286
0.54702294,-0.5714286
0.5480262,-0.5714286
0.54828614,-0.5714286
0.549054,-0.5714286
0.5481368,-0.5714286
0.5456757,-0.5714286
0.54773337,-0.5714286
0.5481163,-0.5714286
0.5389067,-0.5714286
0.5457043,-0.5714286
0.5453992,-0.5714286
0.5385217,-0.5714286
0.5368019,-0.5714286
0.5381327,-0.5714286
0.5371048,-0.5714286
0.5380181,-0.5714286
0.53678745,-0.5714286
0.5375922,-0.5714286
-0.24177724,-0.5714286
-0.24056512,-0.5714286
-0.22723587,-0.5714286
-0.23312655,-0.5714286
-0.23359133,-0.5714286
-0.23039928,-0.5714286
-0.23689191,-0.5714286
-0.23613434,-0.5714286
-0.23519245,-0.5714286
-0.23176083,-0.5714286
-0.23482388,-0.5714286
-0.23411548,-0.5714286
-0.23537469,-0.5714286
-0.23327191,-0.5714286
-0.23223998,-0.5714286
-0.2310012,-0.5714286
-0.22986485,-0.5714286
-0.23719288,-0.5714286
-0.23660323,-0.5714286
-0.23912776,-0.5714286
-0.23771907,-0.5714286
-0.23593365,-0.5714286
-0.23732598,-0.5714286
-0.23447172,-0.5714286
-0.23607288,-0.5714286
-0.239656,-0.5714286
-0.23939188,-0.5714286
-0.24061424,-0.5714286
-0.2399836,-0.5714286
-0.23950858,-0.5714286
-0.24000002,-0.5714286
-0.2399058,-0.5714286
-0.23919737,-0.5714286
-0.23849712,-0.5714286
-0.23941854,-0.5714286
-0.23941648,-0.5714286
-0.24013922,-0.5714286
-0.2381122,-0.5714286
-0.24068794,-0.5714286
-0.23787062,-0.5714286
-0.23784602,-0.5714286
-0.23735872,-0.5714286
-0.23716219,-0.5714286
-0.23734233,-0.5714286
-0.23923835,-0.5714286
-0.2380385,-0.5714286
-0.23979115,-0.5714286
-0.23886979,-0.5714286
-0.24033785,-0.5714286
-0.23862815,-0.5714286
-0.23794226,-0.5714286
-0.23838656,-0.5714286
-0.23709252,-0.5714286
-0.2360135,-0.5714286
-0.2314046,-0.5714286
-0.23488942,-0.5714286
-0.2441196,-0.5714286
-0.24393937,-0.5714286
-0.24804668,-0.5714286
-0.24345618,-0.5714286
-0.24672401,-0.5714286
-0.24829237,-0.5714286
-0.24689189,-0.5714286
-0.24883905,-0.5714286
-0.24835794,-0.5714286
-0.24625717,-0.5714286
-0.24716216,-0.5714286
-0.23839065,-0.5714286
-0.24622853,-0.5714286
-0.2452252,-0.5714286
-0.2477191,-0.5714286
-0.27038082,-0.5714286
-0.26955363,-0.5714286
-0.26895577,-0.5714286
-0.26905406,-0.5714286
-0.26921788,-0.5714286
-0.26921374,-0.5714286
-0.26919326,-0.5714286
-0.26870596,-0.5714286
-0.21294023,-0.5714286
-0.119920135,-0.5714286
-0.12106469,-0.5714286
-0.12281938,-0.5714286
-0.12356879,-0.5714286
-0.123574935,-0.5714286
-0.1247502,-0.5714286
-0.124406256,-0.5714286
-0.1245987,-0.5714286
-0.12452087,-0.5714286
-0.124946766,-0.5714286
-0.12445533,-0.5714286
-0.12487099,-0.5714286
-0.12473381,-0.5714286
-0.12488531,-0.5714286
-0.030307105,-0.5714286
0.06535013,-0.5714286
0.0022931674,-0.5714286
-0.12399262,-0.5714286
-0.12368141,-0.5714286
-0.123390704,-0.5714286
-0.122796886,-0.5714286
-0.12280097,-0.5714286
0.05283785,-0.5714286
0.037764117,-0.5714286
0.04456189,-0.5714286
0.04555277,-0.5714286
0.046220332,-0.5714286
0.04746106,-0.5714286
0.046715815,-0.5714286
0.047575705,-0.5714286
0.04831285,-0.5714286
0.04836609,-0.5714286
0.047837842,-0.5714286
0.04818793,-0.5714286
0.047499973,-0.5714286
0.04679357,-0.5714286
0.04479118,-0.5714286
0.04544225,-0.5714286
0.04748775,-0.5714286
0.046375923,-0.5714286
0.046142504,-0.5714286
0.04459053,-0.5714286
0.043644562,-0.5714286
0.043108065,-0.5714286
0.04386973,-0.5714286
0.04246105,-0.5714286
0.04226047,-0.5714286
0.04150698,-0.5714286
0.042448826,-0.5714286
0.042997543,-0.5714286
0.041482385,-0.5714286
0.041637972,-0.5714286
0.042862426,-0.5714286
0.042399712,-0.5714286
0.041461915,-0.5714286
0.042936057,-0.5714286
0.042551175,-0.5714286
0.04315718,-0.5714286
0.043038484,-0.5714286
0.04276,-0.5714286
0.04201468,-0.5714286
0.041773167,-0.5714286
0.04187139,-0.5714286
0.04199024,-0.5714286
0.041969694,-0.5714286
0.04133497,-0.5714286
0.042543005,-0.5714286
0.043963984,-0.5714286
0.044281382,-0.5714286
0.043034434,-0.5714286
0.04274358,-0.5714286
0.044557765,-0.5714286
0.043300543,-0.5714286
0.043259606,-0.5714286
0.044256788,-0.5714286
0.04356673,-0.5714286
0.04390662,-0.5714286
0.04547914,-0.5714286
0.045941852,-0.5714286
0.045663368,-0.5714286
0.046199866,-0.5714286
0.04619574,-0.5714286
0.04558149,-0.5714286
0.04507986,-0.5714286
0.045810785,-0.5714286
0.047051657,-0.5714286
0.045675665,-0.5714286
0.047092523,-0.5714286
0.046212085,-0.5714286
-0.06208029,-0.5714286
-0.09331286,-0.5714286
0.3737838,-0.5714286
0.91366494,-0.5714286
1.075479,-0.5714286
1.2521745,-0.5714286
1.4665785,-0.5714286
1.6371621,-0.5714286
1.9148363,-0.5714286
2.0554874,-0.5714286
2.0681121,-0.5714286
1.8364292,-0.5714286
1.748837,-0.5714286
1.698624,-0.5714286
1.669222,-0.5714286
1.6564331,-0.5714286
1.644652,-0.5714286
1.6399816,-0.5714286
1.6402764,-0.5714286
1.6354545,-0.5714286
1.6322544,-0.5714286
1.6344657,-0.5714286
1.6301844,-0.5714286
1.6335628,-0.5714286
1.634832,-0.5714286
1.6240048,-0.5714286
1.6232269,-0.5714286
1.6258231,-0.5714286
1.622633,-0.5714286
1.6177274,-0.5714286
1.618575,-0.5714286
1.6212612,-0.5714286
1.4845374,-0.5714286
1.5875062,-0.5714286
1.619959,-0.5714286
1.6216174,-0.5714286
1.6191155,-0.5714286
1.621204,-0.5714286
1.635123,-0.5714286
1.6366094,-0.5714286
1.6282064,-0.5714286
1.6242875,-0.5714286
1.6216954,-0.5714286
1.6209215,-0.5714286
1.6206818,-0.5714286
1.6219778,-0.5714286
1.6189517,-0.5714286
1.6178461,-0.5714286
1.6192424,-0.5714286
1.6180182,-0.5714286
1.61629,-0.5714286
1.617285,-0.5714286
1.619566,-0.5714286
1.5950409,-0.5714286
1.4312243,-0.5714286
1.4367814,-0.5714286
1.4329811,-0.5714286
1.4330467,-0.5714286
1.4478502,-0.5714286
1.4857699,-0.5714286
1.506904,-0.5714286
1.4939559,-0.5714286
1.494873,-0.5714286
1.4941217,-0.5714286
1.4977846,-0.5714286
1.5023649,-0.5714286
1.4976782,-0.5714286
1.4944164,-0.5714286
1.4909418,-0.5714286
1.4880097,-0.5714286
1.5036917,-0.5714286
1.5106143,-0.5714286
1.5136527,-0.5714286
1.510606,-0.5714286
1.5081408,-0.5714286
1.5051167,-0.5714286
1.5069779,-0.5714286
1.5070189,-0.5714286
1.5048811,-0.5714286
1.5075142,-0.5714286
1.5092055,-0.5714286
1.5053439,-0.5714286
1.5040622,-0.5714286
1.5555979,-0.5714286
1.678886,-0.5714286
1.6831737,-0.5714286
1.6747543,-0.5714286
1.6749551,-0.5714286
1.6748527,-0.5714286
1.6774364,-0.5714286
1.6760403,-0.5714286
1.6776413,-0.5714286
1.6752273,-0.5714286
1.6763185,-0.5714286
1.6760749,-0.5714286
1.6761302,-0.5714286
1.6773261,-0.5714286
1.6726986,-0.5714286
1.6758887,-0.5714286
1.6712326,-0.5714286
1.6713023,-0.5714286
1.6726843,-0.5714286
1.6692588,-0.5714286
1.6719902,-0.5714286
1.6684848,-0.5714286
1.6750798,-0.5714286
1.688968,-0.5714286
1.6864047,-0.5714286
1.685983,-0.5714286
1.6860381,-0.5714286
1.6836302,-0.5714286
1.6878215,-0.5714286
1.6860812,-0.5714286
1.6849262,-0.5714286
1.6743408,-0.5714286
1.6727108,-0.5714286
1.6673281,-0.5714286
1.668403,-0.5714286
1.6697174,-0.5714286
1.6710995,-0.5714286
1.6699302,-0.5714286
1.6713021,-0.5714286
1.6662326,-0.5714286
1.6681695,-0.5714286
1.666376,-0.5714286
1.6643858,-0.5714286
1.6638452,-0.5714286
1.666075,-0.5714286
1.6666647,-0.5714286
1.6609583,-0.5714286
1.6638902,-0.5714286
1.6642545,-0.5714286
1.6661794,-0.5714286
1.6644554,-0.5714286
1.6662407,-0.5714286
1.6628256,-0.5714286
1.6687142,-0.5714286
1.6627272,-0.5714286
1.6634214,-0.5714286
1.6800696,-0.5714286
1.672068,-0.5714286
1.6800859,-0.5714286
1.6717443,-0.5714286
1.6649305,-0.5714286
1.6668346,-0.5714286
1.6691686,-0.5714286
1.675737,-0.5714286
1.665778,-0.5714286
1.6647605,-0.5714286
1.6641196,-0.5714286
1.6649508,-0.5714286
1.6654955,-0.5714286
1.6675861,-0.5714286
1.6695824,-0.5714286
1.6663227,-0.5714286
1.663276,-0.5714286
1.6600184,-0.5714286
1.6635668,-0.5714286
1.6648648,-0.5714286
1.670045,-0.5714286
1.6698853,-0.5714286
1.661212,-0.5714286
1.6661998,-0.5714286
1.6653686,-0.5714286
1.6607372,-0.5714286
1.6621826,-0.5714286
1.6683599,-0.5714286
1.6687714,-0.5714286
1.5581491,-0.5714286
1.5284091,-0.5714286
1.5291218,-0.5714286
1.5287673,-0.5714286
1.5237386,-0.5714286
1.5198568,-0.5714286
1.5177518,-0.5714286
1.5221294,-0.5714286
1.5247911,-0.5714286
1.5376865,-0.5714286
1.5274385,-0.5714286
1.5263269,-0.5714286
1.5240213,-0.5714286
1.5226085,-0.5714286
1.5198278,-0.5714286
1.5249017,-0.5714286
1.5266503,-0.5714286
1.5291646,-0.5714286
1.5297583,-0.5714286
1.5237265,-0.5714286
1.5210197,-0.5714286
1.5215766,-0.5714286
1.5241094,-0.5714286
1.5273709,-0.5714286
1.5279117,-0.5714286
1.5285504,-0.5714286
1.5198156,-0.5714286
1.5255569,-0.5714286
1.5225265,-0.5714286
1.5217363,-0.5714286
1.5223669,-0.5714286
1.5218551,-0.5714286
1.5210688,-0.5714286
1.520819,-0.5714286
1.5254055,-0.5714286
1.5294431,-0.5714286
1.5194473,-0.5714286
1.5188413,-0.5714286
1.5260032,-0.5714286
1.5152888,-0.5714286
1.5161629,-0.5714286
1.5158354,-0.5714286
1.5171131,-0.5714286
1.5214292,-0.5714286
1.5196682,-0.5714286
1.5239681,-0.5714286
1.5209665,-0.5714286
1.5203727,-0.5714286
1.5173833,-0.5714286
1.5176249,-0.5714286
1.5181367,-0.5714286
1.5150859,-0.5714286
1.5172646,-0.5714286
1.5169042,-0.5714286
1.5196437,-0.5714286
1.5144225,-0.5714286
1.511597,-0.5714286
1.5123913,-0.5714286
1.5136242,-0.5714286
1.513575,-0.5714286
1.5130343,-0.5714286
1.5167322,-0.5714286
1.5143611,-0.5714286
1.509918,-0.5714286
1.5036978,-0.5714286
1.5041606,-0.5714286
1.5105486,-0.5714286
1.5075369,-0.5714286
1.5053686,-0.5714286
1.5038493,-0.5714286
1.5053358,-0.5714286
1.5050942,-0.5714286
1.5021868,-0.5714286
1.5026598,-0.5714286
1.5031,-0.5714286
1.5095576,-0.5714286
1.506593,-0.5714286
1.5005364,-0.5714286
1.5046806,-0.5714286
1.5017362,-0.5714286
1.5109398,-0.5714286
1.5028216,-0.5714286
1.5013514,-0.5714286
1.5021007,-0.5714286
1.50724,-0.5714286
1.5016954,-0.5714286
1.5032717,-0.5714286
1.5015765,-0.5714286
1.4970108,-0.5714286
1.4948894,-0.5714286
1.4985095,-0.5714286
1.4956223,-0.5714286
1.493493,-0.5714286
1.4959828,-0.5714286
1.4964578,-0.5714286
1.5034522,-0.5714286
1.4992546,-0.5714286
1.5015972,-0.5714286
1.5008026,-0.5714286
1.5064005,-0.5714286
1.4991933,-0.5714286
1.5031633,-0.5714286
1.4996191,-0.5714286
1.5016749,-0.5714286
1.5017936,-0.5714286
1.5003808,-0.5714286
1.502242,-0.5714286
1.5025676,-0.5714286
1.5093118,-0.5714286
1.5091279,-0.5714286
1.5071254,-0.5714286
1.5035627,-0.5714286
1.5063434,-0.5714286
1.5009335,-0.5714286
1.5027766,-0.5714286
1.4956264,-0.5714286
1.497887,-0.5714286
1.5044595,-0.5714286
1.500729,-0.5714286
1.4984028,-0.5714286
1.4996314,-0.5714286
1.5115724,-0.5714286
1.5218244,-0.5714286
1.5286773,-0.5714286
1.5357924,-0.5714286
1.5308354,-0.5714286
1.5286363,-0.5714286
1.530557,-0.5714286
1.5312818,-0.5714286
1.5230016,-0.5714286
1.5217936,-0.5714286
1.5225022,-0.5714286
1.5340949,-0.5714286
1.5407617,-0.5714286
1.52982,-0.5714286
1.5302374,-0.5714286
1.5292507,-0.5714286
1.5277109,-0.5714286
1.5263636,-0.5714286
1.5281389,-0.5714286
1.5287347,-0.5714286
1.5273341,-0.5714286
0.28480345,-0.5714286
-0.15360768,-0.5714286
-0.15390663,-0.5714286
-0.15543821,-0.5714286
-0.15466219,-0.5714286
-0.15497951,-0.5714286
-0.15561427,-0.5714286
-0.1553747,-0.5714286
-0.15978295,-0.5714286
-0.16977885,-0.5714286
-0.16993856,-0.5714286
-0.16514333,-0.5714286
-0.17037266,-0.5714286
-0.17421375,-0.5714286
-0.17354219,-0.5714286
-0.17065519,-0.5714286
-0.17097871,-0.5714286
-0.17208435,-0.5714286
-0.16659294,-0.5714286
-0.16663797,-0.5714286
-0.17219491,-0.5714286
-0.16688372,-0.5714286
-0.16590911,-0.5714286
-0.17246109,-0.5714286
-0.17124692,-0.5714286
-0.17265968,-0.5714286
-0.17133293,-0.5714286
-0.17307535,-0.5714286
-0.17407043,-0.5714286
-0.17382063,-0.5714286
-0.17346436,-0.5714286
-0.172887,-0.5714286
-0.17382884,-0.5714286
-0.17391075,-0.5714286
-0.1736425,-0.5714286
-0.17422602,-0.5714286
-0.17371415,-0.5714286
-0.17396805,-0.5714286
-0.17373875,-0.5714286
-0.17344594,-0.5714286
-0.17412366,-0.5714286
-0.17306511,-0.5714286
-0.17184886,-0.5714286
-0.17378378,-0.5714286
-0.1723751,-0.5714286
-0.17306717,-0.5714286
-0.17269452,-0.5714286
-0.17267813,-0.5714286
-0.17376536,-0.5714286
-0.17172399,-0.5714286
-0.16781324,-0.5714286
-0.17473586,-0.5714286
-0.1730917,-0.5714286
-0.17435502,-0.5714286
-0.17224406,-0.5714286
-0.17428337,-0.5714286
-0.17374696,-0.5714286
-0.17423014,-0.5714286
-0.17683864,-0.5714286
-0.17505321,-0.5714286
-0.17368959,-0.5714286
-0.17481162,-0.5714286
-0.17540136,-0.5714286
-0.17363025,-0.5714286
-0.17454956,-0.5714286
-0.17504913,-0.5714286
-0.17700656,-0.5714286
-0.17699835,-0.5714286
-0.17462324,-0.5714286
-0.1765479,-0.5714286
-0.17648236,-0.5714286
-0.17651926,-0.5714286
-0.17676498,-0.5714286
-0.17618345,-0.5714286
-0.17636363,-0.5714286
-0.17547911,-0.5714286
-0.17785014,-0.5714286
-0.17702703,-0.5714286
-0.1771212,-0.5714286
-0.17624898,-0.5714286
-0.17663394,-0.5714286
-0.17622237,-0.5714286
-0.17767814,-0.5714286
-0.17765969,-0.5714286
-0.17662165,-0.5714286
-0.17698605,-0.5714286
-0.17673625,-0.5714286
-0.174785,-0.5714286
-0.17672811,-0.5714286
-0.17692877,-0.5714286
-0.18134727,-0.5714286
-0.17884931,-0.5714286
-0.1788083,-0.5714286
-0.17861795,-0.5714286
-0.17834562,-0.5714286
-0.1791339,-0.5714286
-0.17875923,-0.5714286
-0.17849712,-0.5714286
-0.17885341,-0.5714286
-0.1786937,-0.5714286
-0.17798527,-0.5714286
-0.17834562,-0.5714286
-0.17848483,-0.5714286
-0.17865275,-0.5714286
-0.17768627,-0.5714286
-0.1792588,-0.5714286
-0.17790744,-0.5714286
-0.17891073,-0.5714286
-0.17911138,-0.5714286
-0.17988947,-0.5714286
-0.18070024,-0.5714286
-0.18021703,-0.5714286
-0.1794963,-0.5714286
-0.18003687,-0.5714286
-0.18035011,-0.5714286
-0.180864,-0.5714286
-0.18019655,-0.5714286
-0.17900081,-0.5714286
-0.17907044,-0.5714286
-0.17965601,-0.5714286
-0.18039927,-0.5714286
-0.2160811,-0.5714286
-0.3819779,-0.5714286
-0.38249382,-0.5714286
-0.35869372,-0.5714286
-0.3136978,-0.5714286
-0.3147461,-0.5714286
-0.31468874,-0.5714286
-0.3147748,-0.5714286
-0.31399676,-0.5714286
-0.31404173,-0.5714286
-0.31410322,-0.5714286
-0.31366503,-0.5714286
-0.3127232,-0.5714286
-0.31262487,-0.5714286
-0.3118796,-0.5714286
-0.31214988,-0.5714286
-0.31325144,-0.5714286
-0.31241402,-0.5714286
-0.31262895,-0.5714286
-0.31267816,-0.5714286
-0.31140867,-0.5714286
-0.31044635,-0.5714286
-0.3099263,-0.5714286
-0.30891895,-0.5714286
-0.31136775,-0.5714286
-0.31247747,-0.5714286
-0.312973,-0.5714286
-0.31502864,-0.5714286
-0.31596646,-0.5714286
-0.31961098,-0.5714286
-0.3200205,-0.5714286
-0.3210319,-0.5714286
-0.32118344,-0.5714286
-0.32153565,-0.5714286
-0.3216339,-0.5714286
-0.324353,-0.5714286
-0.3231736,-0.5714286
-0.32200652,-0.5714286
-0.3123505,-0.5714286
-0.306249,-0.5714286
-0.30891073,-0.5714286
-0.31493244,-0.5714286
-0.31495908,-0.5714286
-0.31197786,-0.5714286
-0.31278872,-0.5714286
-0.30838662,-0.5714286
-0.31046683,-0.5714286
-0.31046683,-0.5714286
-0.31202707,-0.5714286
-0.31310195,-0.5714286
-0.31317362,-0.5714286
-0.30670762,-0.5714286
-0.29939803,-0.5714286
-0.3083415,-0.5714286
-0.30981982,-0.5714286
-0.3008968,-0.5714286
-0.3059746,-0.5714286
-0.3065643,-0.5714286
-0.30986488,-0.5714286
-0.31404588,-0.5714286
-0.31372234,-0.5714286
-0.31307945,-0.5714286
-0.31036857,-0.5714286
-0.31180182,-0.5714286
-0.31026617,-0.5714286
-0.313407,-0.5714286
-0.30873874,-0.5714286
-0.31562656,-0.5714286
-0.3136732,-0.5714286
-0.31377152,-0.5714286
-0.36388823,-0.5714286
-0.37546068,-0.5714286
-0.37257984,-0.5714286
-0.37981164,-0.5714286
-0.379181,-0.5714286
-0.37934482,-0.5714286
-0.3828317,-0.5714286
-0.37116295,-0.5714286
-0.37437758,-0.5714286
-0.3730774,-0.5714286
-0.20658065,-0.5714286
-0.21842341,-0.5714286
-0.21396188,-0.5714286
-0.21975023,-0.5714286
-0.22391894,-0.5714286
-0.22013105,-0.5714286
-0.2246069,-0.5714286
-0.22081901,-0.5714286
-0.21888208,-0.5714286
-0.21990173,-0.5714286
-0.222629,-0.5714286
-0.22170761,-0.5714286
-0.21827394,-0.5714286
-0.21744472,-0.5714286
-0.21642508,-0.5714286
-0.21807948,-0.5714286
-0.21339072,-0.5714286
-0.21458843,-0.5714286
-0.21706389,-0.5714286
-0.21845825,-0.5714286
-0.217584,-0.5714286
-0.21204337,-0.5714286
-0.2044717,-0.5714286
-0.2144308,-0.5714286
-0.21148647,-0.5714286
-0.19454543,-0.5714286
-0.1953563,-0.5714286
-0.19502866,-0.5714286
-0.19254912,-0.5714286
-0.19782963,-0.5714286
-0.36822277,-0.5714286
-0.37547097,-0.5714286
-0.3792916,-0.5714286
-0.37445542,-0.5714286
-0.37874287,-0.5714286
-0.37531126,-0.5714286
-0.37925065,-0.5714286
-0.37889433,-0.5714286
-0.25314087,-0.5714286
-0.14835382,-0.5714286
-0.15248978,-0.5714286
-0.21293,-0.5714286
-0.21203932,-0.5714286
-0.21514742,-0.5714286
-0.27700248,-0.5714286
-0.37536854,-0.5714286
-0.37831697,-0.5714286
-0.38121623,-0.5714286
-0.38133085,-0.5714286
-0.1843325,-0.5714286
-0.286552,-0.5714286
-0.40324736,-0.5714286
-0.41076982,-0.5714286
-0.42049962,-0.5714286
-0.42171168,-0.5714286
-0.42209253,-0.5714286
-0.20855038,-0.5714286
-0.40292382,-0.5714286
-0.42299756,-0.5714286
-0.42228913,-0.5714286
-0.42247748,-0.5714286
-0.42144963,-0.5714286
-0.4210811,-0.5714286
-0.42162165,-0.5714286
-0.4213104,-0.5714286
-0.37487304,-0.5714286
-0.3106798,-0.5714286
-0.30718672,-0.5714286
-0.30021292,-0.5714286
-0.30586407,-0.5714286
-0.30781332,-0.5714286
-0.3100983,-0.5714286
-0.31894758,-0.5714286
-0.3455344,-0.5714286
-0.4267117,-0.5714286
-0.42687142,-0.5714286
-0.28547505,-0.5714286
-0.27472153,-0.5714286
-0.23820642,-0.5714286
-0.20267814,-0.5714286
-0.2007494,-0.5714286
-0.20142505,-0.5714286
-0.20940623,-0.5714286
-0.22952908,-0.5714286
-0.22963963,-0.5714286
-0.230129,-0.5714286
-0.2298485,-0.5714286
-0.2304873,-0.5714286
-0.23103194,-0.5714286
-0.23030713,-0.5714286
-0.23095824,-0.5714286
-0.2328215,-0.5714286
-0.2340909,-0.5714286
-0.23434275,-0.5714286
-0.23565108,-0.5714286
-0.23550779,-0.5714286
-0.23854627,-0.5714286
-0.23789513,-0.5714286
-0.23819412,-0.5714286
-0.23888204,-0.5714286
-0.23942262,-0.5714286
-0.24058963,-0.5714286
-0.23995084,-0.5714286
-0.24168718,-0.5714286
-0.24260443,-0.5714286
-0.24151105,-0.5714286
-0.24350122,-0.5714286
-0.24471131,-0.5714286
-0.24553645,-0.5714286
-0.24435504,-0.5714286
-0.2446929,-0.5714286
-0.24535626,-0.5714286
-0.24586813,-0.5714286
-0.24638411,-0.5714286
-0.24656022,-0.5714286
-0.24677312,-0.5714286
-0.24767815,-0.5714286
-0.24835789,-0.5714286
-0.24764538,-0.5714286
-0.24798116,-0.5714286
-0.24780098,-0.5714286
-0.24895577,-0.5714286
-0.248104,-0.5714286
-0.2478051,-0.5714286
-0.24846846,-0.5714286
-0.24818796,-0.5714286
-0.2382883,-0.5714286
-0.21884519,-0.5714286
-0.21697173,-0.5714286
-0.24457413,-0.5714286
-0.24857084,-0.5714286
-0.2482494,-0.5714286
-0.24872234,-0.5714286
-0.24811627,-0.5714286
-0.24847667,-0.5714286
-0.2480303,-0.5714286
-0.24798524,-0.5714286
-0.2464906,-0.5714286
-0.24778868,-0.5714286
-0.24855037,-0.5714286
-0.2486077,-0.5714286
-0.24750206,-0.5714286
-0.24879606,-0.5714286
-0.24922603,-0.5714286
-0.24830058,-0.5714286
-0.2486323,-0.5714286
-0.24968466,-0.5714286
-0.24770886,-0.5714286
-0.24926904,-0.5714286
-0.24936529,-0.5714286
-0.24860361,-0.5714286
-0.24846846,-0.5714286
-0.24899262,-0.5714286
-0.24923834,-0.5714286
-0.2486323,-0.5714286
-0.24883291,-0.5714286
-0.24901107,-0.5714286
-0.2486732,-0.5714286
-0.2479566,-0.5714286
-0.24644347,-0.5714286
-0.24828424,-0.5714286
-0.24802212,-0.5714286
-0.2477027,-0.5714286
-0.24800162,-0.5714286
-0.24747746,-0.5714286
-0.24771501,-0.5714286
-0.24748158,-0.5714286
-0.24807128,-0.5714286
-0.24837428,-0.5714286
-0.24948813,-0.5714286
-0.2490336,-0.5714286
-0.25022113,-0.5714286
-0.24920148,-0.5714286
-0.24766585,-0.5714286
-0.24942875,-0.5714286
-0.24895985,-0.5714286
-0.2504136,-0.5714286
-0.24947584,-0.5714286
-0.24836199,-0.5714286
-0.24778871,-0.5714286
-0.24783783,-0.5714286
-0.24831288,-0.5714286
-0.24772315,-0.5714286
-0.24732803,-0.5714286
-0.24749385,-0.5714286
-0.24769449,-0.5714286
-0.24635135,-0.5714286
-0.24867733,-0.5714286
-0.24841522,-0.5714286
-0.24919331,-0.5714286
-0.25090086,-0.5714286
-0.24743244,-0.5714286
-0.23130222,-0.5714286
-0.23294018,-0.5714286
-0.23201473,-0.5714286
-0.23297708,-0.5714286
-0.23393531,-0.5714286
-0.2335811,-0.5714286
-0.23372236,-0.5714286
-0.23359542,-0.5714286
-0.23398037,-0.5714286
-0.23377763,-0.5714286
-0.23345208,-0.5714286
-0.23378381,-0.5714286
-0.23238738,-0.5714286
-0.23199426,-0.5714286
-0.23293614,-0.5714286
-0.23269859,-0.5714286
-0.23342139,-0.5714286
-0.23409092,-0.5714286
-0.2346806,-0.5714286
-0.23360363,-0.5714286
-0.23417075,-0.5714286
-0.23299755,-0.5714286
-0.23445538,-0.5714286
-0.23431817,-0.5714286
-0.23330876,-0.5714286
-0.23440215,-0.5714286
-0.23475842,-0.5714286
-0.23482388,-0.5714286
-0.23444308,-0.5714286
-0.23922193,-0.5714286
-0.30473384,-0.5714286
-0.3038084,-0.5714286
-0.30249998,-0.5714286
-0.30195948,-0.5714286
-0.30118755,-0.5714286
-0.30289516,-0.5714286
-0.30328417,-0.5714286
-0.30330873,-0.5714286
-0.30310398,-0.5714286
-0.3011589,-0.5714286
-0.29997954,-0.5714286
-0.30320638,-0.5714286
-0.3037633,-0.5714286
-0.30412367,-0.5714286
-0.30915847,-0.5714286
-0.31200245,-0.5714286
-0.31264535,-0.5714286
-0.3126495,-0.5714286
-0.33062655,-0.5714286
-0.330129,-0.5714286
-0.32992628,-0.5714286
-0.32902125,-0.5714286
-0.32880425,-0.5714286
-0.32914004,-0.5714286
-0.3291605,-0.5714286
-0.32951474,-0.5714286
-0.33003277,-0.5714286
-0.32978502,-0.5714286
-0.32866094,-0.5714286
-0.32995906,-0.5714286
-0.32950863,-0.5714286
-0.33013514,-0.5714286
-0.32985872,-0.5714286
-0.3304013,-0.5714286
-0.33095413,-0.5714286
-0.33033577,-0.5714286
-0.33034402,-0.5714286
-0.33026618,-0.5714286
-0.3303563,-0.5714286
-0.33021295,-0.5714286
-0.32973382,-0.5714286
-0.33055285,-0.5714286
-0.3304054,-0.5714286
-0.32971746,-0.5714286
-0.33007783,-0.5714286
-0.33034804,-0.5714286
-0.33047298,-0.5714286
-0.33090496,-0.5714286
-0.33171993,-0.5714286
-0.33143327,-0.5714286
-0.33174443,-0.5714286
-0.33177722,-0.5714286
-0.3319124,-0.5714286
-0.33245084,-0.5714286
-0.33166668,-0.5714286
-0.3314742,-0.5714286
-0.33165026,-0.5714286
-0.3315172,-0.5714286
-0.33218265,-0.5714286
-0.3310975,-0.5714286
-0.32683045,-0.5714286
-0.3317404,-0.5714286
-0.3309378,-0.5714286
-0.3310258,-0.5714286
-0.330819,-0.5714286
-0.332801,-0.5714286
-0.33280507,-0.5714286
-0.33241403,-0.5714286
-0.3316421,-0.5714286
-0.33201888,-0.5714286
-0.33169946,-0.5714286
-0.33068794,-0.5714286
-0.33091724,-0.5714286
-0.3317527,-0.5714286
-0.33201474,-0.5714286
-0.33075348,-0.5714286
-0.3310811,-0.5714286
-0.33041772,-0.5714286
-0.33046067,-0.5714286
-0.33095825,-0.5714286
-0.33095825,-0.5714286
-0.33257985,-0.5714286
-0.3326372,-0.5714286
-0.33195335,-0.5714286
-0.3318837,-0.5714286
-0.33224404,-0.5714286
-0.33221945,-0.5714286
-0.33103198,-0.5714286
-0.3325553,-0.5714286
-0.33168304,-0.5714286
-0.33216628,-0.5714286
-0.3321294,-0.5714286
-0.33162162,-0.5714286
-0.33194923,-0.5714286
-0.3326413,-0.5714286
-0.33179364,-0.5714286
-0.3312039,-0.5714286
-0.33167073,-0.5714286
-0.33242014,-0.5714286
-0.33163393,-0.5714286
-0.3326474,-0.5714286
-0.33230957,-0.5714286
-0.33160317,-0.5714286
-0.33263314,-0.5714286
-0.33260852,-0.5714286
-0.33171993,-0.5714286
-0.33165026,-0.5714286
-0.33219898,-0.5714286
-0.33266178,-0.5714286
-0.33181205,-0.5714286
-0.3322154,-0.5714286
-0.33224,-0.5714286
-0.33214575,-0.5714286
-0.3324447,-0.5714286
-0.33159703,-0.5714286
-0.3318714,-0.5714286
-0.33084765,-0.5714286
-0.332285,-0.5714286
-0.40212938,-0.5714286
-0.47371003,-0.5714286
-0.47368553,-0.5714286
-0.4734644,-0.5714286
-0.47307128,-0.5714286
-0.47355032,-0.5714286
-0.47380018,-0.5714286
-0.47284603,-0.5714286
-0.47316134,-0.5714286
-0.4716421,-0.5714286
-0.47186324,-0.5714286
-0.4718837,-0.5714286
-0.47223994,-0.5714286
-0.47237918,-0.5714286
-0.47218266,-0.5714286
-0.4722973,-0.5714286
-0.47208232,-0.5714286
-0.47120392,-0.5714286
-0.47245088,-0.5714286
-0.473923,-0.5714286
-0.47210485,-0.5714286
-0.47445124,-0.5714286
-0.4744595,-0.5714286
-0.47452497,-0.5714286
-0.47446766,-0.5714286
-0.47459048,-0.5714286
-0.47388205,-0.5714286
-0.4738698,-0.5714286
-0.47419736,-0.5714286
-0.47437754,-0.5714286
-0.47441852,-0.5714286
-0.4744103,-0.5714286
-0.47451273,-0.5714286
-0.4744226,-0.5714286
-0.4746069,-0.5714286
-0.47397217,-0.5714286
-0.47357494,-0.5714286
-0.47421786,-0.5714286
-0.47414824,-0.5714286
-0.47454545,-0.5714286
-0.4747666,-0.5714286
-0.4750082,-0.5714286
-0.47463146,-0.5714286
-0.4748096,-0.5714286
-0.47495496,-0.5714286
-0.47378993,-0.5714286
-0.4732678,-0.5714286
-0.46983212,-0.5714286
-0.45784196,-0.5714286
-0.45207,-0.5714286
-0.4555487,-0.5714286
-0.4626126,-0.5714286
-0.46346843,-0.5714286
-0.46308357,-0.5714286
-0.46357086,-0.5714286
-0.4633231,-0.5714286
-0.46341524,-0.5714286
-0.46535626,-0.5714286
-0.46505728,-0.5714286
-0.46522525,-0.5714286
-0.46554056,-0.5714286
-0.465129,-0.5714286
-0.46477273,-0.5714286
-0.46498773,-0.5714286
-0.4645905,-0.5714286
-0.4656695,-0.5714286
-0.46586815,-0.5714286
-0.4652764,-0.5714286
-0.46781737,-0.5714286
-0.47398853,-0.5714286
-0.47407866,-0.5714286
-0.47437754,-0.5714286
-0.47473386,-0.5714286
-0.47376534,-0.5714286
-0.47369164,-0.5714286
-0.47428337,-0.5714286
-0.47445124,-0.5714286
-0.4747543,-0.5714286
-0.4743489,-0.5714286
-0.4742629,-0.5714286
-0.47176906,-0.5714286
-0.47482187,-0.5714286
-0.4745946,-0.5714286
-0.47422606,-0.5714286
-0.4737674,-0.5714286
-0.47416052,-0.5714286
-0.473706,-0.5714286
-0.47423217,-0.5714286
-0.4745209,-0.5714286
-0.47493854,-0.5714286
-0.47470108,-0.5714286
-0.47479117,-0.5714286
-0.47390664,-0.5714286
-0.4740827,-0.5714286
-0.47355857,-0.5714286
-0.4748731,-0.5714286
-0.4750901,-0.5714286
-0.4751904,-0.5714286
-0.47543612,-0.5714286
-0.47509825,-0.5714286
-0.4750205,-0.5714286
-0.47484848,-0.5714286
-0.47472972,-0.5714286
-0.47462738,-0.5714286
-0.47538903,-0.5714286
-0.4753726,-0.5714286
-0.47555283,-0.5714286
-0.4754054,-0.5714286
-0.47509825,-0.5714286
-0.47520474,-0.5714286
-0.47595823,-0.5714286
-0.47577804,-0.5714286
-0.47569615,-0.5714286
-0.475217,-0.5714286
-0.47544226,-0.5714286
-0.4753726,-0.5714286
-0.47506145,-0.5714286
-0.47471744,-0.5714286
-0.47527027,-0.5714286
-0.47535628,-0.5714286
-0.4756265,-0.5714286
-0.47527438,-0.5714286
-0.47463554,-0.5714286
-0.47505528,-0.5714286
-0.4746806,-0.5714286
-0.47463143,-0.5714286
-0.47462738,-0.5714286
-0.47493854,-0.5714286
-0.4748239,-0.5714286
-0.47504503,-0.5714286
-0.47525796,-0.5714286
-0.47461915,-0.5714286
-0.47451273,-0.5714286
-0.47497952,-0.5714286
-0.47499177,-0.5714286
-0.4751597,-0.5714286
-0.4749959,-0.5714286
-0.4750573,-0.5714286
-0.47522932,-0.5714286
-0.47532555,-0.5714286
-0.4751679,-0.5714286
-0.47454545,-0.5714286
-0.47529075,-0.5714286
-0.475516,-0.5714286
-0.47541767,-0.5714286
-0.4755897,-0.5714286
-0.4754341,-0.5714286
-0.47557738,-0.5714286
-0.47629398,-0.5714286
-0.4758108,-0.5714286
-0.47557124,-0.5714286
-0.47522116,-0.5714286
-0.47520885,-0.5714286
-0.47533172,-0.5714286
-0.47580263,-0.5714286
-0.4758477,-0.5714286
-0.47609746,-0.5714286
-0.47598282,-0.5714286
-0.47575757,-0.5714286
-0.47542182,-0.5714286
-0.47542998,-0.5714286
-0.47547093,-0.5714286
-0.47558555,-0.5714286
-0.47616705,-0.5714286
-0.47552827,-0.5714286
-0.47587633,-0.5714286
-0.475774,-0.5714286
-0.4758108,-0.5714286
-0.47561833,-0.5714286
-0.47473386,-0.5714286
-0.47398037,-0.5714286
-0.4746929,-0.5714286
-0.4750655,-0.5714286
-0.47438574,-0.5714286
-0.47512284,-0.5714286
-0.47505328,-0.5714286
-0.4748362,-0.5714286
-0.47545046,-0.5714286
-0.47371003,-0.5714286
-0.4727928,-0.5714286
-0.47469696,-0.5714286
-0.4747584,-0.5714286
-0.47386158,-0.5714286
-0.47499177,-0.5714286
-0.47567156,-0.5714286
-0.47519657,-0.5714286
-0.47431204,-0.5714286
-0.47560197,-0.5714286
-0.4752539,-0.5714286
-0.474181,-0.5714286
-0.47470108,-0.5714286
-0.47547093,-0.5714286
-0.4746724,-0.5714286
-0.4761732,-0.5714286
-0.4750737,-0.5714286
-0.47482803,-0.5714286
-0.4753358,-0.5714286
-0.47469288,-0.5714286
-0.47316134,-0.5714286
-0.4719902,-0.5714286
-0.47283787,-0.5714286
-0.4720639,-0.5714286
-0.4721335,-0.5714286
-0.4729177,-0.5714286
-0.4724038,-0.5714286
-0.47205976,-0.5714286
-0.47259626,-0.5714286
-0.4730467,-0.5714286
-0.47310808,-0.5714286
-0.4743735,-0.5714286
-0.4739496,-0.5714286
-0.47414622,-0.5714286
-0.47313884,-0.5714286
-0.4743366,-0.5714286
-0.47447175,-0.5714286
-0.4736568,-0.5714286
-0.47361183,-0.5714286
-0.47373876,-0.5714286
-0.47352582,-0.5714286
-0.47332516,-0.5714286
-0.47440624,-0.5714286
-0.47371003,-0.5714286
-0.473706,-0.5714286
-0.47421783,-0.5714286
-0.4751474,-0.5714286
-0.47346845,-0.5714286
-0.47424242,-0.5714286
-0.47447175,-0.5714286
-0.47432023,-0.5714286
-0.47461304,-0.5714286
-0.47537673,-0.5714286
-0.47372234,-0.5714286
-0.47459048,-0.5714286
-0.47486895,-0.5714286
-0.47445536,-0.5714286
-0.47397217,-0.5714286
-0.4751638,-0.5714286
-0.47428337,-0.5714286
-0.47431204,-0.5714286
-0.4751802,-0.5714286
-0.47496727,-0.5714286
-0.47414622,-0.5714286
-0.4743735,-0.5714286
-0.47499177,-0.5714286
-0.47398853,-0.5714286
-0.47369164,-0.5714286
-0.4751597,-0.5714286
-0.47418514,-0.5714286
-0.47428748,-0.5714286
-0.47464988,-0.5714286
-0.47412366,-0.5714286
-0.47438574,-0.5714286
-0.47479934,-0.5714286
-0.47355652,-0.5714286
-0.4738698,-0.5714286
-0.47414008,-0.5714286
-0.4715643,-0.5714286
-0.47246927,-0.5714286
-0.47283787,-0.5714286
-0.47282556,-0.5714286
-0.47296068,-0.5714286
-0.47276413,-0.5714286
-0.47300982,-0.5714286
-0.47222766,-0.5714286
-0.47242427,-0.5714286
-0.47268632,-0.5714286
-0.47463757,-0.5714286
-0.4742076,-0.5714286
-0.4738534,-0.5714286
-0.4745946,-0.5714286
-0.4735012,-0.5714286
-0.47383294,-0.5714286
-0.4744472,-0.5714286
-0.47342342,-0.5714286
-0.47268632,-0.5714286
-0.47336197,-0.5714286
-0.4730139,-0.5714286
-0.4741073,-0.5714286
-0.4745332,-0.5714286
-0.47463554,-0.5714286
-0.47357905,-0.5714286
-0.47454545,-0.5714286
-0.474914,-0.5714286
-0.47403765,-0.5714286
-0.47446766,-0.5714286
-0.47368553,-0.5714286
-0.47463965,-0.5714286
-0.47482187,-0.5714286
-0.4747625,-0.5714286
-0.47496727,-0.5714286
-0.4749222,-0.5714286
-0.4750164,-0.5714286
-0.47441852,-0.5714286
-0.4744595,-0.5714286
-0.4746765,-0.5714286
-0.4745393,-0.5714286
-0.47349507,-0.5714286
-0.4747461,-0.5714286
-0.47457412,-0.5714286
-0.47432023,-0.5714286
-0.47473386,-0.5714286
-0.47334972,-0.5714286
-0.47375923,-0.5714286
-0.47391894,-0.5714286
-0.47393528,-0.5714286
-0.4747134,-0.5714286
-0.47395575,-0.5714286
-0.47363228,-0.5714286
-0.47423834,-0.5714286
-0.47439805,-0.5714286
-0.47412366,-0.5714286
-0.4744042,-0.5714286
-0.47481573,-0.5714286
-0.47358721,-0.5714286
-0.4744103,-0.5714286
-0.474398,-0.5714286
-0.47393736,-0.5714286
-0.47405815,-0.5714286
-0.47383294,-0.5714286
-0.47383294,-0.5714286
-0.47352582,-0.5714286
-0.47402945,-0.5714286
-0.47420558,-0.5714286
-0.4738534,-0.5714286
-0.47384524,-0.5714286
-0.47427106,-0.5714286
-0.4744103,-0.5714286
-0.47432023,-0.5714286
-0.4746069,-0.5714286
-0.47496313,-0.5714286
-0.47454545,-0.5714286
-0.47481573,-0.5714286
-0.4717117,-0.5714286
-0.45909497,-0.5714286
-0.44924244,-0.5714286
-0.45551595,-0.5714286
-0.46244472,-0.5714286
-0.46293613,-0.5714286
-0.46276826,-0.5714286
-0.46407863,-0.5714286
-0.46497542,-0.5714286
-0.46527025,-0.5714286
-0.46494678,-0.5714286
-0.46561426,-0.5714286
-0.46574527,-0.5714286
-0.46585587,-0.5714286
-0.46588454,-0.5714286
-0.465086,-0.5714286
-0.46532762,-0.5714286
-0.46547502,-0.5714286
-0.46586815,-0.5714286
-0.46514127,-0.5714286
-0.46610567,-0.5714286
-0.46627763,-0.5714286
-0.46663392,-0.5714286
-0.47435504,-0.5714286
-0.4740909,-0.5714286
-0.47433254,-0.5714286
-0.47412366,-0.5714286
-0.4740909,-0.5714286
-0.47466418,-0.5714286
-0.4739107,-0.5714286
-0.47429362,-0.5714286
-0.4748608,-0.5714286
-0.47457,-0.5714286
-0.47443488,-0.5714286
-0.47528255,-0.5714286
-0.47498158,-0.5714286
-0.47458643,-0.5714286
-0.47469288,-0.5714286
-0.47406635,-0.5714286
-0.4742629,-0.5714286
-0.47443077,-0.5714286
-0.47465602,-0.5714286
-0.4748608,-0.5714286
-0.47461915,-0.5714286
-0.47470516,-0.5714286
-0.4737101,-0.5714286
-0.47462323,-0.5714286
-0.47423834,-0.5714286
-0.4734357,-0.5714286
-0.47451475,-0.5714286
-0.47472972,-0.5714286
-0.47489557,-0.5714286
-0.47470924,-0.5714286
-0.47491807,-0.5714286
-0.47502455,-0.5714286
-0.4746192,-0.5714286
-0.47428748,-0.5714286
-0.4721376,-0.5714286
-0.4725369,-0.5714286
-0.47281325,-0.5714286
-0.47297913,-0.5714286
-0.47298935,-0.5714286
-0.4728665,-0.5714286
-0.47271496,-0.5714286
-0.47259626,-0.5714286
-0.47203526,-0.5714286
-0.4734439,-0.5714286
-0.47356263,-0.5714286
-0.47425884,-0.5714286
-0.47504503,-0.5714286
-0.4747543,-0.5714286
-0.47492632,-0.5714286
-0.475473,-0.5714286
-0.4750942,-0.5714286
-0.4746806,-0.5714286
-0.4751413,-0.5714286
-0.47502455,-0.5714286
-0.47462323,-0.5714286
-0.47418514,-0.5714286
-0.47424448,-0.5714286
-0.47481573,-0.5714286
-0.47529486,-0.5714286
-0.47526613,-0.5714286
-0.47502455,-0.5714286
-0.4750123,-0.5714286
-0.47399265,-0.5714286
-0.47522116,-0.5714286
-0.47370392,-0.5714286
-0.4742629,-0.5714286
-0.47513515,-0.5714286
-0.47546273,-0.5714286
-0.47587633,-0.5714286
-0.47594595,-0.5714286
-0.47597668,-0.5714286
-0.47594592,-0.5714286
-0.087972954,-0.5714286
-0.3233231,-0.5714286
-0.31487307,-0.5714286
-0.3123055,-0.5714286
-0.31109744,-0.5714286
-0.3113636,-0.5714286
-0.31088862,-0.5714286
-0.31069615,-0.5714286
-0.31018427,-0.5714286
-0.31118757,-0.5714286
-0.31123263,-0.5714286
-0.31102377,-0.5714286
-0.31169534,-0.5714286
-0.3125307,-0.5714286
-0.31288084,-0.5714286
-0.31282145,-0.5714286
-0.31388205,-0.5714286
-0.3150737,-0.5714286
-0.31607494,-0.5714286
-0.3160565,-0.5714286
-0.3165725,-0.5714286
-0.31757164,-0.5714286
-0.31887794,-0.5714286
-0.32003278,-0.5714286
-0.3194226,-0.5714286
-0.32020888,-0.5714286
-0.32217446,-0.5714286
-0.32273957,-0.5714286
-0.3219902,-0.5714286
-0.32434276,-0.5714286
-0.32479525,-0.5714286
-0.325258,-0.5714286
-0.32658476,-0.5714286
-0.32670352,-0.5714286
-0.3260688,-0.5714286
-0.32640865,-0.5714286
-0.32656428,-0.5714286
-0.32635134,-0.5714286
-0.3265397,-0.5714286
-0.32471746,-0.5714286
-0.32550368,-0.5714286
-0.3245045,-0.5714286
-0.32623464,-0.5714286
-0.32616708,-0.5714286
-0.3245332,-0.5714286
-0.32619166,-0.5714286
-0.326638,-0.5714286
-0.32538903,-0.5714286
-0.3267731,-0.5714286
-0.32792383,-0.5714286
-0.32889026,-0.5714286
-0.3292465,-0.5714286
-0.32987717,-0.5714286
-0.3296847,-0.5714286
-0.32912162,-0.5714286
-0.32932433,-0.5714286
-0.32998365,-0.5714286
-0.32960686,-0.5714286
-0.32901308,-0.5714286
-0.32915848,-0.5714286
-0.32950038,-0.5714286
-0.3297236,-0.5714286
-0.32909092,-0.5714286
-0.32923833,-0.5714286
-0.32982188,-0.5714286
-0.3284828,-0.5714286
-0.3290786,-0.5714286
-0.3289066,-0.5714286
-0.32859948,-0.5714286
-0.32914618,-0.5714286
-0.33015153,-0.5714286
-0.3290786,-0.5714286
-0.32919326,-0.5714286
-0.32979116,-0.5714286
-0.3299877,-0.5714286
-0.33061424,-0.5714286
-0.33028257,-0.5714286
-0.32996318,-0.5714286
-0.32864454,-0.5714286
-0.32873467,-0.5714286
-0.32797298,-0.5714286
-0.32850942,-0.5714286
-0.32904586,-0.5714286
-0.329828,-0.5714286
-0.32937756,-0.5714286
-0.32884115,-0.5714286
-0.32959458,-0.5714286
-0.32863638,-0.5714286
-0.32814088,-0.5714286
-0.32969287,-0.5714286
-0.32971334,-0.5714286
-0.32887384,-0.5714286
-0.3301597,-0.5714286
-0.329656,-0.5714286
-0.3307924,-0.5714286
-0.33023342,-0.5714286
-0.33014742,-0.5714286
-0.32828832,-0.5714286
-0.3283538,-0.5714286
-0.3293079,-0.5714286
-0.32953316,-0.5714286
-0.33004916,-0.5714286
-0.32949018,-0.5714286
-0.3292097,-0.5714286
-0.32855448,-0.5714286
-0.32969287,-0.5714286
-0.32979733,-0.5714286
-0.32942262,-0.5714286
-0.32889843,-0.5714286
-0.32907248,-0.5714286
-0.33049753,-0.5714286
-0.3303194,-0.5714286
-0.33012286,-0.5714286
-0.330389,-0.5714286
-0.33065113,-0.5714286
-0.33038083,-0.5714286
-0.33031327,-0.5714286
-0.33165845,-0.5714286
-0.33075348,-0.5714286
-0.33132678,-0.5714286
-0.33090907,-0.5714286
-0.3310852,-0.5714286
-0.33070025,-0.5714286
-0.3306675,-0.5714286
-0.3302457,-0.5714286
-0.32937345,-0.5714286
-0.3288575,-0.5714286
-0.33026206,-0.5714286
-0.3300123,-0.5714286
-0.33056512,-0.5714286
-0.33106267,-0.5714286
-0.3297543,-0.5714286
-0.3302826,-0.5714286
-0.33095825,-0.5714286
-0.33061424,-0.5714286
-0.32963145,-0.5714286
-0.33039314,-0.5714286
-0.33051595,-0.5714286
-0.33097053,-0.5714286
-0.33146605,-0.5714286
-0.33113024,-0.5714286
-0.3299816,-0.5714286
-0.3293612,-0.5714286
-0.3308272,-0.5714286
-0.3300123,-0.5714286
-0.33037266,-0.5714286
-0.33086407,-0.5714286
-0.33132267,-0.5714286
-0.33156428,-0.5714286
-0.33128992,-0.5714286
-0.3309746,-0.5714286
-0.33004504,-0.5714286
-0.3306552,-0.5714286
-0.32915646,-0.5714286
-0.32908273,-0.5714286
-0.32871008,-0.5714286
-0.32921785,-0.5714286
-0.33030096,-0.5714286
-0.33057743,-0.5714286
-0.32913598,-0.5714286
-0.3288698,-0.5714286
-0.328493,-0.5714286
-0.3303276,-0.5714286
-0.3318714,-0.5714286
-0.33116093,-0.5714286
-0.33155203,-0.5714286
-0.3290008,-0.5714286
-0.32936114,-0.5714286
-0.32953727,-0.5714286
-0.3292711,-0.5714286
-0.33042383,-0.5714286
-0.3316278,-0.5714286
-0.33117324,-0.5714286
-0.33129403,-0.5714286
-0.33193287,-0.5714286
-0.33163798,-0.5714286
-0.330733,-0.5714286
-0.3314865,-0.5714286
-0.33167076,-0.5714286
-0.33128586,-0.5714286
-0.332199,-0.5714286
-0.33273137,-0.5714286
-0.33252254,-0.5714286
-0.3319451,-0.5714286
-0.33281943,-0.5714286
-0.33218673,-0.5714286
-0.33227682,-0.5714286
-0.33212122,-0.5714286
-0.332844,-0.5714286
-0.33222973,-0.5714286
-0.3325921,-0.5714286
-0.3282391,-0.5714286
-0.3162899,-0.5714286
-0.30868548,-0.5714286
-0.31441852,-0.5714286
-0.32200244,-0.5714286
-0.32298115,-0.5714286
-0.3233579,-0.5714286
-0.32289925,-0.5714286
-0.32277024,-0.5714286
-0.32408682,-0.5714286
-0.32338247,-0.5714286
-0.3231777,-0.5714286
-0.32340294,-0.5714286
-0.3222277,-0.5714286
-0.32250613,-0.5714286
-0.3229525,-0.5714286
-0.3229279,-0.5714286
-0.32233417,-0.5714286
-0.32307124,-0.5714286
-0.3228174,-0.5714286
-0.3226372,-0.5714286
-0.3225553,-0.5714286
-0.32209253,-0.5714286
-0.3227641,-0.5714286
-0.32304668,-0.5714286
-0.32261673,-0.5714286
-0.32515153,-0.5714286
-0.33184275,-0.5714286
-0.33348486,-0.5714286
-0.33302826,-0.5714286
-0.33373874,-0.5714286
-0.3333538,-0.5714286
-0.3327211,-0.5714286
-0.3337469,-0.5714286
-0.33336607,-0.5714286
-0.33335996,-0.5714286
-0.3332719,-0.5714286
-0.33337837,-0.5714286
-0.33365273,-0.5714286
-0.33388615,-0.5714286
-0.33250207,-0.5714286
-0.33330467,-0.5714286
-0.33318588,-0.5714286
-0.33316955,-0.5714286
-0.33404586,-0.5714286
-0.3336241,-0.5714286
-0.33359334,-0.5714286
-0.40414825,-0.5714286
-0.47454548,-0.5714286
-0.47487715,-0.5714286
-0.47505528,-0.5714286
-0.47375512,-0.5714286
-0.47445333,-0.5714286
-0.47457817,-0.5714286
-0.47453725,-0.5714286
-0.4740336,-0.5714286
-0.47443902,-0.5714286
-0.4729279,-0.5714286
-0.47329238,-0.5714286
-0.4726474,-0.5714286
-0.47271907,-0.5714286
-0.47230342,-0.5714286
-0.47253892,-0.5714286
-0.4727211,-0.5714286
-0.47242013,-0.5714286
-0.47201476,-0.5714286
-0.47317776,-0.5714286
-0.47427517,-0.5714286
-0.47448814,-0.5714286
-0.47477478,-0.5714286
-0.47463146,-0.5714286
-0.4742506,-0.5714286
-0.47421786,-0.5714286
-0.47432843,-0.5714286
-0.47433046,-0.5714286
-0.47420558,-0.5714286
-0.47468877,-0.5714286
-0.47459868,-0.5714286
-0.4743243,-0.5714286
-0.47389847,-0.5714286
-0.4733907,-0.5714286
-0.47398853,-0.5714286
-0.47439396,-0.5714286
-0.47391894,-0.5714286
-0.47332922,-0.5714286
-0.47432843,-0.5714286
-0.47404587,-0.5714286
-0.4738411,-0.5714286
-0.4740602,-0.5714286
-0.47310403,-0.5714286
-0.4738411,-0.5714286
-0.47420147,-0.5714286
-0.47388205,-0.5714286
-0.47377557,-0.5714286
-0.47373465,-0.5714286
-0.47356877,-0.5714286
-0.47344393,-0.5714286
-0.47373876,-0.5714286
-0.47374693,-0.5714286
-0.4733907,-0.5714286
-0.47373465,-0.5714286
-0.4738698,-0.5714286
-0.4730876,-0.5714286
-0.47404993,-0.5714286
-0.4743407,-0.5714286
-0.47401312,-0.5714286
-0.4738575,-0.5714286
-0.47463143,-0.5714286
-0.47418302,-0.5714286
-0.4745393,-0.5714286
-0.4739967,-0.5714286
-0.47377557,-0.5714286
-0.47416052,-0.5714286
-0.4740704,-0.5714286
-0.47389436,-0.5714286
-0.47427106,-0.5714286
-0.47391894,-0.5714286
-0.47423425,-0.5714286
-0.47363633,-0.5714286
-0.47396395,-0.5714286
-0.47356263,-0.5714286
-0.47380835,-0.5714286
-0.47341117,-0.5714286
-0.47391894,-0.5714286
-0.4744103,-0.5714286
-0.4743038,-0.5714286
-0.47389847,-0.5714286
-0.47390664,-0.5714286
-0.47358721,-0.5714286
-0.47375923,-0.5714286
-0.47436732,-0.5714286
-0.47386158,-0.5714286
-0.4736364,-0.5714286
-0.47366506,-0.5714286
-0.47296682,-0.5714286
-0.4735463,-0.5714286
-0.4737101,-0.5714286
-0.47335792,-0.5714286
-0.47389844,-0.5714286
-0.47340703,-0.5714286
-0.47361585,-0.5714286
-0.47266173,-0.5714286
-0.47375923,-0.5714286
-0.46353397,-0.5714286
-0.45502862,-0.5714286
-0.45111796,-0.5714286
-0.46364456,-0.5714286
-0.4634562,-0.5714286
-0.4633661,-0.5714286
-0.4640254,-0.5714286
-0.46400493,-0.5714286
-0.46401107,-0.5714286
-0.46212533,-0.5714286
-0.46221948,-0.5714286
-0.46214575,-0.5714286
-0.4622973,-0.5714286
-0.46210688,-0.5714286
-0.46224815,-0.5714286
-0.4629443,-0.5714286
-0.46224818,-0.5714286
-0.46993855,-0.5714286
-0.4718673,-0.5714286
-0.473751,-0.5714286
-0.47415236,-0.5714286
-0.47462323,-0.5714286
-0.47445944,-0.5714286
-0.4737797,-0.5714286
-0.47388205,-0.5714286
-0.47416458,-0.5714286
-0.4745209,-0.5714286
-0.47469696,-0.5714286
-0.4743735,-0.5714286
-0.47446352,-0.5714286
-0.4747134,-0.5714286
-0.4745823,-0.5714286
-0.47401717,-0.5714286
-0.47428134,-0.5714286
-0.47434273,-0.5714286
-0.47447994,-0.5714286
-0.4730897,-0.5714286
-0.47416458,-0.5714286
-0.4744963,-0.5714286
-0.4746806,-0.5714286
-0.47528872,-0.5714286
-0.4746929,-0.5714286
-0.47420147,-0.5714286
-0.47426903,-0.5714286
-0.4741769,-0.5714286
-0.47443902,-0.5714286
-0.47436532,-0.5714286
-0.47391894,-0.5714286
-0.47459048,-0.5714286
-0.4746069,-0.5714286
-0.4745332,-0.5714286
-0.47425058,-0.5714286
-0.4736036,-0.5714286
-0.47380835,-0.5714286
-0.4744902,-0.5714286
-0.47435707,-0.5714286
-0.47409087,-0.5714286
-0.4748731,-0.5714286
-0.4748362,-0.5714286
-0.47495085,-0.5714286
-0.47474203,-0.5714286
-0.47466418,-0.5714286
-0.47389022,-0.5714286
-0.4743059,-0.5714286
-0.4747604,-0.5714286
-0.47463143,-0.5714286
-0.4741892,-0.5714286
-0.47438574,-0.5714286
-0.47435302,-0.5714286
-0.4745209,-0.5714286
-0.47463143,-0.5714286
-0.47429156,-0.5714286
-0.47428748,-0.5714286
-0.47431204,-0.5714286
-0.47401717,-0.5714286
-0.47450447,-0.5714286
-0.47451273,-0.5714286
-0.4747543,-0.5714286
-0.47423425,-0.5714286
-0.47458643,-0.5714286
-0.4744595,-0.5714286
-0.4738493,-0.5714286
-0.47431612,-0.5714286
-0.47450447,-0.5714286
-0.47437754,-0.5714286
-0.4745209,-0.5714286
-0.47168916,-0.5714286
-0.47461915,-0.5714286
-0.47482803,-0.5714286
-0.47494265,-0.5714286
-0.47461915,-0.5714286
-0.4635135,-0.5714286
-0.4536036,-0.5714286
-0.45156637,-0.5714286
-0.4532391,-0.5714286
-0.4498198,-0.5714286
-0.4500737,-0.5714286
-0.45791972,-0.5714286
-0.45958233,-0.5714286
-0.4511835,-0.5714286
-0.44786653,-0.5714286
-0.449914,-0.5714286
-0.45674443,-0.5714286
-0.46323097,-0.5714286
-0.46479937,-0.5714286
-0.464439,-0.5714286
-0.46399263,-0.5714286
-0.46458232,-0.5714286
-0.46487713,-0.5714286
-0.46510443,-0.5714286
-0.46374282,-0.5714286
-0.46470517,-0.5714286
-0.46433657,-0.5714286
-0.46382883,-0.5714286
-0.46487713,-0.5714286
-0.46494266,-0.5714286
-0.4652539,-0.5714286
-0.46510237,-0.5714286
-0.4648649,-0.5714286
-0.46471742,-0.5714286
-0.4655446,-0.5714286
-0.4655221,-0.5714286
-0.46553645,-0.5714286
-0.46541768,-0.5714286
-0.4635504,-0.5714286
-0.46387386,-0.5714286
-0.46379197,-0.5714286
-0.46389028,-0.5714286
-0.46425882,-0.5714286
-0.46342343,-0.5714286
-0.46342137,-0.5714286
-0.46325144,-0.5714286
-0.4634152,-0.5714286
-0.46397418,-0.5714286
-0.46506143,-0.5714286
-0.4649386,-0.5714286
-0.46535626,-0.5714286
-0.46543407,-0.5714286
-0.46471336,-0.5714286
-0.4658272,-0.5714286
-0.4659214,-0.5714286
-0.46558967,-0.5714286
-0.46580675,-0.5714286
-0.4653256,-0.5714286
-0.4651065,-0.5714286
-0.465389,-0.5714286
-0.46515968,-0.5714286
-0.46551597,-0.5714286
-0.46276414,-0.5714286
-0.4623874,-0.5714286
-0.46235052,-0.5714286
-0.46259624,-0.5714286
-0.46305078,-0.5714286
-0.4644533,-0.5714286
-0.4654955,-0.5714286
-0.4655692,-0.5714286
-0.46581078,-0.5714286
-0.46474612,-0.5714286
-0.4660258,-0.5714286
-0.46577397,-0.5714286
-0.4657289,-0.5714286
-0.46619162,-0.5714286
-0.4658968,-0.5714286
-0.46623668,-0.5714286
-0.46610975,-0.5714286
-0.46604422,-0.5714286
-0.4664251,-0.5714286
-0.46578214,-0.5714286
-0.4659582,-0.5714286
-0.46590093,-0.5714286
-0.46484444,-0.5714286
-0.46543816,-0.5714286
-0.465086,-0.5714286
-0.46514744,-0.5714286
-0.46547502,-0.5714286
-0.465172,-0.5714286
-0.46530715,-0.5714286
-0.46553442,-0.5714286
-0.4659992,-0.5714286
-0.46619776,-0.5714286
-0.46585384,-0.5714286
-0.46543813,-0.5714286
-0.4651433,-0.5714286
-0.46590498,-0.5714286
-0.4659521,-0.5714286
-0.46552008,-0.5714286
-0.46520478,-0.5714286
-0.4657924,-0.5714286
-0.46478295,-0.5714286
-0.46448812,-0.5714286
-0.4648526,-0.5714286
-0.46515155,-0.5714286
-0.46495494,-0.5714286
-0.4658272,-0.5714286
-0.46551597,-0.5714286
-0.46377152,-0.5714286
-0.46529895,-0.5714286
-0.46529073,-0.5714286
-0.46499184,-0.5714286
-0.4650737,-0.5714286
-0.46334562,-0.5714286
-0.46350533,-0.5714286
-0.46331283,-0.5714286
-0.46338657,-0.5714286
-0.46326786,-0.5714286
-0.4630999,-0.5714286
-0.46446353,-0.5714286
-0.46366093,-0.5714286
-0.463104,-0.5714286
-0.46382475,-0.5714286
-0.46494472,-0.5714286
-0.46470922,-0.5714286
-0.4648833,-0.5714286
-0.46468058,-0.5714286
-0.46450454,-0.5714286
-0.4654361,-0.5714286
-0.4654627,-0.5714286
-0.46518835,-0.5714286
-0.46564704,-0.5714286
-0.46550366,-0.5714286
-0.46582308,-0.5714286
-0.46545863,-0.5714286
-0.4654955,-0.5714286
-0.4654996,-0.5714286
-0.464785,-0.5714286
-0.46539718,-0.5714286
-0.46472973,-0.5714286
-0.46372646,-0.5714286
-0.46502456,-0.5714286
-0.4648526,-0.5714286
-0.46464375,-0.5714286
-0.46548524,-0.5714286
-0.46495908,-0.5714286
-0.46554056,-0.5714286
-0.46597463,-0.5714286
-0.46627763,-0.5714286
-0.46648648,-0.5714286
-0.46596646,-0.5714286
-0.46565932,-0.5714286
-0.4658026,-0.5714286
-0.46585995,-0.5714286
-0.4659214,-0.5714286
-0.46571258,-0.5714286
-0.46507987,-0.5714286
-0.46573707,-0.5714286
-0.4653153,-0.5714286
-0.4651188,-0.5714286
-0.46539316,-0.5714286
-0.46514744,-0.5714286
-0.46524572,-0.5714286
-0.46485665,-0.5714286
-0.46460688,-0.5714286
-0.46546686,-0.5714286
-0.46524978,-0.5714286
-0.46543816,-0.5714286
-0.4660196,-0.5714286
-0.46570432,-0.5714286
-0.46583125,-0.5714286
-0.46560195,-0.5714286
-0.46581903,-0.5714286
-0.46548733,-0.5714286
-0.46554667,-0.5714286
-0.46603194,-0.5714286
-0.46536443,-0.5714286
-0.46568796,-0.5714286
-0.46572074,-0.5714286
-0.4646601,-0.5714286
-0.46430793,-0.5714286
-0.4631511,-0.5714286
-0.4648526,-0.5714286
-0.4648403,-0.5714286
-0.4644267,-0.5714286
-0.46457618,-0.5714286
-0.46539316,-0.5714286
-0.46558562,-0.5714286
-0.46548733,-0.5714286
-0.47249383,-0.5714286
-0.47355038,-0.5714286
-0.4717363,-0.5714286
-0.47227886,-0.5714286
-0.47386572,-0.5714286
-0.47470108,-0.5714286
-0.47464785,-0.5714286
-0.47373056,-0.5714286
-0.474914,-0.5714286
-0.47413185,-0.5714286
-0.47438982,-0.5714286
-0.47463143,-0.5714286
-0.4746028,-0.5714286
-0.47491398,-0.5714286
-0.47488126,-0.5714286
-0.4744103,-0.5714286
-0.47440624,-0.5714286
-0.4745946,-0.5714286
-0.47416872,-0.5714286
-0.4745209,-0.5714286
-0.4745516,-0.5714286
-0.4746028,-0.5714286
-0.47463965,-0.5714286
-0.47454953,-0.5714286
-0.4748362,-0.5714286
-0.47494265,-0.5714286
-0.47472358,-0.5714286
-0.4741196,-0.5714286
-0.47424448,-0.5714286
-0.47442874,-0.5714286
-0.4742588,-0.5714286
-0.47402945,-0.5714286
-0.47439396,-0.5714286
-0.47403768,-0.5714286
-0.47400492,-0.5714286
-0.473923,-0.5714286
-0.47419533,-0.5714286
-0.4745086,-0.5714286
-0.47427517,-0.5714286
-0.47402945,-0.5714286
-0.47447175,-0.5714286
-0.47436732,-0.5714286
-0.47470513,-0.5714286
-0.4744103,-0.5714286
-0.47474614,-0.5714286
-0.47395575,-0.5714286
-0.4747256,-0.5714286
-0.47474203,-0.5714286
-0.46933657,-0.5714286
-0.47458643,-0.5714286
-0.47454137,-0.5714286
-0.47437963,-0.5714286
-0.47467244,-0.5714286
-0.4748403,-0.5714286
-0.47384524,-0.5714286
-0.4744103,-0.5714286
-0.47477272,-0.5714286
-0.47457817,-0.5714286
-0.47242835,-0.5714286
-0.471982,-0.5714286
-0.47227272,-0.5714286
-0.47302622,-0.5714286
-0.47300163,-0.5714286
-0.4729279,-0.5714286
-0.47257575,-0.5714286
-0.47136778,-0.5714286
-0.4719042,-0.5714286
-0.47236285,-0.5714286
-0.47490174,-0.5714286
-0.4745946,-0.5714286
-0.47512698,-0.5714286
-0.47438166,-0.5714286
-0.47512698,-0.5714286
-0.47455367,-0.5714286
-0.058493085,-0.5714286
-0.31941032,-0.5714286
-0.31299755,-0.5714286
-0.31101352,-0.5714286
-0.3105119,-0.5714286
-0.31046683,-0.5714286
-0.31025797,-0.5714286
-0.3098812,-0.5714286
-0.3090479,-0.5714286
-0.30934888,-0.5714286
-0.3088821,-0.5714286
-0.3096601,-0.5714286
-0.31004506,-0.5714286
-0.31054872,-0.5714286
-0.31061015,-0.5714286
-0.3132801,-0.5714286
-0.314611,-0.5714286
-0.31439394,-0.5714286
-0.31447583,-0.5714286
-0.315086,-0.5714286
-0.31621006,-0.5714286
-0.31761673,-0.5714286
-0.31864867,-0.5714286
-0.3196642,-0.5714286
-0.32066336,-0.5714286
-0.32253683,-0.5714286
-0.3234439,-0.5714286
-0.32308352,-0.5714286
-0.32312652,-0.5714286
-0.32455158,-0.5714286
-0.3227764,-0.5714286
-0.3252334,-0.5714286
-0.32505324,-0.5714286
-0.32595414,-0.5714286
-0.32682228,-0.5714286
-0.32673833,-0.5714286
-0.3269963,-0.5714286
-0.32658476,-0.5714286
-0.32597464,-0.5714286
-0.32626534,-0.5714286
-0.32599097,-0.5714286
-0.32698405,-0.5714286
-0.32438165,-0.5714286
-0.325086,-0.5714286
-0.32554054,-0.5714286
-0.32680592,-0.5714286
-0.32686734,-0.5714286
-0.32711917,-0.5714286
-0.32629812,-0.5714286
-0.32621622,-0.5714286
-0.3260565,-0.5714286
-0.32773548,-0.5714286
-0.32895985,-0.5714286
-0.32953316,-0.5714286
-0.32905403,-0.5714286
-0.32911956,-0.5714286
-0.3295741,-0.5714286
-0.3276597,-0.5714286
-0.32718676,-0.5714286
-0.32795247,-0.5714286
-0.32908273,-0.5714286
-0.3287224,-0.5714286
-0.32897627,-0.5714286
-0.32972562,-0.5714286
-0.32995906,-0.5714286
-0.32910317,-0.5714286
-0.32955363,-0.5714286
-0.32909504,-0.5714286
-0.3292342,-0.5714286
-0.32991812,-0.5714286
-0.32994473,-0.5714286
-0.32996723,-0.5714286
-0.32973588,-0.5714286
-0.32959053,-0.5714286
-0.32903767,-0.5714286
-0.32955775,-0.5714286
-0.32875103,-0.5714286
-0.32889435,-0.5714286
-0.32954547,-0.5714286
-0.32995906,-0.5714286
-0.31853807,-0.5714286
-0.31853807,-0.5714286
-0.32064497,-0.5714286
-0.31962326,-0.5714286
-0.31940624,-0.5714286
-0.31994265,-0.5714286
-0.319914,-0.5714286
-0.31938577,-0.5714286
-0.32109743,-0.5714286
-0.32114252,-0.5714286
-0.3206941,-0.5714286
-0.3207289,-0.5714286
-0.32109335,-0.5714286
-0.32162982,-0.5714286
-0.32122847,-0.5714286
-0.3203153,-0.5714286
-0.3199079,-0.5714286
-0.321077,-0.5714286
-0.32085586,-0.5714286
-0.32036448,-0.5714286
-0.32079238,-0.5714286
-0.32115477,-0.5714286
-0.32013923,-0.5714286
-0.32178137,-0.5714286
-0.3210504,-0.5714286
-0.3203317,-0.5714286
-0.32162982,-0.5714286
-0.3224017,-0.5714286
-0.3225348,-0.5714286
-0.32159704,-0.5714286
-0.3208886,-0.5714286
-0.32186732,-0.5714286
-0.322156,-0.5714286
-0.3216769,-0.5714286
-0.32230955,-0.5714286
-0.32269043,-0.5714286
-0.32146195,-0.5714286
-0.32238945,-0.5714286
-0.32195333,-0.5714286
-0.32211915,-0.5714286
-0.32126945,-0.5714286
-0.32160524,-0.5714286
-0.32192057,-0.5714286
-0.3223833,-0.5714286
-0.3216032,-0.5714286
-0.32248566,-0.5714286
-0.32291156,-0.5714286
-0.32278255,-0.5714286
-0.32309175,-0.5714286
-0.32266995,-0.5714286
-0.32252455,-0.5714286
-0.32083946,-0.5714286
-0.32271498,-0.5714286
-0.32297912,-0.5714286
-0.3229402,-0.5714286
-0.32318184,-0.5714286
-0.32309583,-0.5714286
-0.32265973,-0.5714286
-0.32230136,-0.5714286
-0.3221806,-0.5714286
-0.32189187,-0.5714286
-0.32257983,-0.5714286
-0.32300574,-0.5714286
-0.32296067,-0.5714286
-0.32316953,-0.5714286
-0.32274777,-0.5714286
-0.32288286,-0.5714286
-0.3232801,-0.5714286
-0.3232678,-0.5714286
-0.32235873,-0.5714286
-0.32249388,-0.5714286
-0.32260033,-0.5714286
-0.32396805,-0.5714286
-0.3241933,-0.5714286
-0.3240336,-0.5714286
-0.32316956,-0.5714286
-0.32271087,-0.5714286
-0.32323915,-0.5714286
-0.32342342,-0.5714286
-0.32323095,-0.5714286
-0.32261673,-0.5714286
-0.32313266,-0.5714286
-0.32327193,-0.5714286
-0.32369778,-0.5714286
-0.32346848,-0.5714286
-0.32388616,-0.5714286
-0.32446352,-0.5714286
-0.32375923,-0.5714286
-0.32226044,-0.5714286
-0.32382885,-0.5714286
-0.32484028,-0.5714286
-0.3251904,-0.5714286
-0.3246253,-0.5714286
-0.3242076,-0.5714286
-0.3246253,-0.5714286
-0.32413188,-0.5714286
-0.3232555,-0.5714286
-0.3238411,-0.5714286
-0.32308352,-0.5714286
-0.32358107,-0.5714286
-0.32425883,-0.5714286
-0.32412162,-0.5714286
-0.32381245,-0.5714286
-0.32454136,-0.5714286
-0.32427523,-0.5714286
-0.3239312,-0.5714286
-0.32427108,-0.5714286
-0.323751,-0.5714286
-0.3245004,-0.5714286
-0.3245823,-0.5714286
-0.32300985,-0.5714286
-0.3229034,-0.5714286
-0.3232965,-0.5714286
-0.32333538,-0.5714286
-0.32250613,-0.5714286
-0.3210074,-0.5714286
-0.32104832,-0.5714286
-0.32165438,-0.5714286
-0.32166258,-0.5714286
-0.32331693,-0.5714286
-0.32443488,-0.5714286
-0.3242547,-0.5714286
-0.32377148,-0.5714286
-0.32445124,-0.5714286
-0.32449633,-0.5714286
-0.32448813,-0.5714286
-0.324009,-0.5714286
-0.32391486,-0.5714286
-0.32411546,-0.5714286
-0.32848078,-0.5714286
-0.3321908,-0.5714286
-0.3322113,-0.5714286
-0.3332105,-0.5714286
-0.3333702,-0.5714286
-0.33294842,-0.5714286
-0.33337837,-0.5714286
-0.33233005,-0.5714286
-0.3318018,-0.5714286
-0.3331286,-0.5714286
-0.33298525,-0.5714286
-0.33279487,-0.5714286
-0.3340049,-0.5714286
-0.33356267,-0.5714286
-0.33402538,-0.5714286
-0.33396804,-0.5714286
-0.33258808,-0.5714286
-0.3337715,-0.5714286
-0.33409092,-0.5714286
-0.3324447,-0.5714286
-0.33254713,-0.5714286
-0.33276,-0.5714286
-0.33249792,-0.5714286
-0.33201474,-0.5714286
-0.33222356,-0.5714286
-0.33201474,-0.5714286
-0.33077395,-0.5714286
-0.33192876,-0.5714286
-0.3319451,-0.5714286
-0.33349714,-0.5714286
-0.332457,-0.5714286
-0.3330037,-0.5714286
-0.3341237,-0.5714286
-0.33436942,-0.5714286
-0.33436117,-0.5714286
-0.334656,-0.5714286
-0.33443487,-0.5714286
-0.33360362,-0.5714286
-0.33434275,-0.5714286
-0.33461916,-0.5714286
-0.33418304,-0.5714286
-0.33456388,-0.5714286
-0.39304668,-0.5714286
-0.47466832,-0.5714286
-0.47480342,-0.5714286
-0.47399265,-0.5714286
-0.4742301,-0.5714286
-0.4748731,-0.5714286
-0.47463965,-0.5714286
-0.4746765,-0.5714286
-0.47459048,-0.5714286
-0.47465602,-0.5714286
-0.47498158,-0.5714286
-0.47477478,-0.5714286
-0.47456595,-0.5714286
-0.4745946,-0.5714286
-0.4744963,-0.5714286
-0.4741564,-0.5714286
-0.47450042,-0.5714286
-0.474484,-0.5714286
-0.47427517,-0.5714286
-0.4743489,-0.5714286
-0.4743038,-0.5714286
-0.47472563,-0.5714286
-0.47428748,-0.5714286
-0.47445944,-0.5714286
-0.47445124,-0.5714286
-0.4741196,-0.5714286
-0.4739312,-0.5714286
-0.47431207,-0.5714286
-0.47434476,-0.5714286
-0.47459048,-0.5714286
-0.47445124,-0.5714286
-0.4738022,-0.5714286
-0.47424242,-0.5714286
-0.47447175,-0.5714286
-0.4742793,-0.5714286
-0.4746929,-0.5714286
-0.47464785,-0.5714286
-0.47480756,-0.5714286
-0.4746929,-0.5714286
-0.47494265,-0.5714286
-0.47455776,-0.5714286
-0.47345212,-0.5714286
-0.47436732,-0.5714286
-0.4746437,-0.5714286
-0.47436118,-0.5714286
-0.47439805,-0.5714286
-0.474181,-0.5714286
-0.47447178,-0.5714286
-0.47436935,-0.5714286
-0.47466418,-0.5714286
-0.47366506,-0.5714286
-0.4737101,-0.5714286
-0.47438166,-0.5714286
-0.47363022,-0.5714286
-0.47332922,-0.5714286
-0.47345826,-0.5714286
-0.47363228,-0.5714286
-0.47310403,-0.5714286
-0.47394347,-0.5714286
-0.4738534,-0.5714286
-0.47343165,-0.5714286
-0.47330058,-0.5714286
-0.47394758,-0.5714286
-0.47375512,-0.5714286
-0.47377148,-0.5714286
-0.47398853,-0.5714286
-0.4743735,-0.5714286
-0.47408682,-0.5714286
-0.4743366,-0.5714286
-0.47375512,-0.5714286
-0.4730385,-0.5714286
-0.47364864,-0.5714286
-0.4738165,-0.5714286
-0.47310403,-0.5714286
-0.4731204,-0.5714286
-0.47370186,-0.5714286
-0.47407246,-0.5714286
-0.47339475,-0.5714286
-0.47389847,-0.5714286
-0.472414,-0.5714286
-0.4724447,-0.5714286
-0.47341934,-0.5714286
-0.4731511,-0.5714286
-0.47337428,-0.5714286
-0.47355857,-0.5714286
-0.47325146,-0.5714286
-0.47336197,-0.5714286
-0.47359952,-0.5714286
-0.47337428,-0.5714286
-0.47201884,-0.5714286
-0.4731941,-0.5714286
-0.47332922,-0.5714286
-0.4729566,-0.5714286
-0.4733415,-0.5714286
-0.47310403,-0.5714286
-0.4737633,-0.5714286
-0.47345614,-0.5714286
-0.47368553,-0.5714286
-0.47262898,-0.5714286
-0.4731368,-0.5714286
-0.4732965,-0.5714286
-0.47324732,-0.5714286
-0.47340295,-0.5714286
-0.4732678,-0.5714286
-0.47382477,-0.5714286
-0.4734603,-0.5714286
-0.47345212,-0.5714286
-0.47372234,-0.5714286
-0.47270885,-0.5714286
-0.47341117,-0.5714286
-0.47348282,-0.5714286
-0.45929563,-0.5714286
-0.45189598,-0.5714286
-0.45578212,-0.5714286
-0.46383706,-0.5714286
-0.4642056,-0.5714286
-0.46456593,-0.5714286
-0.4633661,-0.5714286
-0.46141687,-0.5714286
-0.4620557,-0.5714286
-0.4620311,-0.5714286
-0.4622236,-0.5714286
-0.46392304,-0.5714286
-0.46501228,-0.5714286
-0.4647297,-0.5714286
-0.46441853,-0.5714286
-0.4645905,-0.5714286
-0.46513513,-0.5714286
-0.46484646,-0.5714286
-0.46514744,-0.5714286
-0.4654914,-0.5714286
-0.4654709,-0.5714286
-0.46553645,-0.5714286
-0.46479937,-0.5714286
-0.46478707,-0.5714286
-0.46463552,-0.5714286
-0.46437758,-0.5714286
-0.4641728,-0.5714286
-0.46512282,-0.5714286
-0.4651597,-0.5714286
-0.4650328,-0.5714286
-0.4651556,-0.5714286
-0.46466213,-0.5714286
-0.46460074,-0.5714286
-0.46503684,-0.5714286
-0.46482185,-0.5714286
-0.46470106,-0.5714286
-0.46473587,-0.5714286
-0.4630876,-0.5714286
-0.46325144,-0.5714286
-0.463362,-0.5714286
-0.46316543,-0.5714286
-0.4626904,-0.5714286
-0.46255532,-0.5714286
-0.4629934,-0.5714286
-0.46210077,-0.5714286
-0.46207002,-0.5714286
-0.46310195,-0.5714286
-0.46513924,-0.5714286
-0.46537268,-0.5714286
-0.46538085,-0.5714286
-0.4658354,-0.5714286
-0.4653133,-0.5714286
-0.46554872,-0.5714286
-0.4650082,-0.5714286
-0.4637961,-0.5714286
-0.46486485,-0.5714286
-0.46350124,-0.5714286
-0.4638698,-0.5714286
-0.46346438,-0.5714286
-0.46363637,-0.5714286
-0.4629566,-0.5714286
-0.46271503,-0.5714286
-0.46239147,-0.5714286
-0.4626495,-0.5714286
-0.46278873,-0.5714286
-0.4637101,-0.5714286
-0.4650819,-0.5714286
-0.46524978,-0.5714286
-0.465733,-0.5714286
-0.46552825,-0.5714286
-0.46550366,-0.5714286
-0.46575755,-0.5714286
-0.46539316,-0.5714286
-0.46471745,-0.5714286
-0.4655446,-0.5714286
-0.4650737,-0.5714286
-0.464828,-0.5714286
-0.46485874,-0.5714286
-0.46498358,-0.5714286
-0.46514744,-0.5714286
-0.4650123,-0.5714286
-0.46508598,-0.5714286
-0.46522114,-0.5714286
-0.4632801,-0.5714286
-0.46525183,-0.5714286
-0.46600738,-0.5714286
-0.46627763,-0.5714286
-0.4668591,-0.5714286
-0.4676413,-0.5714286
-0.4669656,-0.5714286
-0.46700248,-0.5714286
-0.46694106,-0.5714286
-0.4661753,-0.5714286
-0.46684277,-0.5714286
-0.46648034,-0.5714286
-0.46665847,-0.5714286
-0.46646598,-0.5714286
-0.46636364,-0.5714286
-0.46629608,-0.5714286
-0.46588045,-0.5714286
-0.46626127,-0.5714286
-0.4648403,-0.5714286
-0.46498156,-0.5714286
-0.46490172,-0.5714286
-0.46473792,-0.5714286
-0.46583948,-0.5714286
-0.4655733,-0.5714286
-0.46619165,-0.5714286
-0.46653563,-0.5714286
-0.4661056,-0.5714286
-0.4654996,-0.5714286
-0.46511465,-0.5714286
-0.46634522,-0.5714286
-0.46630836,-0.5714286
-0.4659521,-0.5714286
-0.4661671,-0.5714286
-0.46612203,-0.5714286
-0.4655958,-0.5714286
-0.4654832,-0.5714286
-0.46574938,-0.5714286
-0.46561426,-0.5714286
-0.4650082,-0.5714286
-0.46542385,-0.5714286
-0.46506143,-0.5714286
-0.46558562,-0.5714286
-0.46669123,-0.5714286
-0.46576783,-0.5714286
-0.46578214,-0.5714286
-0.4658968,-0.5714286
-0.4652416,-0.5714286
-0.46570432,-0.5714286
-0.46660936,-0.5714286
-0.4664455,-0.5714286
-0.47004297,-0.5714286
-0.47451678,-0.5714286
-0.47463965,-0.5714286
-0.4744656,-0.5714286
-0.4739844,-0.5714286
-0.47542584,-0.5714286
-0.47517195,-0.5714286
-0.47368553,-0.5714286
-0.47453725,-0.5714286
-0.47435302,-0.5714286
-0.47461507,-0.5714286
-0.47435302,-0.5714286
-0.474484,-0.5714286
-0.4752457,-0.5714286
-0.47428337,-0.5714286
-0.47482803,-0.5714286
-0.4739189,-0.5714286
-0.47345212,-0.5714286
-0.4738411,-0.5714286
-0.4743489,-0.5714286
-0.47490174,-0.5714286
-0.47518426,-0.5714286
-0.4751761,-0.5714286
-0.47497132,-0.5714286
-0.47490174,-0.5714286
-0.47443902,-0.5714286
-0.47427517,-0.5714286
-0.47485667,-0.5714286
-0.47442672,-0.5714286
-0.47490174,-0.5714286
-0.47547093,-0.5714286
-0.47542998,-0.5714286
-0.4754791,-0.5714286
-0.47550982,-0.5714286
-0.47549137,-0.5714286
-0.47490174,-0.5714286
-0.4744595,-0.5714286
-0.47498775,-0.5714286
-0.47517812,-0.5714286
-0.47481573,-0.5714286
-0.47505528,-0.5714286
-0.4750205,-0.5714286
-0.47497544,-0.5714286
-0.4749795,-0.5714286
-0.4747871,-0.5714286
-0.47390252,-0.5714286
-0.47456387,-0.5714286
-0.47472563,-0.5714286
-0.47451273,-0.5714286
-0.47428337,-0.5714286
-0.47439396,-0.5714286
-0.47470516,-0.5714286
-0.47436732,-0.5714286
-0.47447994,-0.5714286
-0.4744472,-0.5714286
-0.4738411,-0.5714286
-0.47445536,-0.5714286
-0.47413185,-0.5714286
-0.47373876,-0.5714286
-0.47465602,-0.5714286
-0.47486487,-0.5714286
-0.47474816,-0.5714286
-0.47442672,-0.5714286
-0.47473386,-0.5714286
-0.4738022,-0.5714286
-0.473878,-0.5714286
-0.47447175,-0.5714286
-0.47456595,-0.5714286
-0.475,-0.5714286
-0.4747584,-0.5714286
-0.47454953,-0.5714286
-0.47512698,-0.5714286
-0.47470516,-0.5714286
-0.47504097,-0.5714286
-0.47466418,-0.5714286
-0.47446352,-0.5714286
-0.47483206,-0.5714286
-0.4747666,-0.5714286
-0.47472972,-0.5714286
-0.47450042,-0.5714286
-0.47454545,-0.5714286
-0.474484,-0.5714286
-0.47407866,-0.5714286
-0.47433046,-0.5714286
-0.47382477,-0.5714286
-0.47436935,-0.5714286
-0.47432435,-0.5714286
-0.4738534,-0.5714286
-0.47432023,-0.5714286
-0.47414824,-0.5714286
-0.47422194,-0.5714286
-0.4741564,-0.5714286
-0.4742629,-0.5714286
-0.47364458,-0.5714286
-0.4741196,-0.5714286
-0.47384518,-0.5714286
-0.47404587,-0.5714286
-0.47369778,-0.5714286
-0.47389022,-0.5714286
-0.47386158,-0.5714286
-0.4738493,-0.5714286
-0.47363633,-0.5714286
-0.47380835,-0.5714286
-0.47313267,-0.5714286
-0.47405407,-0.5714286
-0.47375512,-0.5714286
-0.47348893,-0.5714286
-0.4737838,-0.5714286
-0.47418514,-0.5714286
-0.47443488,-0.5714286
-0.4741196,-0.5714286
-0.47366506,-0.5714286
-0.4731941,-0.5714286
-0.47307533,-0.5714286
-0.47199836,-0.5714286
-0.4721376,-0.5714286
-0.4719042,-0.5714286
-0.47201064,-0.5714286
-0.47196972,-0.5714286
-0.472027,-0.5714286
-0.47192878,-0.5714286
-0.47186118,-0.5714286
-0.47126535,-0.5714286
-0.47196972,-0.5714286
-0.47158477,-0.5714286
-0.47217447,-0.5714286
-0.47181407,-0.5714286
-0.47237718,-0.5714286
-0.47231779,-0.5714286
-0.47205776,-0.5714286
-0.47272727,-0.5714286
-0.47237918,-0.5714286
-0.47124898,-0.5714286
-0.4724263,-0.5714286
-0.4722113,-0.5714286
-0.47245088,-0.5714286
-0.47248158,-0.5714286
-0.47360566,-0.5714286
-0.4740172,-0.5714286
-0.473923,-0.5714286
-0.47342342,-0.5714286
-0.47375923,-0.5714286
-0.4733661,-0.5714286
-0.47380427,-0.5714286
-0.47415847,-0.5714286
-0.47436118,-0.5714286
-0.474095,-0.5714286
-0.47457817,-0.5714286
-0.4742629,-0.5714286
-0.47425058,-0.5714286
-0.47447994,-0.5714286
-0.4743038,-0.5714286
-0.47210485,-0.5714286
-0.46024573,-0.5714286
-0.4528501,-0.5714286
-0.45369163,-0.5714286
-0.46390253,-0.5714286
-0.4650328,-0.5714286
-0.4650082,-0.5714286
-0.46520883,-0.5714286
-0.46477067,-0.5714286
-0.46414417,-0.5714286
-0.46487716,-0.5714286
-0.46481165,-0.5714286
-0.46502864,-0.5714286
-0.46495908,-0.5714286
-0.46495908,-0.5714286
-0.46512282,-0.5714286
-0.46504095,-0.5714286
-0.46522525,-0.5714286
-0.4649631,-0.5714286
-0.46594596,-0.5714286
-0.46485665,-0.5714286
-0.464828,-0.5714286
-0.46562243,-0.5714286
-0.464742,-0.5714286
-0.4650328,-0.5714286
-0.46477476,-0.5714286
-0.46334153,-0.5714286
-0.46313268,-0.5714286
-0.4634091,-0.5714286
-0.46523342,-0.5714286
-0.4658661,-0.5714286
-0.46545866,-0.5714286
-0.46486077,-0.5714286
-0.46554872,-0.5714286
-0.46547914,-0.5714286
-0.46535626,-0.5714286
-0.46545455,-0.5714286
-0.46480754,-0.5714286
-0.46535626,-0.5714286
-0.46565112,-0.5714286
-0.4652662,-0.5714286
-0.4657187,-0.5714286
-0.4646192,-0.5714286
-0.46368137,-0.5714286
-0.46450454,-0.5714286
-0.46410322,-0.5714286
-0.46468058,-0.5714286
-0.46423018,-0.5714286
-0.46569204,-0.5714286
-0.46552008,-0.5714286
-0.4652416,-0.5714286
-0.4655569,-0.5714286
-0.46541768,-0.5714286
-0.4652416,-0.5714286
-0.46541765,-0.5714286
-0.46434277,-0.5714286
-0.46456182,-0.5714286
-0.46578008,-0.5714286
-0.46574938,-0.5714286
-0.46579853,-0.5714286
-0.4654627,-0.5714286
-0.46463144,-0.5714286
-0.46474612,-0.5714286
-0.46488124,-0.5714286
-0.46468875,-0.5714286
-0.46386155,-0.5714286
-0.46380222,-0.5714286
-0.4645495,-0.5714286
-0.46507987,-0.5714286
-0.46549755,-0.5714286
-0.46502864,-0.5714286
-0.46565112,-0.5714286
-0.46552008,-0.5714286
-0.4653399,-0.5714286
-0.46536443,-0.5714286
-0.4653624,-0.5714286
-0.46483213,-0.5714286
-0.46468058,-0.5714286
-0.46457002,-0.5714286
-0.46488535,-0.5714286
-0.4640008,-0.5714286
-0.46477067,-0.5714286
-0.46395168,-0.5714286
-0.46410316,-0.5714286
-0.46394962,-0.5714286
-0.46414417,-0.5714286
-0.46441442,-0.5714286
-0.46477064,-0.5714286
-0.46529895,-0.5714286
-0.46487308,-0.5714286
-0.46472973,-0.5714286
-0.46497542,-0.5714286
-0.46552008,-0.5714286
-0.46516377,-0.5714286
-0.46534398,-0.5714286
-0.46421787,-0.5714286
-0.46494678,-0.5714286
-0.46492016,-0.5714286
-0.4650041,-0.5714286
-0.4644758,-0.5714286
-0.46433046,-0.5714286
-0.4646192,-0.5714286
-0.4643899,-0.5714286
-0.46441647,-0.5714286
-0.46483213,-0.5714286
-0.4652621,-0.5714286
-0.4655958,-0.5714286
-0.46579444,-0.5714286
-0.46602786,-0.5714286
-0.46568385,-0.5714286
-0.465819,-0.5714286
-0.4654709,-0.5714286
-0.4658395,-0.5714286
-0.4658354,-0.5714286
-0.46528667,-0.5714286
-0.46622851,-0.5714286
-0.46570432,-0.5714286
-0.4657166,-0.5714286
-0.4652539,-0.5714286
-0.46504912,-0.5714286
-0.46500617,-0.5714286
-0.46475843,-0.5714286
-0.464525,-0.5714286
-0.46445534,-0.5714286
-0.46454546,-0.5714286
-0.4655815,-0.5714286
-0.4655119,-0.5714286
0.047690425,-0.5714286
-0.31199428,-0.5714286
-0.30414823,-0.5714286
-0.30278048,-0.5714286
-0.30197793,-0.5714286
-0.30188778,-0.5714286
-0.30070028,-0.5714286
-0.2995004,-0.5714286
-0.29976657,-0.5714286
-0.3072277,-0.5714286
-0.3087101,-0.5714286
-0.30872235,-0.5714286
-0.30944717,-0.5714286
-0.30892304,-0.5714286
-0.30934888,-0.5714286
-0.31083128,-0.5714286
-0.30177724,-0.5714286
-0.29350123,-0.5714286
-0.2902498,-0.5714286
-0.30119166,-0.5714286
-0.30455774,-0.5714286
-0.30586606,-0.5714286
-0.3066953,-0.5714286
-0.3075348,-0.5714286
-0.30848074,-0.5714286
-0.31024572,-0.5714286
-0.30839476,-0.5714286
-0.30935296,-0.5714286
-0.31076986,-0.5714286
-0.31042993,-0.5714286
-0.31132066,-0.5714286
-0.31209254,-0.5714286
-0.31266582,-0.5714286
-0.31259212,-0.5714286
-0.3125307,-0.5714286
-0.31347048,-0.5714286
-0.3155364,-0.5714286
-0.3156429,-0.5714286
-0.31613025,-0.5714286
-0.31774366,-0.5714286
-0.31777024,-0.5714286
-0.31819004,-0.5714286
-0.31869778,-0.5714286
-0.31883293,-0.5714286
-0.31703928,-0.5714286
-0.31631452,-0.5714286
-0.31652334,-0.5714286
-0.3166585,-0.5714286
-0.31597054,-0.5714286
-0.31723586,-0.5714286
-0.3174611,-0.5714286
-0.31747338,-0.5714286
-0.3178501,-0.5714286
-0.31691647,-0.5714286
-0.31596437,-0.5714286
-0.3182719,-0.5714286
-0.31883293,-0.5714286
-0.31922197,-0.5714286
-0.3186241,-0.5714286
-0.31906635,-0.5714286
-0.3188022,-0.5714286
-0.32007983,-0.5714286
-0.31877968,-0.5714286
-0.31923014,-0.5714286
-0.31942257,-0.5714286
-0.319742,-0.5714286
-0.31940418,-0.5714286
-0.31944716,-0.5714286
-0.31870392,-0.5714286
-0.3185381,-0.5714286
-0.31787878,-0.5714286
-0.31854218,-0.5714286
-0.31838247,-0.5714286
-0.31751433,-0.5714286
-0.317973,-0.5714286
-0.31860772,-0.5714286
-0.31913188,-0.5714286
-0.31910935,-0.5714286
-0.3191155,-0.5714286
-0.31932023,-0.5714286
-0.31945947,-0.5714286
-0.31933045,-0.5714286
-0.3194881,-0.5714286
-0.31872645,-0.5714286
-0.31907043,-0.5714286
-0.31931612,-0.5714286
-0.31963143,-0.5714286
-0.31962323,-0.5714286
-0.31954548,-0.5714286
-0.31840298,-0.5714286
-0.31933656,-0.5714286
-0.32011056,-0.5714286
-0.3204218,-0.5714286
-0.32105651,-0.5714286
-0.32049137,-0.5714286
-0.3195946,-0.5714286
-0.31961507,-0.5714286
-0.3192383,-0.5714286
-0.31938985,-0.5714286
-0.3195209,-0.5714286
-0.3198935,-0.5714286
-0.32003683,-0.5714286
-0.3198956,-0.5714286
-0.31938985,-0.5714286
-0.31921375,-0.5714286
-0.32002866,-0.5714286
-0.32072482,-0.5714286
-0.30922604,-0.5714286
-0.30272317,-0.5714286
-0.3044554,-0.5714286
-0.31328827,-0.5714286
-0.31445536,-0.5714286
-0.31447175,-0.5714286
-0.31550777,-0.5714286
-0.3140704,-0.5714286
-0.30757576,-0.5714286
-0.30535218,-0.5714286
-0.3113882,-0.5714286
-0.3166544,-0.5714286
-0.3157801,-0.5714286
-0.31504095,-0.5714286
-0.31413394,-0.5714286
-0.31378376,-0.5714286
-0.3136077,-0.5714286
-0.31404588,-0.5714286
-0.3213268,-0.5714286
-0.32124487,-0.5714286
-0.32124898,-0.5714286
-0.32117936,-0.5714286
-0.31835383,-0.5714286
-0.32099918,-0.5714286
-0.32110974,-0.5714286
-0.32149878,-0.5714286
-0.3203276,-0.5714286
-0.31873465,-0.5714286
-0.3204791,-0.5714286
-0.31999588,-0.5714286
-0.3207248,-0.5714286
-0.32079443,-0.5714286
-0.32063267,-0.5714286
-0.32104012,-0.5714286
-0.3205119,-0.5714286
-0.32150492,-0.5714286
-0.32077807,-0.5714286
-0.321724,-0.5714286
-0.32186732,-0.5714286
-0.32152334,-0.5714286
-0.32160112,-0.5714286
-0.32200655,-0.5714286
-0.32228914,-0.5714286
-0.32209665,-0.5714286
-0.3222113,-0.5714286
-0.32224408,-0.5714286
-0.32066336,-0.5714286
-0.32142505,-0.5714286
-0.32230547,-0.5714286
-0.32239556,-0.5714286
-0.3226904,-0.5714286
-0.32321253,-0.5714286
-0.32346028,-0.5714286
-0.32242015,-0.5714286
-0.3232003,-0.5714286
-0.32242012,-0.5714286
-0.32237917,-0.5714286
-0.32257986,-0.5714286
-0.32258397,-0.5714286
-0.32261673,-0.5714286
-0.32227683,-0.5714286
-0.32257575,-0.5714286
-0.32232186,-0.5714286
-0.32017812,-0.5714286
-0.32054052,-0.5714286
-0.31987306,-0.5714286
-0.3211835,-0.5714286
-0.32162777,-0.5714286
-0.32366914,-0.5714286
-0.32367733,-0.5714286
-0.3237797,-0.5714286
-0.32307124,-0.5714286
-0.32255527,-0.5714286
-0.32282555,-0.5714286
-0.32380834,-0.5714286
-0.3237592,-0.5714286
-0.32393125,-0.5714286
-0.32473382,-0.5714286
-0.32428744,-0.5714286
-0.32410318,-0.5714286
-0.32408682,-0.5714286
-0.32431206,-0.5714286
-0.3251474,-0.5714286
-0.32527027,-0.5714286
-0.3245209,-0.5714286
-0.32282555,-0.5714286
-0.32429564,-0.5714286
-0.32499385,-0.5714286
-0.32485262,-0.5714286
-0.3247543,-0.5714286
-0.32457003,-0.5714286
-0.32393533,-0.5714286
-0.32333332,-0.5714286
-0.32321048,-0.5714286
-0.3232473,-0.5714286
-0.32338658,-0.5714286
-0.32388616,-0.5714286
-0.32437342,-0.5714286
-0.32344797,-0.5714286
-0.3230385,-0.5714286
-0.32373875,-0.5714286
-0.32472563,-0.5714286
-0.3249795,-0.5714286
-0.323706,-0.5714286
-0.32269043,-0.5714286
-0.3249263,-0.5714286
-0.32502046,-0.5714286
-0.3243059,-0.5714286
-0.32417077,-0.5714286
-0.32366505,-0.5714286
-0.3213268,-0.5714286
-0.32148033,-0.5714286
-0.32137185,-0.5714286
-0.3219963,-0.5714286
-0.3214435,-0.5714286
-0.3215049,-0.5714286
-0.32177722,-0.5714286
-0.32231778,-0.5714286
-0.321638,-0.5714286
-0.32215604,-0.5714286
-0.32449225,-0.5714286
-0.32570025,-0.5714286
-0.32576168,-0.5714286
-0.32494265,-0.5714286
-0.32548526,-0.5714286
-0.32530716,-0.5714286
-0.3256388,-0.5714286
-0.32612205,-0.5714286
-0.32612205,-0.5714286
-0.3265438,-0.5714286
-0.32636365,-0.5714286
-0.32581902,-0.5714286
-0.3267731,-0.5714286
-0.3250819,-0.5714286
-0.32605037,-0.5714286
-0.37509012,-0.5714286
-0.4658845,-0.5714286
-0.46528667,-0.5714286
-0.46659705,-0.5714286
-0.46629405,-0.5714286
-0.46707618,-0.5714286
-0.46638,-0.5714286
-0.46543407,-0.5714286
-0.4666032,-0.5714286
-0.46692878,-0.5714286
-0.466466,-0.5714286
-0.46657658,-0.5714286
-0.46700862,-0.5714286
-0.4646929,-0.5714286
-0.4645864,-0.5714286
-0.46525183,-0.5714286
-0.46486077,-0.5714286
-0.46420962,-0.5714286
-0.46470517,-0.5714286
-0.46463552,-0.5714286
-0.46489763,-0.5714286
-0.4645864,-0.5714286
-0.4651597,-0.5714286
-0.466466,-0.5714286
-0.4662531,-0.5714286
-0.46638823,-0.5714286
-0.46573707,-0.5714286
-0.46600124,-0.5714286
-0.4659951,-0.5714286
-0.4662981,-0.5714286
-0.4659705,-0.5714286
-0.46626532,-0.5714286
-0.4660811,-0.5714286
-0.46651104,-0.5714286
-0.46658888,-0.5714286
-0.46656018,-0.5714286
-0.46672812,-0.5714286
-0.46644145,-0.5714286
-0.46631452,-0.5714286
-0.46689188,-0.5714286
-0.46668714,-0.5714286
-0.46622851,-0.5714286
-0.4651065,-0.5714286
-0.46658474,-0.5714286
-0.46656018,-0.5714286
-0.46598893,-0.5714286
-0.46649876,-0.5714286
-0.46653152,-0.5714286
-0.4665807,-0.5714286
-0.47382882,-0.5714286
-0.47429156,-0.5714286
-0.47395575,-0.5714286
-0.47445536,-0.5714286
-0.47517812,-0.5714286
-0.47490788,-0.5714286
-0.4746028,-0.5714286
-0.47375923,-0.5714286
-0.47399265,-0.5714286
-0.4734398,-0.5714286
-0.47398853,-0.5714286
-0.47440213,-0.5714286
-0.47457,-0.5714286
-0.4743489,-0.5714286
-0.4749795,-0.5714286
-0.47436532,-0.5714286
-0.47387388,-0.5714286
-0.47425058,-0.5714286
-0.47401312,-0.5714286
-0.47342342,-0.5714286
-0.47414824,-0.5714286
-0.474484,-0.5714286
-0.4745516,-0.5714286
-0.47422194,-0.5714286
-0.47412777,-0.5714286
-0.47427517,-0.5714286
-0.4733845,-0.5714286
-0.47408682,-0.5714286
-0.47345614,-0.5714286
-0.47407866,-0.5714286
-0.47423834,-0.5714286
-0.4749468,-0.5714286
-0.47479114,-0.5714286
-0.47495902,-0.5714286
-0.47452497,-0.5714286
-0.47388205,-0.5714286
-0.4746929,-0.5714286
-0.4746437,-0.5714286
-0.47466418,-0.5714286
-0.4746437,-0.5714286
-0.47441033,-0.5714286
-0.47440624,-0.5714286
-0.47384524,-0.5714286
-0.47450447,-0.5714286
-0.47471744,-0.5714286
-0.47404176,-0.5714286
-0.47453725,-0.5714286
-0.47423425,-0.5714286
-0.47355857,-0.5714286
-0.47218266,-0.5714286
-0.47424653,-0.5714286
-0.47422606,-0.5714286
-0.4745332,-0.5714286
-0.47456595,-0.5714286
-0.4736896,-0.5714286
-0.47415236,-0.5714286
-0.47399265,-0.5714286
-0.47418514,-0.5714286
-0.47442672,-0.5714286
-0.47452495,-0.5714286
-0.47415236,-0.5714286
-0.47398853,-0.5714286
-0.47469696,-0.5714286
-0.47495085,-0.5714286
-0.4746376,-0.5714286
-0.47445333,-0.5714286
-0.47412777,-0.5714286
-0.47363228,-0.5714286
-0.47442672,-0.5714286
-0.4745516,-0.5714286
-0.47530097,-0.5714286
-0.47513103,-0.5714286
-0.47509825,-0.5714286
-0.47457615,-0.5714286
-0.47493243,-0.5714286
-0.47477272,-0.5714286
-0.47464988,-0.5714286
-0.47487715,-0.5714286
-0.47466832,-0.5714286
-0.47470516,-0.5714286
-0.4749468,-0.5714286
-0.47472972,-0.5714286
-0.47490582,-0.5714286
-0.47411138,-0.5714286
-0.47484848,-0.5714286
-0.47445536,-0.5714286
-0.47487715,-0.5714286
-0.47535214,-0.5714286
-0.47525796,-0.5714286
-0.47491807,-0.5714286
-0.4753726,-0.5714286
-0.4753358,-0.5714286
-0.47447583,-0.5714286
-0.47493854,-0.5714286
-0.47484848,-0.5714286
-0.47463554,-0.5714286
-0.47468877,-0.5714286
-0.47484437,-0.5714286
-0.47513103,-0.5714286
-0.4749959,-0.5714286
-0.47545046,-0.5714286
-0.47539312,-0.5714286
-0.47456595,-0.5714286
-0.4750676,-0.5714286
-0.47486487,-0.5714286
-0.4747625,-0.5714286
-0.47528872,-0.5714286
-0.47551185,-0.5714286
-0.47549957,-0.5714286
-0.47537673,-0.5714286
-0.47564495,-0.5714286
-0.47480342,-0.5714286
-0.47532555,-0.5714286
-0.4752375,-0.5714286
-0.47466832,-0.5714286
-0.47536856,-0.5714286
-0.47362,-0.5714286
-0.47364458,-0.5714286
-0.47390664,-0.5714286
-0.47347257,-0.5714286
-0.47399879,-0.5714286
-0.47293204,-0.5714286
-0.47335994,-0.5714286
-0.4732678,-0.5714286
-0.4732064,-0.5714286
-0.47371003,-0.5714286
-0.4752621,-0.5714286
-0.47563475,-0.5714286
-0.4756941,-0.5714286
-0.4754873,-0.5714286
-0.47466832,-0.5714286
-0.47553232,-0.5714286
-0.47554874,-0.5714286
-0.4751802,-0.5714286
-0.4752641,-0.5714286
-0.47544226,-0.5714286
-0.4755078,-0.5714286
-0.47596234,-0.5714286
-0.47481573,-0.5714286
-0.47416052,-0.5714286
-0.47496727,-0.5714286
-0.47525796,-0.5714286
-0.47456184,-0.5714286
-0.47500002,-0.5714286
-0.47545862,-0.5714286
-0.4754054,-0.5714286
-0.4755897,-0.5714286
-0.47571865,-0.5714286
-0.47585586,-0.5714286
-0.47527027,-0.5714286
-0.4754341,-0.5714286
-0.47552213,-0.5714286
-0.47542584,-0.5714286
-0.47546682,-0.5714286
-0.47502455,-0.5714286
-0.46159703,-0.5714286
-0.45242834,-0.5714286
-0.45576578,-0.5714286
-0.4647789,-0.5714286
-0.46542996,-0.5714286
-0.46568796,-0.5714286
-0.46553645,-0.5714286
-0.46584153,-0.5714286
-0.46558967,-0.5714286
-0.4654259,-0.5714286
-0.46546686,-0.5714286
-0.4654832,-0.5714286
-0.46543407,-0.5714286
-0.46496725,-0.5714286
-0.46596646,-0.5714286
-0.46662164,-0.5714286
-0.46615887,-0.5714286
-0.46628994,-0.5714286
-0.46432436,-0.5714286
-0.46365273,-0.5714286
-0.46361592,-0.5714286
-0.46405816,-0.5714286
-0.46343163,-0.5714286
-0.46337426,-0.5714286
-0.46439806,-0.5714286
-0.4645127,-0.5714286
-0.46299756,-0.5714286
-0.46469694,-0.5714286
-0.4661425,-0.5714286
-0.46626946,-0.5714286
-0.4667895,-0.5714286
-0.46666664,-0.5714286
-0.4665397,-0.5714286
-0.46600327,-0.5714286
-0.46626127,-0.5714286
-0.46625715,-0.5714286
-0.46609744,-0.5714286
-0.46604833,-0.5714286
-0.4663452,-0.5714286
-0.46633908,-0.5714286
-0.46644145,-0.5714286
-0.4664087,-0.5714286
-0.4659664,-0.5714286
-0.46527025,-0.5714286
-0.46624693,-0.5714286
-0.4655733,-0.5714286
-0.46635747,-0.5714286
-0.46688572,-0.5714286
-0.46664616,-0.5714286
-0.46700248,-0.5714286
-0.46700653,-0.5714286
-0.46696153,-0.5714286
-0.46708435,-0.5714286
-0.46588862,-0.5714286
-0.46668714,-0.5714286
-0.4660934,-0.5714286
-0.46675676,-0.5714286
-0.46633908,-0.5714286
-0.4667486,-0.5714286
-0.4667117,-0.5714286
-0.46683863,-0.5714286
-0.46658888,-0.5714286
-0.46523342,-0.5714286
-0.46710482,-0.5714286
-0.4669349,-0.5714286
-0.4664087,-0.5714286
-0.46673217,-0.5714286
-0.46665847,-0.5714286
-0.4665561,-0.5714286
-0.46726045,-0.5714286
-0.46725222,-0.5714286
-0.46696153,-0.5714286
-0.46617115,-0.5714286
-0.46661752,-0.5714286
-0.46657863,-0.5714286
-0.46633902,-0.5714286
-0.46670765,-0.5714286
-0.46683046,-0.5714286
-0.4667199,-0.5714286
-0.46674034,-0.5714286
-0.46568796,-0.5714286
-0.46542382,-0.5714286
-0.46505326,-0.5714286
-0.46636978,-0.5714286
-0.46589273,-0.5714286
-0.46631858,-0.5714286
-0.46586403,-0.5714286
-0.46608105,-0.5714286
-0.46623668,-0.5714286
-0.4655958,-0.5714286
-0.46610567,-0.5714286
-0.4649631,-0.5714286
-0.46571252,-0.5714286
-0.4660934,-0.5714286
-0.46586815,-0.5714286
-0.46592957,-0.5714286
-0.46641687,-0.5714286
-0.4662244,-0.5714286
-0.46642917,-0.5714286
-0.46579444,-0.5714286
-0.46529895,-0.5714286
-0.46572074,-0.5714286
-0.4661384,-0.5714286
-0.46688572,-0.5714286
-0.46670765,-0.5714286
-0.46682432,-0.5714286
-0.46742016,-0.5714286
-0.46707004,-0.5714286
-0.4673833,-0.5714286
-0.46744472,-0.5714286
-0.46707207,-0.5714286
-0.4671683,-0.5714286
-0.46698606,-0.5714286
-0.46705976,-0.5714286
-0.46726453,-0.5714286
-0.46749794,-0.5714286
-0.46757168,-0.5714286
-0.4674652,-0.5714286
-0.46672812,-0.5714286
-0.46677724,-0.5714286
-0.46701476,-0.5714286
-0.46730345,-0.5714286
-0.466896,-0.5714286
-0.46744883,-0.5714286
-0.46705976,-0.5714286
-0.46709666,-0.5714286
-0.46674445,-0.5714286
-0.4670598,-0.5714286
-0.46673217,-0.5714286
-0.4660647,-0.5714286
-0.46683046,-0.5714286
-0.46695945,-0.5714286
-0.47050983,-0.5714286
-0.47436118,-0.5714286
-0.47418514,-0.5714286
-0.47479117,-0.5714286
-0.4756634,-0.5714286
-0.47568795,-0.5714286
-0.47552827,-0.5714286
-0.4751761,-0.5714286
-0.47484848,-0.5714286
-0.47472358,-0.5714286
-0.47572076,-0.5714286
-0.47540134,-0.5714286
-0.47576988,-0.5714286
-0.47583535,-0.5714286
-0.4756388,-0.5714286
-0.47601962,-0.5714286
-0.47519657,-0.5714286
-0.47549137,-0.5714286
-0.47495496,-0.5714286
-0.4752375,-0.5714286
-0.47382066,-0.5714286
-0.4738411,-0.5714286
-0.47362816,-0.5714286
-0.47339067,-0.5714286
-0.4733661,-0.5714286
-0.47325146,-0.5714286
-0.4727846,-0.5714286
-0.4729771,-0.5714286
-0.4731163,-0.5714286
-0.47347257,-0.5714286
-0.47528872,-0.5714286
-0.47488126,-0.5714286
-0.4753399,-0.5714286
-0.47541767,-0.5714286
-0.47538698,-0.5714286
-0.47503686,-0.5714286
-0.4752662,-0.5714286
-0.47500002,-0.5714286
-0.47498158,-0.5714286
-0.47538903,-0.5714286
-0.47534397,-0.5714286
-0.47512284,-0.5714286
-0.47505328,-0.5714286
-0.4755078,-0.5714286
-0.47541767,-0.5714286
-0.47512284,-0.5714286
-0.47548732,-0.5714286
-0.47547504,-0.5714286
-0.47599918,-0.5714286
-0.47599098,-0.5714286
-0.47625306,-0.5714286
-0.47624075,-0.5714286
-0.4763227,-0.5714286
-0.4759705,-0.5714286
-0.47557738,-0.5714286
-0.47601146,-0.5714286
-0.47618756,-0.5714286
-0.4756634,-0.5714286
-0.47622854,-0.5714286
-0.4760893,-0.5714286
-0.4756388,-0.5714286
-0.47549552,-0.5714286
-0.4759705,-0.5714286
-0.4758927,-0.5714286
-0.4761753,-0.5714286
-0.47569615,-0.5714286
-0.4750307,-0.5714286
-0.4759214,-0.5714286
-0.4758538,-0.5714286
-0.47568795,-0.5714286
-0.47569203,-0.5714286
-0.47597465,-0.5714286
-0.47584766,-0.5714286
-0.47547093,-0.5714286
-0.47558555,-0.5714286
-0.475516,-0.5714286
-0.47543815,-0.5714286
-0.47557327,-0.5714286
-0.4754238,-0.5714286
-0.475516,-0.5714286
-0.4756675,-0.5714286
-0.47536856,-0.5714286
-0.47559375,-0.5714286
-0.47519243,-0.5714286
-0.47515148,-0.5714286
-0.47558153,-0.5714286
-0.47509825,-0.5714286
-0.4754463,-0.5714286
-0.47586405,-0.5714286
-0.47619575,-0.5714286
-0.47572482,-0.5714286
-0.47568387,-0.5714286
-0.47531328,-0.5714286
-0.475733,-0.5714286
-0.4757494,-0.5714286
-0.47592545,-0.5714286
-0.4739967,-0.5714286
-0.47396806,-0.5714286
-0.4717199,-0.5714286
-0.4737961,-0.5714286
-0.47379604,-0.5714286
-0.47379604,-0.5714286
-0.47345823,-0.5714286
-0.47420147,-0.5714286
-0.4733497,-0.5714286
-0.4739742,-0.5714286
-0.4753071,-0.5714286
-0.47561833,-0.5714286
-0.4760627,-0.5714286
-0.4760135,-0.5714286
-0.4757207,-0.5714286
-0.47587222,-0.5714286
-0.475516,-0.5714286
-0.47524568,-0.5714286
-0.4759214,-0.5714286
-0.4756757,-0.5714286
-0.47472972,-0.5714286
-0.47414008,-0.5714286
-0.47527844,-0.5714286
-0.47561017,-0.5714286
-0.47535214,-0.5714286
-0.4750901,-0.5714286
-0.47549754,-0.5714286
-0.4743407,-0.5714286
-0.4757125,-0.5714286
-0.47534397,-0.5714286
-0.47554055,-0.5714286
-0.475215,-0.5714286
-0.47533166,-0.5714286
-0.47539926,-0.5714286
-0.4750573,-0.5714286
-0.4753604,-0.5714286
-0.4751433,-0.5714286
-0.475043,-0.5714286
-0.47482187,-0.5714286
-0.4753194,-0.5714286
-0.47522932,-0.5714286
-0.47534397,-0.5714286
-0.47486484,-0.5714286
-0.47547093,-0.5714286
-0.4754791,-0.5714286
-0.4748362,-0.5714286
-0.47509214,-0.5714286
-0.47544226,-0.5714286
-0.4753726,-0.5714286
-0.47523344,-0.5714286
-0.47550368,-0.5714286
-0.4752621,-0.5714286
-0.47548732,-0.5714286
-0.47495085,-0.5714286
-0.4749263,-0.5714286
-0.4751065,-0.5714286
-0.47509825,-0.5714286
-0.47297296,-0.5714286
-0.46129605,-0.5714286
-0.45201883,-0.5714286
-0.45773548,-0.5714286
-0.4652785,-0.5714286
-0.46518835,-0.5714286
-0.46557736,-0.5714286
-0.46530715,-0.5714286
-0.46533173,-0.5714286
-0.46560195,-0.5714286
-0.46581694,-0.5714286
-0.46599916,-0.5714286
-0.464095,-0.5714286
-0.46428746,-0.5714286
-0.46411142,-0.5714286
-0.46415234,-0.5714286
-0.46397623,-0.5714286
-0.4654054,-0.5714286
-0.46706387,-0.5714286
-0.46644965,-0.5714286
-0.46692878,-0.5714286
-0.4663268,-0.5714286
-0.466249,-0.5714286
-0.46600738,-0.5714286
-0.46626538,-0.5714286
-0.46594596,-0.5714286
-0.46593773,-0.5714286
-0.4663227,-0.5714286
-0.4667322,-0.5714286
-0.4661793,-0.5714286
-0.4664824,-0.5714286
-0.46653152,-0.5714286
-0.466335,-0.5714286
-0.46629608,-0.5714286
-0.46657246,-0.5714286
-0.46585384,-0.5714286
-0.46620393,-0.5714286
-0.46627763,-0.5714286
-0.4661732,-0.5714286
-0.46623257,-0.5714286
-0.46640456,-0.5714286
-0.46669534,-0.5714286
-0.4660647,-0.5714286
-0.46538085,-0.5714286
-0.46559784,-0.5714286
-0.4648034,-0.5714286
-0.4659521,-0.5714286
-0.46617937,-0.5714286
-0.042190854,-0.5714286
-0.3111671,-0.5714286
-0.30201474,-0.5714286
-0.30171987,-0.5714286
-0.30060813,-0.5714286
-0.3008026,-0.5714286
-0.29928747,-0.5714286
-0.29940623,-0.5714286
-0.30022115,-0.5714286
-0.2991646,-0.5714286
-0.29981574,-0.5714286
-0.30045456,-0.5714286
-0.3002375,-0.5714286
-0.30031532,-0.5714286
-0.3007494,-0.5714286
-0.3023751,-0.5714286
-0.30160317,-0.5714286
-0.3044308,-0.5714286
-0.3056552,-0.5714286
-0.3072523,-0.5714286
-0.30897626,-0.5714286
-0.31140047,-0.5714286
-0.31215397,-0.5714286
-0.31240785,-0.5714286
-0.31268427,-0.5714286
-0.3132801,-0.5714286
-0.315086,-0.5714286
-0.31600735,-0.5714286
-0.31493038,-0.5714286
-0.31534398,-0.5714286
-0.31662568,-0.5714286
-0.31658888,-0.5714286
-0.31740174,-0.5714286
-0.31693488,-0.5714286
-0.31747338,-0.5714286
-0.3177559,-0.5714286
-0.31698197,-0.5714286
-0.31825143,-0.5714286
-0.3192301,-0.5714286
-0.31976247,-0.5714286
-0.32035217,-0.5714286
-0.31889847,-0.5714286
-0.31945944,-0.5714286
-0.32002866,-0.5714286
-0.31996313,-0.5714286
-0.32026207,-0.5714286
-0.32093364,-0.5714286
-0.32067156,-0.5714286
-0.32069206,-0.5714286
-0.31963143,-0.5714286
-0.32017606,-0.5714286
-0.31952906,-0.5714286
-0.3198321,-0.5714286
-0.3200184,-0.5714286
-0.3193919,-0.5714286
-0.32064703,-0.5714286
-0.3209029,-0.5714286
-0.32096234,-0.5714286
-0.31975016,-0.5714286
-0.31992012,-0.5714286
-0.32018837,-0.5714286
-0.320475,-0.5714286
-0.32081488,-0.5714286
-0.32038084,-0.5714286
-0.32110566,-0.5714286
-0.32108927,-0.5714286
-0.32087633,-0.5714286
-0.32079443,-0.5714286
-0.32039723,-0.5714286
-0.32005325,-0.5714286
-0.3196253,-0.5714286
-0.3197707,-0.5714286
-0.31996313,-0.5714286
-0.31962326,-0.5714286
-0.31996316,-0.5714286
-0.31932843,-0.5714286
-0.3197707,-0.5714286
-0.3207371,-0.5714286
-0.32152748,-0.5714286
-0.3207453,-0.5714286
-0.32109743,-0.5714286
-0.32106265,-0.5714286
-0.32054463,-0.5714286
-0.32141277,-0.5714286
-0.32138,-0.5714286
-0.32571253,-0.5714286
-0.32957006,-0.5714286
-0.330172,-0.5714286
-0.33006755,-0.5714286
-0.32926697,-0.5714286
-0.32968876,-0.5714286
-0.33026618,-0.5714286
-0.3293796,-0.5714286
-0.32863024,-0.5714286
-0.32983416,-0.5714286
-0.3305221,-0.5714286
-0.32946762,-0.5714286
-0.32970518,-0.5714286
-0.32957822,-0.5714286
-0.33003277,-0.5714286
-0.33029482,-0.5714286
-0.3297707,-0.5714286
-0.32960075,-0.5714286
-0.33064494,-0.5714286
-0.32888204,-0.5714286
-0.32830465,-0.5714286
-0.32814494,-0.5714286
-0.32821462,-0.5714286
-0.32858726,-0.5714286
-0.32860562,-0.5714286
-0.3285422,-0.5714286
-0.32773143,-0.5714286
-0.32864454,-0.5714286
-0.32724816,-0.5714286
-0.33044225,-0.5714286
-0.33060196,-0.5714286
-0.33076167,-0.5714286
-0.33065724,-0.5714286
-0.33063883,-0.5714286
-0.33127356,-0.5714286
-0.3304996,-0.5714286
-0.33110568,-0.5714286
-0.3307084,-0.5714286
-0.33031327,-0.5714286
-0.33017606,-0.5714286
-0.33068794,-0.5714286
-0.33022726,-0.5714286
-0.3306081,-0.5714286
-0.3306224,-0.5714286
-0.3306593,-0.5714286
-0.32945946,-0.5714286
-0.3306327,-0.5714286
-0.33097872,-0.5714286
-0.33044636,-0.5714286
-0.33104014,-0.5714286
-0.33105037,-0.5714286
-0.33095825,-0.5714286
-0.3312592,-0.5714286
-0.33123666,-0.5714286
-0.33079442,-0.5714286
-0.3308661,-0.5714286
-0.33137178,-0.5714286
-0.33096644,-0.5714286
-0.32958233,-0.5714286
-0.3289435,-0.5714286
-0.33173832,-0.5714286
-0.33270887,-0.5714286
-0.3329607,-0.5714286
-0.3334951,-0.5714286
-0.33201474,-0.5714286
-0.33208847,-0.5714286
-0.33295247,-0.5714286
-0.33190414,-0.5714286
-0.33244064,-0.5714286
-0.33347666,-0.5714286
-0.33366916,-0.5714286
-0.3330303,-0.5714286
-0.33270273,-0.5714286
-0.33296478,-0.5714286
-0.3334398,-0.5714286
-0.332457,-0.5714286
-0.33277643,-0.5714286
-0.33285013,-0.5714286
-0.33309585,-0.5714286
-0.33379608,-0.5714286
-0.33363637,-0.5714286
-0.33386162,-0.5714286
-0.33337837,-0.5714286
-0.3331634,-0.5714286
-0.33218062,-0.5714286
-0.3337838,-0.5714286
-0.33379608,-0.5714286
-0.33289924,-0.5714286
-0.33304054,-0.5714286
-0.33380428,-0.5714286
-0.3342711,-0.5714286
-0.3351044,-0.5714286
-0.33425468,-0.5714286
-0.33464375,-0.5714286
-0.3330139,-0.5714286
-0.33265972,-0.5714286
-0.33383703,-0.5714286
-0.3342445,-0.5714286
-0.3343448,-0.5714286
-0.33379608,-0.5714286
-0.3340131,-0.5714286
-0.33356267,-0.5714286
-0.33294842,-0.5714286
-0.3337469,-0.5714286
-0.3326413,-0.5714286
-0.3331736,-0.5714286
-0.33322683,-0.5714286
-0.33311424,-0.5714286
-0.33361584,-0.5714286
-0.33407247,-0.5714286
-0.33415234,-0.5714286
-0.33294842,-0.5714286
-0.33323509,-0.5714286
-0.33254915,-0.5714286
-0.3340745,-0.5714286
-0.3320434,-0.5714286
-0.3326003,-0.5714286
-0.33263516,-0.5714286
-0.33237714,-0.5714286
-0.33217448,-0.5714286
-0.33220518,-0.5714286
-0.33275595,-0.5714286
-0.33234236,-0.5714286
-0.33227888,-0.5714286
-0.3332248,-0.5714286
-0.33463964,-0.5714286
-0.33472565,-0.5714286
-0.33460274,-0.5714286
-0.334525,-0.5714286
-0.3349017,-0.5714286
-0.3349509,-0.5714286
-0.3343448,-0.5714286
-0.33337837,-0.5714286
-0.33513513,-0.5714286
-0.3345127,-0.5714286
-0.33496314,-0.5714286
-0.3350983,-0.5714286
-0.3356081,-0.5714286
-0.33547089,-0.5714286
-0.3357801,-0.5714286
-0.33388615,-0.5714286
-0.33282554,-0.5714286
-0.33359545,-0.5714286
-0.33378786,-0.5714286
-0.3340008,-0.5714286
-0.33552825,-0.5714286
-0.33555284,-0.5714286
-0.3357289,-0.5714286
-0.33564496,-0.5714286
-0.33584768,-0.5714286
-0.33609954,-0.5714286
-0.33535013,-0.5714286
-0.33557737,-0.5714286
-0.33224,-0.5714286
-0.31957617,-0.5714286
-0.31382474,-0.5714286
-0.39029485,-0.5714286
-0.46481982,-0.5714286
-0.46581078,-0.5714286
-0.46582308,-0.5714286
-0.46573707,-0.5714286
-0.46512696,-0.5714286
-0.46627763,-0.5714286
-0.46629405,-0.5714286
-0.46612406,-0.5714286
-0.46651515,-0.5714286
-0.46618345,-0.5714286
-0.46648648,-0.5714286
-0.46628377,-0.5714286
-0.46584356,-0.5714286
-0.46512282,-0.5714286
-0.46633908,-0.5714286
-0.4664087,-0.5714286
-0.46652335,-0.5714286
-0.4662121,-0.5714286
-0.46685505,-0.5714286
-0.46617115,-0.5714286
-0.46573302,-0.5714286
-0.4656429,-0.5714286
-0.4652785,-0.5714286
-0.46460688,-0.5714286
-0.46601355,-0.5714286
-0.4661753,-0.5714286
-0.466249,-0.5714286
-0.46633908,-0.5714286
-0.46573707,-0.5714286
-0.46585378,-0.5714286
-0.46614864,-0.5714286
-0.46616706,-0.5714286
-0.46608722,-0.5714286
-0.4664988,-0.5714286
-0.46657658,-0.5714286
-0.4661998,-0.5714286
-0.46652746,-0.5714286
-0.4667752,-0.5714286
-0.46624485,-0.5714286
-0.46557736,-0.5714286
-0.4657453,-0.5714286
-0.4650737,-0.5714286
-0.46525794,-0.5714286
-0.46644965,-0.5714286
-0.46597868,-0.5714286
-0.46639228,-0.5714286
-0.4666626,-0.5714286
-0.46617937,-0.5714286
-0.46633086,-0.5714286
-0.46641892,-0.5714286
-0.46649262,-0.5714286
-0.46524978,-0.5714286
-0.4661425,-0.5714286
-0.46587223,-0.5714286
-0.4661384,-0.5714286
-0.46627763,-0.5714286
-0.46633902,-0.5714286
-0.46585587,-0.5714286
-0.46550778,-0.5714286
-0.46588862,-0.5714286
-0.4654996,-0.5714286
-0.46555898,-0.5714286
-0.4659992,-0.5714286
-0.46604422,-0.5714286
-0.46620804,-0.5714286
-0.46654794,-0.5714286
-0.46644965,-0.5714286
-0.46606266,-0.5714286
-0.4658845,-0.5714286
-0.46636775,-0.5714286
-0.46429977,-0.5714286
-0.46584767,-0.5714286
-0.4640131,-0.5714286
-0.46384928,-0.5714286
-0.4639988,-0.5714286
-0.46455163,-0.5714286
-0.46356264,-0.5714286
-0.46315312,-0.5714286
-0.46331698,-0.5714286
-0.46318182,-0.5714286
-0.46288085,-0.5714286
-0.46382678,-0.5714286
-0.46564496,-0.5714286
-0.4658026,-0.5714286
-0.4659992,-0.5714286
-0.46605244,-0.5714286
-0.46625715,-0.5714286
-0.46614864,-0.5714286
-0.46631038,-0.5714286
-0.46611387,-0.5714286
-0.46610975,-0.5714286
-0.46600735,-0.5714286
-0.46643734,-0.5714286
-0.46681,-0.5714286
-0.4669328,-0.5714286
-0.4663718,-0.5714286
-0.46592957,-0.5714286
-0.46588862,-0.5714286
-0.4663268,-0.5714286
-0.46653563,-0.5714286
-0.46584153,-0.5714286
-0.4663452,-0.5714286
-0.46681413,-0.5714286
-0.46644348,-0.5714286
-0.46685094,-0.5714286
-0.4669779,-0.5714286
-0.46703318,-0.5714286
-0.46676907,-0.5714286
-0.46660116,-0.5714286
-0.46619162,-0.5714286
-0.46614864,-0.5714286
-0.46687552,-0.5714286
-0.4664087,-0.5714286
-0.4664578,-0.5714286
-0.46654794,-0.5714286
-0.46611792,-0.5714286
-0.46578622,-0.5714286
-0.46529484,-0.5714286
-0.46497136,-0.5714286
-0.46561426,-0.5714286
-0.46620393,-0.5714286
-0.46642503,-0.5714286
-0.46627358,-0.5714286
-0.46631452,-0.5714286
-0.46624076,-0.5714286
-0.46619165,-0.5714286
-0.46683046,-0.5714286
-0.4664783,-0.5714286
-0.46602374,-0.5714286
-0.46636775,-0.5714286
-0.46588045,-0.5714286
-0.47261673,-0.5714286
-0.4745332,-0.5714286
-0.47439396,-0.5714286
-0.4745086,-0.5714286
-0.47477478,-0.5714286
-0.47459048,-0.5714286
-0.47357088,-0.5714286
-0.47416872,-0.5714286
-0.46563062,-0.5714286
-0.4571908,-0.5714286
-0.45137185,-0.5714286
-0.46656018,-0.5714286
-0.46654794,-0.5714286
-0.46570027,-0.5714286
-0.46604016,-0.5714286
-0.46615887,-0.5714286
-0.46542996,-0.5714286
-0.46365482,-0.5714286
-0.46413186,-0.5714286
-0.46405816,-0.5714286
-0.46398035,-0.5714286
-0.46371415,-0.5714286
-0.46404588,-0.5714286
-0.4639148,-0.5714286
-0.46352166,-0.5714286
-0.46364862,-0.5714286
-0.46364456,-0.5714286
-0.4663841,-0.5714286
-0.46619165,-0.5714286
-0.46644348,-0.5714286
-0.46563882,-0.5714286
-0.4655733,-0.5714286
-0.4656429,-0.5714286
-0.465819,-0.5714286
-0.46554872,-0.5714286
-0.4652621,-0.5714286
-0.46594596,-0.5714286
-0.46605036,-0.5714286
-0.46604833,-0.5714286
-0.4663595,-0.5714286
-0.46615067,-0.5714286
-0.46607292,-0.5714286
-0.46604833,-0.5714286
-0.4663821,-0.5714286
-0.46567568,-0.5714286
-0.4648403,-0.5714286
-0.46635133,-0.5714286
-0.46636775,-0.5714286
-0.46631038,-0.5714286
-0.4659828,-0.5714286
-0.46566337,-0.5714286
-0.4660258,-0.5714286
-0.46644348,-0.5714286
-0.46576986,-0.5714286
-0.4656798,-0.5714286
-0.46651104,-0.5714286
-0.467027,-0.5714286
-0.46662164,-0.5714286
-0.46653563,-0.5714286
-0.46582308,-0.5714286
-0.46529073,-0.5714286
-0.4651925,-0.5714286
-0.46521702,-0.5714286
-0.46438164,-0.5714286
-0.4650737,-0.5714286
-0.46608928,-0.5714286
-0.4654607,-0.5714286
-0.46569204,-0.5714286
-0.46529895,-0.5714286
-0.46521702,-0.5714286
-0.46513924,-0.5714286
-0.4652621,-0.5714286
-0.465215,-0.5714286
-0.46521702,-0.5714286
-0.46570843,-0.5714286
-0.4659214,-0.5714286
-0.4660565,-0.5714286
-0.4662981,-0.5714286
-0.46589065,-0.5714286
-0.46627763,-0.5714286
-0.46591523,-0.5714286
-0.46569204,-0.5714286
-0.46581694,-0.5714286
-0.46555287,-0.5714286
-0.46599096,-0.5714286
-0.46637592,-0.5714286
-0.4658927,-0.5714286
-0.46506554,-0.5714286
-0.46560195,-0.5714286
-0.4655651,-0.5714286
-0.4659582,-0.5714286
-0.46545044,-0.5714286
-0.4656593,-0.5714286
-0.46625715,-0.5714286
-0.4660811,-0.5714286
-0.4649263,-0.5714286
-0.46700248,-0.5714286
-0.4668837,-0.5714286
-0.4581245,-0.5714286
-0.4507699,-0.5714286
-0.45131037,-0.5714286
-0.46015972,-0.5714286
-0.45955777,-0.5714286
-0.45957616,-0.5714286
-0.45898032,-0.5714286
-0.460344,-0.5714286
-0.4599263,-0.5714286
-0.45141688,-0.5714286
-0.45076987,-0.5714286
-0.4583456,-0.5714286
-0.46151105,-0.5714286
-0.45993245,-0.5714286
-0.4609132,-0.5714286
-0.46545455,-0.5714286
-0.4650123,-0.5714286
-0.46489355,-0.5714286
-0.46559784,-0.5714286
-0.4655815,-0.5714286
-0.46560195,-0.5714286
-0.46524978,-0.5714286
-0.46502048,-0.5714286
-0.46454957,-0.5714286
-0.46519655,-0.5714286
-0.46592957,-0.5714286
-0.4661425,-0.5714286
-0.46625715,-0.5714286
-0.46538493,-0.5714286
-0.4654361,-0.5714286
-0.46545866,-0.5714286
-0.465215,-0.5714286
-0.46502453,-0.5714286
-0.46472564,-0.5714286
-0.46540543,-0.5714286
-0.46635544,-0.5714286
-0.46635747,-0.5714286
-0.46634522,-0.5714286
-0.4663718,-0.5714286
-0.46660522,-0.5714286
-0.46642917,-0.5714286
-0.4666523,-0.5714286
-0.46634522,-0.5714286
-0.46675062,-0.5714286
-0.46527436,-0.5714286
-0.46611792,-0.5714286
-0.46617115,-0.5714286
-0.4654218,-0.5714286
-0.46560195,-0.5714286
-0.46612406,-0.5714286
-0.46557125,-0.5714286
-0.4653317,-0.5714286
-0.46491814,-0.5714286
-0.46288085,-0.5714286
-0.4640172,-0.5714286
-0.4640377,-0.5714286
-0.46402127,-0.5714286
-0.46461505,-0.5714286
-0.4641585,-0.5714286
-0.46447787,-0.5714286
-0.4648157,-0.5714286
-0.4637797,-0.5714286
-0.46462736,-0.5714286
-0.46434277,-0.5714286
-0.466249,-0.5714286
-0.46630833,-0.5714286
-0.46642503,-0.5714286
-0.4653358,-0.5714286
-0.4641687,-0.5714286
-0.4640008,-0.5714286
-0.46434888,-0.5714286
-0.46414417,-0.5714286
-0.4636241,-0.5714286
-0.46564496,-0.5714286
-0.4670393,-0.5714286
-0.4670475,-0.5714286
-0.46717036,-0.5714286
-0.46701476,-0.5714286
-0.46707004,-0.5714286
-0.46748772,-0.5714286
-0.4667731,-0.5714286
-0.46709666,-0.5714286
-0.46603602,-0.5714286
-0.4671376,-0.5714286
-0.46736687,-0.5714286
-0.4665684,-0.5714286
-0.46649057,-0.5714286
-0.46613637,-0.5714286
-0.46627358,-0.5714286
-0.4659951,-0.5714286
-0.4658661,-0.5714286
-0.46565932,-0.5714286
-0.46654794,-0.5714286
-0.46715805,-0.5714286
-0.46736285,-0.5714286
-0.46751842,-0.5714286
-0.46718058,-0.5714286
-0.46708843,-0.5714286
-0.46635133,-0.5714286
-0.46694103,-0.5714286
-0.46680182,-0.5714286
-0.46556512,-0.5714286
-0.46669534,-0.5714286
-0.46641892,-0.5714286
-0.46522114,-0.5714286
-0.46652335,-0.5714286
-0.46657246,-0.5714286
-0.46673217,-0.5714286
-0.46632063,-0.5714286
-0.4662244,-0.5714286
-0.46503687,-0.5714286
-0.46550778,-0.5714286
-0.4650819,-0.5714286
-0.46511057,-0.5714286
-0.4650123,-0.5714286
-0.46495494,-0.5714286
-0.46457618,-0.5714286
-0.46464375,-0.5714286
-0.4639148,-0.5714286
-0.4642199,-0.5714286
-0.4649959,-0.5714286
-0.46611792,-0.5714286
-0.4661466,-0.5714286
-0.4657535,-0.5714286
-0.4655569,-0.5714286
-0.4661732,-0.5714286
-0.46575552,-0.5714286
-0.4659582,-0.5714286
-0.4657657,-0.5714286
-0.4656716,-0.5714286
-0.46610156,-0.5714286
-0.4659214,-0.5714286
-0.4665397,-0.5714286
-0.46660522,-0.5714286
-0.4665561,-0.5714286
-0.46653152,-0.5714286
-0.466249,-0.5714286
-0.4653522,-0.5714286
-0.46682432,-0.5714286
-0.46641892,-0.5714286
-0.46659705,-0.5714286
-0.46579853,-0.5714286
-0.4647359,-0.5714286
-0.46536854,-0.5714286
-0.46552825,-0.5714286
-0.4656695,-0.5714286
-0.4657617,-0.5714286
-0.4660319,-0.5714286
-0.46563062,-0.5714286
-0.46635544,-0.5714286
-0.4665684,-0.5714286
-0.466507,-0.5714286
-0.46622851,-0.5714286
-0.46569204,-0.5714286
-0.46563882,-0.5714286
-0.465086,-0.5714286
-0.46600327,-0.5714286
-0.4659398,-0.5714286
-0.4658763,-0.5714286
-0.46636364,-0.5714286
-0.46661752,-0.5714286
-0.4660135,-0.5714286
-0.46609336,-0.5714286
-0.46629405,-0.5714286
-0.4659214,-0.5714286
-0.4655467,-0.5714286
-0.46521702,-0.5714286
-0.46497542,-0.5714286
-0.4654627,-0.5714286
-0.46536854,-0.5714286
-0.46539316,-0.5714286
-0.46561015,-0.5714286
-0.46592957,-0.5714286
-0.46553645,-0.5714286
-0.46562657,-0.5714286
-0.4651188,-0.5714286
-0.46528253,-0.5714286
-0.4640008,-0.5714286
-0.4661384,-0.5714286
-0.4657187,-0.5714286
-0.46553645,-0.5714286
-0.46527642,-0.5714286
-0.46488327,-0.5714286
-0.46519655,-0.5714286
-0.4655098,-0.5714286
-0.4655733,-0.5714286
-0.46475428,-0.5714286
-0.4653399,-0.5714286
-0.465692,-0.5714286
-0.46814907,-0.5714286
-0.47317776,-0.5714286
-0.47341523,-0.5714286
-0.47356674,-0.5714286
-0.47389022,-0.5714286
-0.4726597,-0.5714286
-0.4736568,-0.5714286
-0.4727887,-0.5714286
-0.47394347,-0.5714286
-0.47417283,-0.5714286
-0.47430795,-0.5714286
-0.47407866,-0.5714286
-0.47450042,-0.5714286
-0.47454545,-0.5714286
-0.4737797,-0.5714286
-0.47451678,-0.5714286
-0.47386572,-0.5714286
-0.47397622,-0.5714286
-0.47420147,-0.5714286
-0.47418302,-0.5714286
-0.47402945,-0.5714286
-0.47398853,-0.5714286
-0.4738165,-0.5714286
-0.4729525,-0.5714286
-0.4739312,-0.5714286
-0.4738145,-0.5714286
-0.47348893,-0.5714286
-0.4734971,-0.5714286
-0.47406223,-0.5714286
-0.47421378,-0.5714286
-0.47422606,-0.5714286
-0.4743735,-0.5714286
-0.4744103,-0.5714286
-0.47429156,-0.5714286
-0.47396395,-0.5714286
-0.47356266,-0.5714286
-0.47413188,-0.5714286
-0.47384524,-0.5714286
-0.47375107,-0.5714286
-0.4736425,-0.5714286
-0.4739005,-0.5714286
-0.47355038,-0.5714286
-0.47364047,-0.5714286
-0.47286236,-0.5714286
-0.47146598,-0.5714286
-0.47361585,-0.5714286
-0.47342137,-0.5714286
-0.4738165,-0.5714286
-0.4740336,-0.5714286
-0.47398853,-0.5714286
-0.47378787,-0.5714286
-0.47355038,-0.5714286
-0.47350737,-0.5714286
-0.47347257,-0.5714286
-0.4733415,-0.5714286
-0.47278255,-0.5714286
-0.47245088,-0.5714286
-0.47416463,-0.5714286
-0.47410932,-0.5714286
-0.47424653,-0.5714286
-0.4739517,-0.5714286
-0.4730426,-0.5714286
-0.47271496,-0.5714286
-0.47402945,-0.5714286
-0.47361794,-0.5714286
-0.47285625,-0.5714286
-0.47381246,-0.5714286
-0.47359952,-0.5714286
-0.47428134,-0.5714286
-0.47418302,-0.5714286
-0.47409913,-0.5714286
-0.47436732,-0.5714286
-0.4741441,-0.5714286
-0.47250614,-0.5714286
-0.47198403,-0.5714286
-0.47196972,-0.5714286
-0.47184682,-0.5714286
-0.47223994,-0.5714286
-0.47198606,-0.5714286
-0.47220516,-0.5714286
-0.47143322,-0.5714286
-0.47200653,-0.5714286
-0.47204545,-0.5714286
-0.47348076,-0.5714286
-0.47317776,-0.5714286
-0.47391894,-0.5714286
-0.47386158,-0.5714286
-0.47359136,-0.5714286
-0.4736978,-0.5714286
-0.47389436,-0.5714286
-0.47416872,-0.5714286
-0.4740336,-0.5714286
-0.47424242,-0.5714286
-0.47396398,-0.5714286
-0.47442874,-0.5714286
-0.4745577,-0.5714286
-0.47479728,-0.5714286
-0.47445124,-0.5714286
-0.474398,-0.5714286
-0.474484,-0.5714286
-0.47386158,-0.5714286
-0.47445127,-0.5714286
-0.47398037,-0.5714286
-0.47348893,-0.5714286
-0.47412777,-0.5714286
-0.47397622,-0.5714286
-0.4739496,-0.5714286
-0.47398853,-0.5714286
-0.47423425,-0.5714286
-0.47390664,-0.5714286
-0.47396806,-0.5714286
-0.47286236,-0.5714286
-0.4717199,-0.5714286
-0.4725635,-0.5714286
-0.47283372,-0.5714286
-0.47242013,-0.5714286
-0.47320023,-0.5714286
-0.47309992,-0.5714286
-0.47310194,-0.5714286
-0.4719042,-0.5714286
-0.47330466,-0.5714286
-0.47469902,-0.5714286
-0.47420964,-0.5714286
-0.47510648,-0.5714286
-0.47537673,-0.5714286
-0.4750205,-0.5714286
-0.47537673,-0.5714286
-0.4749345,-0.5714286
-0.47506756,-0.5714286
-0.47515148,-0.5714286
-0.4752867,-0.5714286
-0.4747113,-0.5714286
-0.47538084,-0.5714286
-0.4753481,-0.5714286
-0.4750901,-0.5714286
-0.47512698,-0.5714286
-0.4750942,-0.5714286
-0.47486895,-0.5714286
-0.47445333,-0.5714286
-0.47420147,-0.5714286
-0.47359952,-0.5714286
-0.47411546,-0.5714286
-0.47512284,-0.5714286
-0.4750655,-0.5714286
-0.47493038,-0.5714286
-0.47504914,-0.5714286
-0.47492632,-0.5714286
-0.47500002,-0.5714286
-0.47507778,-0.5714286
-0.4751597,-0.5714286
-0.47318178,-0.5714286
-0.4596806,-0.5714286
-0.45161346,-0.5714286
0.051394377,-0.5714286
-0.3139496,-0.5714286
-0.30744064,-0.5714286
-0.30298525,-0.5714286
-0.30189598,-0.5714286
-0.3013882,-0.5714286
-0.3013759,-0.5714286
-0.30047503,-0.5714286
-0.29985872,-0.5714286
-0.30024156,-0.5714286
-0.3013063,-0.5714286
-0.30135134,-0.5714286
-0.30134317,-0.5714286
-0.3016032,-0.5714286
-0.30235463,-0.5714286
-0.30369776,-0.5714286
-0.3035422,-0.5714286
-0.3051474,-0.5714286
-0.30459046,-0.5714286
-0.3066892,-0.5714286
-0.3080037,-0.5714286
-0.30805486,-0.5714286
-0.30898035,-0.5714286
-0.3101474,-0.5714286
-0.30970109,-0.5714286
-0.31270272,-0.5714286
-0.312932,-0.5714286
-0.3133169,-0.5714286
-0.3152662,-0.5714286
-0.31498772,-0.5714286
-0.3151597,-0.5714286
-0.31572074,-0.5714286
-0.31684276,-0.5714286
-0.3176863,-0.5714286
-0.31630832,-0.5714286
-0.31719288,-0.5714286
-0.31856674,-0.5714286
-0.3191482,-0.5714286
-0.3178747,-0.5714286
-0.31714576,-0.5714286
-0.3180958,-0.5714286
-0.31875512,-0.5714286
-0.3186425,-0.5714286
-0.3174693,-0.5714286
-0.3163923,-0.5714286
-0.31807125,-0.5714286
-0.31904995,-0.5714286
-0.31923217,-0.5714286
-0.31946763,-0.5714286
-0.32028255,-0.5714286
-0.32071662,-0.5714286
-0.321077,-0.5714286
-0.32064292,-0.5714286
-0.31988537,-0.5714286
-0.3211343,-0.5714286
-0.32175264,-0.5714286
-0.32158476,-0.5714286
-0.32014742,-0.5714286
-0.31955364,-0.5714286
-0.31996313,-0.5714286
-0.32011673,-0.5714286
-0.31986487,-0.5714286
-0.32039925,-0.5714286
-0.3206204,-0.5714286
-0.32039312,-0.5714286
-0.32027024,-0.5714286
-0.32014742,-0.5714286
-0.31944716,-0.5714286
-0.32122236,-0.5714286
-0.32121623,-0.5714286
-0.32068178,-0.5714286
-0.32140663,-0.5714286
-0.32096234,-0.5714286
-0.3207248,-0.5714286
-0.3214414,-0.5714286
-0.3221376,-0.5714286
-0.32208028,-0.5714286
-0.3211916,-0.5714286
-0.3213268,-0.5714286
-0.32165846,-0.5714286
-0.3217363,-0.5714286
-0.3207576,-0.5714286
-0.32079855,-0.5714286
-0.32124898,-0.5714286
-0.3209828,-0.5714286
-0.32119983,-0.5714286
-0.32111797,-0.5714286
-0.32171583,-0.5714286
-0.32248566,-0.5714286
-0.32208228,-0.5714286
-0.32193285,-0.5714286
-0.32243243,-0.5714286
-0.32271498,-0.5714286
-0.32230955,-0.5714286
-0.32257575,-0.5714286
-0.32229728,-0.5714286
-0.32264537,-0.5714286
-0.32127354,-0.5714286
-0.3206675,-0.5714286
-0.3212715,-0.5714286
-0.32165438,-0.5714286
-0.32219496,-0.5714286
-0.3217322,-0.5714286
-0.32196563,-0.5714286
-0.3210688,-0.5714286
-0.32156634,-0.5714286
-0.32232594,-0.5714286
-0.32255527,-0.5714286
-0.32272315,-0.5714286
-0.3230999,-0.5714286
-0.32304257,-0.5714286
-0.32276002,-0.5714286
-0.3234521,-0.5714286
-0.3237306,-0.5714286
-0.32370186,-0.5714286
-0.32392302,-0.5714286
-0.32230955,-0.5714286
-0.32174447,-0.5714286
-0.32307535,-0.5714286
-0.32351965,-0.5714286
-0.32251844,-0.5714286
-0.3224775,-0.5714286
-0.32284603,-0.5714286
-0.32325554,-0.5714286
-0.32342753,-0.5714286
-0.32280508,-0.5714286
-0.32303438,-0.5714286
-0.32350126,-0.5714286
-0.3232105,-0.5714286
-0.3232003,-0.5714286
-0.3239599,-0.5714286
-0.32192057,-0.5714286
-0.32067567,-0.5714286
-0.32044837,-0.5714286
-0.32140458,-0.5714286
-0.32073712,-0.5714286
-0.3213268,-0.5714286
-0.32115477,-0.5714286
-0.32579854,-0.5714286
-0.32882679,-0.5714286
-0.32874286,-0.5714286
-0.3309132,-0.5714286
-0.3320352,-0.5714286
-0.33312654,-0.5714286
-0.33206385,-0.5714286
-0.33216217,-0.5714286
-0.3315438,-0.5714286
-0.3315049,-0.5714286
-0.33155406,-0.5714286
-0.33126125,-0.5714286
-0.3300123,-0.5714286
-0.32984442,-0.5714286
-0.3297093,-0.5714286
-0.32995906,-0.5714286
-0.32938576,-0.5714286
-0.32871413,-0.5714286
-0.32911956,-0.5714286
-0.32934892,-0.5714286
-0.32921374,-0.5714286
-0.32971746,-0.5714286
-0.33179978,-0.5714286
-0.33187956,-0.5714286
-0.3323751,-0.5714286
-0.33201474,-0.5714286
-0.33180997,-0.5714286
-0.33154792,-0.5714286
-0.3313759,-0.5714286
-0.33178133,-0.5714286
-0.33151102,-0.5714286
-0.33155608,-0.5714286
-0.3313514,-0.5714286
-0.3314947,-0.5714286
-0.3320946,-0.5714286
-0.33286244,-0.5714286
-0.332457,-0.5714286
-0.3316769,-0.5714286
-0.33225223,-0.5714286
-0.33269042,-0.5714286
-0.33181816,-0.5714286
-0.33297706,-0.5714286
-0.33319002,-0.5714286
-0.3335913,-0.5714286
-0.33402947,-0.5714286
-0.3336548,-0.5714286
-0.33215806,-0.5714286
-0.33180594,-0.5714286
-0.33235258,-0.5714286
-0.33258808,-0.5714286
-0.33283377,-0.5714286
-0.33306307,-0.5714286
-0.3330876,-0.5714286
-0.33352578,-0.5714286
-0.3329689,-0.5714286
-0.33276412,-0.5714286
-0.3327518,-0.5714286
-0.33287877,-0.5714286
-0.33353195,-0.5714286
-0.3323751,-0.5714286
-0.3320209,-0.5714286
-0.33321455,-0.5714286
-0.33304664,-0.5714286
-0.33359545,-0.5714286
-0.33308768,-0.5714286
-0.33327603,-0.5714286
-0.33332926,-0.5714286
-0.33364043,-0.5714286
-0.33378786,-0.5714286
-0.3338534,-0.5714286
-0.33345208,-0.5714286
-0.33314908,-0.5714286
-0.3332248,-0.5714286
-0.33269656,-0.5714286
-0.33269042,-0.5714286
-0.3331286,-0.5714286
-0.33299753,-0.5714286
-0.33304664,-0.5714286
-0.3324079,-0.5714286
-0.33287472,-0.5714286
-0.33418304,-0.5714286
-0.3336241,-0.5714286
-0.3335422,-0.5714286
-0.3323751,-0.5714286
-0.3327273,-0.5714286
-0.33323509,-0.5714286
-0.33364868,-0.5714286
-0.333407,-0.5714286
-0.33349714,-0.5714286
-0.33418304,-0.5714286
-0.3334316,-0.5714286
-0.3329812,-0.5714286
-0.33178133,-0.5714286
-0.33420968,-0.5714286
-0.33332926,-0.5714286
-0.33437344,-0.5714286
-0.33419535,-0.5714286
-0.3332146,-0.5714286
-0.3337408,-0.5714286
-0.33461303,-0.5714286
-0.33443487,-0.5714286
-0.47528666,-0.5714286
-0.4751761,-0.5714286
-0.4751597,-0.5714286
-0.47536856,-0.5714286
-0.47511056,-0.5714286
-0.47480342,-0.5714286
-0.4746806,-0.5714286
-0.4750205,-0.5714286
-0.47445124,-0.5714286
-0.4744595,-0.5714286
-0.47466832,-0.5714286
-0.4751392,-0.5714286
-0.47401312,-0.5714286
-0.4747625,-0.5714286
-0.47452497,-0.5714286
-0.4733661,-0.5714286
-0.47483417,-0.5714286
-0.47477886,-0.5714286
-0.4743489,-0.5714286
-0.47454137,-0.5714286
-0.47473386,-0.5714286
-0.47390252,-0.5714286
-0.47411546,-0.5714286
-0.4745209,-0.5714286
-0.47461507,-0.5714286
-0.47440624,-0.5714286
-0.47452906,-0.5714286
-0.47470108,-0.5714286
-0.47445124,-0.5714286
-0.47470108,-0.5714286
-0.47460076,-0.5714286
-0.4746069,-0.5714286
-0.47397217,-0.5714286
-0.4742547,-0.5714286
-0.4738493,-0.5714286
-0.4739599,-0.5714286
-0.47435707,-0.5714286
-0.47428337,-0.5714286
-0.47382477,-0.5714286
-0.4744779,-0.5714286
-0.47480756,-0.5714286
-0.47395167,-0.5714286
-0.47410318,-0.5714286
-0.4744103,-0.5714286
-0.47418302,-0.5714286
-0.4746069,-0.5714286
-0.47238332,-0.5714286
-0.46027848,-0.5714286
-0.45279276,-0.5714286
-0.45553643,-0.5714286
-0.46434483,-0.5714286
-0.4648034,-0.5714286
-0.46534395,-0.5714286
-0.465086,-0.5714286
-0.46502864,-0.5714286
-0.46548733,-0.5714286
-0.46506143,-0.5714286
-0.46532348,-0.5714286
-0.46538493,-0.5714286
-0.46544224,-0.5714286
-0.46513104,-0.5714286
-0.46619985,-0.5714286
-0.4663329,-0.5714286
-0.46453726,-0.5714286
-0.46403563,-0.5714286
-0.4639271,-0.5714286
-0.46396807,-0.5714286
-0.46413592,-0.5714286
-0.46399263,-0.5714286
-0.4655733,-0.5714286
-0.46497953,-0.5714286
-0.46660116,-0.5714286
-0.46602786,-0.5714286
-0.465389,-0.5714286
-0.4658763,-0.5714286
-0.465692,-0.5714286
-0.4654095,-0.5714286
-0.46546686,-0.5714286
-0.46587834,-0.5714286
-0.4656061,-0.5714286
-0.46490583,-0.5714286
-0.46566337,-0.5714286
-0.4657248,-0.5714286
-0.4657617,-0.5714286
-0.4658354,-0.5714286
-0.46565932,-0.5714286
-0.4653358,-0.5714286
-0.46563882,-0.5714286
-0.4656798,-0.5714286
-0.46503687,-0.5714286
-0.46468675,-0.5714286
-0.46555898,-0.5714286
-0.46533784,-0.5714286
-0.4658927,-0.5714286
-0.46600738,-0.5714286
-0.4658026,-0.5714286
-0.46567154,-0.5714286
-0.46582308,-0.5714286
-0.46578628,-0.5714286
-0.46553442,-0.5714286
-0.4648526,-0.5714286
-0.46563882,-0.5714286
-0.46574938,-0.5714286
-0.4656552,-0.5714286
-0.46567568,-0.5714286
-0.4639885,-0.5714286
-0.46393123,-0.5714286
-0.4637961,-0.5714286
-0.4638636,-0.5714286
-0.46312448,-0.5714286
-0.46279278,-0.5714286
-0.4637797,-0.5714286
-0.46382064,-0.5714286
-0.46316954,-0.5714286
-0.4635135,-0.5714286
-0.46345824,-0.5714286
-0.46384108,-0.5714286
-0.46392506,-0.5714286
-0.46373057,-0.5714286
-0.46381453,-0.5714286
-0.46350121,-0.5714286
-0.4636364,-0.5714286
-0.4633702,-0.5714286
-0.46326777,-0.5714286
-0.4640008,-0.5714286
-0.46431613,-0.5714286
-0.46441647,-0.5714286
-0.46423018,-0.5714286
-0.46486893,-0.5714286
-0.46422604,-0.5714286
-0.46517202,-0.5714286
-0.46541768,-0.5714286
-0.46382475,-0.5714286
-0.46525183,-0.5714286
-0.4653317,-0.5714286
-0.4654955,-0.5714286
-0.4654136,-0.5714286
-0.4657248,-0.5714286
-0.46544224,-0.5714286
-0.4660197,-0.5714286
-0.46623465,-0.5714286
-0.46574938,-0.5714286
-0.46570638,-0.5714286
-0.46600738,-0.5714286
-0.46557736,-0.5714286
-0.46566337,-0.5714286
-0.4655815,-0.5714286
-0.46481574,-0.5714286
-0.4642506,-0.5714286
-0.4650041,-0.5714286
-0.46502456,-0.5714286
-0.46531942,-0.5714286
-0.46550778,-0.5714286
-0.46522525,-0.5714286
-0.46532348,-0.5714286
-0.46548524,-0.5714286
-0.4658354,-0.5714286
-0.4653358,-0.5714286
-0.46525797,-0.5714286
-0.46574324,-0.5714286
-0.46573707,-0.5714286
-0.46574938,-0.5714286
-0.46613023,-0.5714286
-0.4660688,-0.5714286
-0.4661548,-0.5714286
-0.46635747,-0.5714286
-0.46588862,-0.5714286
-0.4657248,-0.5714286
-0.46613434,-0.5714286
-0.46628994,-0.5714286
-0.46517608,-0.5714286
-0.46532762,-0.5714286
-0.46500617,-0.5714286
-0.46500617,-0.5714286
-0.46552825,-0.5714286
-0.46588862,-0.5714286
-0.46541768,-0.5714286
-0.46565932,-0.5714286
-0.46571258,-0.5714286
-0.46871623,-0.5714286
-0.47345826,-0.5714286
-0.47333536,-0.5714286
-0.47381246,-0.5714286
-0.47393942,-0.5714286
-0.47421378,-0.5714286
-0.47421992,-0.5714286
-0.47340295,-0.5714286
-0.47410318,-0.5714286
-0.47424653,-0.5714286
-0.4743489,-0.5714286
-0.47400492,-0.5714286
-0.47419736,-0.5714286
-0.47369164,-0.5714286
-0.47418514,-0.5714286
-0.4743735,-0.5714286
-0.4740336,-0.5714286
-0.47389847,-0.5714286
-0.47390664,-0.5714286
-0.4741441,-0.5714286
-0.47421378,-0.5714286
-0.4743407,-0.5714286
-0.47428337,-0.5714286
-0.47431612,-0.5714286
-0.47446352,-0.5714286
-0.47387388,-0.5714286
-0.47389436,-0.5714286
-0.47406635,-0.5714286
-0.47383294,-0.5714286
-0.47388616,-0.5714286
-0.47407863,-0.5714286
-0.4738411,-0.5714286
-0.47382882,-0.5714286
-0.4741196,-0.5714286
-0.4743038,-0.5714286
-0.47412777,-0.5714286
-0.47363228,-0.5714286
-0.47423834,-0.5714286
-0.47423217,-0.5714286
-0.4740336,-0.5714286
-0.47416872,-0.5714286
-0.47432843,-0.5714286
-0.474267,-0.5714286
-0.47404993,-0.5714286
-0.47431612,-0.5714286
-0.47396398,-0.5714286
-0.47180587,-0.5714286
-0.47372234,-0.5714286
-0.4733538,-0.5714286
-0.4738411,-0.5714286
-0.473837,-0.5714286
-0.47380427,-0.5714286
-0.4737838,-0.5714286
-0.47389844,-0.5714286
-0.4740008,-0.5714286
-0.4731634,-0.5714286
-0.47396395,-0.5714286
-0.47375512,-0.5714286
-0.4733907,-0.5714286
-0.47372234,-0.5714286
-0.47307533,-0.5714286
-0.47247338,-0.5714286
-0.47398037,-0.5714286
-0.47362,-0.5714286
-0.47408476,-0.5714286
-0.47305897,-0.5714286
-0.47365478,-0.5714286
-0.4727928,-0.5714286
-0.47426903,-0.5714286
-0.47348893,-0.5714286
-0.47386158,-0.5714286
-0.47410318,-0.5714286
-0.4741196,-0.5714286
-0.4737838,-0.5714286
-0.47355032,-0.5714286
-0.47386158,-0.5714286
-0.47399265,-0.5714286
-0.47393528,-0.5714286
-0.47394347,-0.5714286
-0.473534,-0.5714286
-0.47347257,-0.5714286
-0.47364864,-0.5714286
-0.47366092,-0.5714286
-0.4737183,-0.5714286
-0.47332922,-0.5714286
-0.4729279,-0.5714286
-0.47343165,-0.5714286
-0.47377154,-0.5714286
-0.47376534,-0.5714286
-0.47341934,-0.5714286
-0.4736077,-0.5714286
-0.4735135,-0.5714286
-0.47316954,-0.5714286
-0.47262898,-0.5714286
-0.47325552,-0.5714286
-0.47322273,-0.5714286
-0.4731245,-0.5714286
-0.4734357,-0.5714286
-0.47334564,-0.5714286
-0.47345212,-0.5714286
-0.4732842,-0.5714286
-0.4732432,-0.5714286
-0.47323915,-0.5714286
-0.4724447,-0.5714286
-0.47349712,-0.5714286
-0.47269863,-0.5714286
-0.47313267,-0.5714286
-0.47318178,-0.5714286
-0.47271496,-0.5714286
-0.47332516,-0.5714286
-0.47314903,-0.5714286
-0.4734275,-0.5714286
-0.47284192,-0.5714286
-0.47347662,-0.5714286
-0.47306514,-0.5714286
-0.47298935,-0.5714286
-0.47185093,-0.5714286
-0.47147012,-0.5714286
-0.4717977,-0.5714286
-0.47151518,-0.5714286
-0.47169536,-0.5714286
-0.47170147,-0.5714286
-0.47117117,-0.5714286
-0.47181,-0.5714286
-0.47117528,-0.5714286
-0.4721069,-0.5714286
-0.47299758,-0.5714286
-0.4740172,-0.5714286
-0.474267,-0.5714286
-0.4745516,-0.5714286
-0.4744144,-0.5714286
-0.473792,-0.5714286
-0.4742998,-0.5714286
-0.47383294,-0.5714286
-0.4735442,-0.5714286
-0.47291157,-0.5714286
-0.47219902,-0.5714286
-0.472674,-0.5714286
-0.472674,-0.5714286
-0.47267815,-0.5714286
-0.47271496,-0.5714286
-0.4721376,-0.5714286
-0.47182634,-0.5714286
-0.47215396,-0.5714286
-0.47214374,-0.5714286
-0.47332516,-0.5714286
-0.4745209,-0.5714286
-0.47324324,-0.5714286
-0.4728174,-0.5714286
-0.47279486,-0.5714286
-0.47350737,-0.5714286
-0.47418302,-0.5714286
-0.4739189,-0.5714286
-0.4739435,-0.5714286
-0.47165847,-0.5714286
-0.460473,-0.5714286
-0.4513063,-0.5714286
-0.45529482,-0.5714286
-0.46297297,-0.5714286
-0.46426287,-0.5714286
-0.46391892,-0.5714286
-0.4645495,-0.5714286
-0.4637162,-0.5714286
-0.46463144,-0.5714286
-0.46460277,-0.5714286
-0.46497542,-0.5714286
-0.4647789,-0.5714286
-0.46449223,-0.5714286
-0.46439394,-0.5714286
-0.46405816,-0.5714286
-0.46487713,-0.5714286
-0.46503073,-0.5714286
-0.46460688,-0.5714286
-0.46499184,-0.5714286
-0.46461505,-0.5714286
-0.46414822,-0.5714286
-0.46542385,-0.5714286
-0.46445128,-0.5714286
-0.46423423,-0.5714286
-0.46448404,-0.5714286
-0.4649386,-0.5714286
-0.46415642,-0.5714286
-0.46556512,-0.5714286
-0.4653194,-0.5714286
-0.4651925,-0.5714286
-0.465389,-0.5714286
-0.46546686,-0.5714286
-0.46540132,-0.5714286
-0.46493036,-0.5714286
-0.4649324,-0.5714286
-0.46550366,-0.5714286
-0.46541765,-0.5714286
-0.46533164,-0.5714286
-0.46547914,-0.5714286
-0.46581078,-0.5714286
-0.46529895,-0.5714286
-0.46495086,-0.5714286
-0.46475428,-0.5714286
-0.464267,-0.5714286
-0.46510443,-0.5714286
-0.46481165,-0.5714286
-0.46495494,-0.5714286
-0.46509832,-0.5714286
-0.46556103,-0.5714286
-0.46578622,-0.5714286
-0.4659951,-0.5714286
-0.46544638,-0.5714286
-0.46520883,-0.5714286
-0.46569413,-0.5714286
-0.4657924,-0.5714286
-0.4660258,-0.5714286
-0.46541765,-0.5714286
-0.46558967,-0.5714286
-0.4655692,-0.5714286
-0.4659398,-0.5714286
-0.4648034,-0.5714286
-0.4648526,-0.5714286
-0.464095,-0.5714286
-0.4652621,-0.5714286
-0.4649263,-0.5714286
-0.46521297,-0.5714286
-0.46527025,-0.5714286
-0.4655098,-0.5714286
-0.46568385,-0.5714286
-0.465692,-0.5714286
-0.4654914,-0.5714286
-0.46457618,-0.5714286
-0.46515357,-0.5714286
-0.4656798,-0.5714286
-0.4651802,-0.5714286
-0.46565107,-0.5714286
-0.46539316,-0.5714286
-0.4653358,-0.5714286
-0.46574938,-0.5714286
-0.46487716,-0.5714286
-0.46444717,-0.5714286
-0.46448404,-0.5714286
-0.4652539,-0.5714286
-0.46466422,-0.5714286
-0.4656552,-0.5714286
-0.4656061,-0.5714286
-0.46522728,-0.5714286
-0.4656061,-0.5714286
-0.46537673,-0.5714286
-0.46558967,-0.5714286
-0.46553442,-0.5714286
-0.4657166,-0.5714286
-0.4659132,-0.5714286
-0.46556512,-0.5714286
-0.46554056,-0.5714286
-0.46567154,-0.5714286
-0.46594596,-0.5714286
-0.4660524,-0.5714286
-0.46552825,-0.5714286
-0.4653399,-0.5714286
-0.465387,-0.5714286
-0.46502864,-0.5714286
-0.4656675,-0.5714286
-0.46559784,-0.5714286
-0.46543407,-0.5714286
-0.46658474,-0.5714286
-0.46638823,-0.5714286
-0.4667363,-0.5714286
-0.46689802,-0.5714286
-0.4663145,-0.5714286
-0.46604833,-0.5714286
-0.4658784,-0.5714286
-0.46619573,-0.5714286
-0.46667075,-0.5714286
-0.46628994,-0.5714286
-0.46604016,-0.5714286
-0.46582308,-0.5714286
-0.4657166,-0.5714286
-0.46519044,-0.5714286
-0.46532762,-0.5714286
-0.46517608,-0.5714286
-0.46495494,-0.5714286
-0.46561834,-0.5714286
-0.46574122,-0.5714286
-0.4657985,-0.5714286
-0.46572074,-0.5714286
-0.46566337,-0.5714286
-0.46551192,-0.5714286
-0.4655815,-0.5714286
-0.4649959,-0.5714286
-0.46605036,-0.5714286
-0.4656798,-0.5714286
-0.47212118,-0.5714286
-0.47289926,-0.5714286
-0.4725512,-0.5714286
-0.47388616,-0.5714286
-0.47368553,-0.5714286
-0.473534,-0.5714286
-0.4735012,-0.5714286
-0.47248158,-0.5714286
-0.4719779,-0.5714286
-0.47348487,-0.5714286
-0.46575552,-0.5714286
-0.4561425,-0.5714286
-0.44954544,-0.5714286
-0.46533784,-0.5714286
-0.4654136,-0.5714286
-0.46519044,-0.5714286
-0.46371415,-0.5714286
-0.46478707,-0.5714286
-0.46431205,-0.5714286
-0.4634828,-0.5714286
-0.4631122,-0.5714286
-0.46313268,-0.5714286
-0.46305078,-0.5714286
-0.46297708,-0.5714286
-0.4630344,-0.5714286
-0.46320233,-0.5714286
-0.46271497,-0.5714286
-0.46319407,-0.5714286
-0.46358317,-0.5714286
-0.46464375,-0.5714286
-0.46551597,-0.5714286
-0.46528667,-0.5714286
-0.4647789,-0.5714286
-0.46490988,-0.5714286
-0.46510237,-0.5714286
-0.46434277,-0.5714286
-0.46564496,-0.5714286
-0.4654996,-0.5714286
-0.46576986,-0.5714286
-0.46567568,-0.5714286
-0.46593368,-0.5714286
-0.4659521,-0.5714286
-0.4660197,-0.5714286
-0.46544638,-0.5714286
-0.46545866,-0.5714286
-0.46509418,-0.5714286
-0.46550366,-0.5714286
-0.46593365,-0.5714286
-0.46579033,-0.5714286
-0.4658968,-0.5714286
-0.46557125,-0.5714286
-0.46573302,-0.5714286
-0.46539316,-0.5714286
-0.4656183,-0.5714286
-0.46563473,-0.5714286
-0.46661344,-0.5714286
-0.466335,-0.5714286
-0.46570638,-0.5714286
-0.46421787,-0.5714286
-0.46419534,-0.5714286
-0.46402335,-0.5714286
-0.46315312,-0.5714286
-0.4631736,-0.5714286
-0.46307942,-0.5714286
-0.4629402,-0.5714286
-0.46287465,-0.5714286
-0.46341932,-0.5714286
-0.46509826,-0.5714286
-0.46570638,-0.5714286
-0.4654791,-0.5714286
-0.46507987,-0.5714286
-0.46498773,-0.5714286
-0.4652457,-0.5714286
-0.46472153,-0.5714286
-0.46532348,-0.5714286
-0.46544638,-0.5714286
-0.465389,-0.5714286
-0.4657617,-0.5714286
-0.46534806,-0.5714286
-0.46542996,-0.5714286
-0.46562243,-0.5714286
-0.4651679,-0.5714286
-0.46584767,-0.5714286
-0.46497953,-0.5714286
-0.46527436,-0.5714286
-0.46520475,-0.5714286
-0.46475428,-0.5714286
-0.46493447,-0.5714286
-0.46452087,-0.5714286
-0.4643653,-0.5714286
-0.4642629,-0.5714286
-0.4645127,-0.5714286
-0.4643366,-0.5714286
-0.4654832,-0.5714286
-0.46554056,-0.5714286
-0.4653849,-0.5714286
-0.46534806,-0.5714286
-0.46528253,-0.5714286
-0.46445948,-0.5714286
-0.46415234,-0.5714286
-0.45955777,-0.5714286
-0.4489435,-0.5714286
-0.44826782,-0.5714286
-0.45523754,-0.5714286
-0.4579402,-0.5714286
-0.45415232,-0.5714286
-0.44870594,-0.5714286
0.22580466,-0.5714286
-0.30522522,-0.5714286
-0.30309585,-0.5714286
-0.30112612,-0.5714286
-0.30011058,-0.5714286
-0.30008602,-0.5714286
-0.2990479,-0.5714286
-0.29875922,-0.5714286
-0.29800165,-0.5714286
-0.29791975,-0.5714286
-0.29908273,-0.5714286
-0.29981983,-0.5714286
-0.2999795,-0.5714286
-0.29961097,-0.5714286
-0.2992138,-0.5714286
-0.29971135,-0.5714286
-0.30279282,-0.5714286
-0.30380017,-0.5714286
-0.30495083,-0.5714286
-0.30530304,-0.5714286
-0.30652744,-0.5714286
-0.30699837,-0.5714286
-0.30666667,-0.5714286
-0.3083702,-0.5714286
-0.30816132,-0.5714286
-0.30979934,-0.5714286
-0.3106716,-0.5714286
-0.3118673,-0.5714286
-0.31372643,-0.5714286
-0.313059,-0.5714286
-0.31432843,-0.5714286
-0.31550366,-0.5714286
-0.315086,-0.5714286
-0.31500816,-0.5714286
-0.31635544,-0.5714286
-0.31673628,-0.5714286
-0.31719083,-0.5714286
-0.31650695,-0.5714286
-0.31676906,-0.5714286
-0.31698608,-0.5714286
-0.31656426,-0.5714286
-0.316466,-0.5714286
-0.31753072,-0.5714286
-0.3180344,-0.5714286
-0.3186118,-0.5714286
-0.31852168,-0.5714286
-0.31656426,-0.5714286
-0.31766587,-0.5714286
-0.31898648,-0.5714286
-0.31928337,-0.5714286
-0.3195127,-0.5714286
-0.31829238,-0.5714286
-0.3183047,-0.5714286
-0.31965598,-0.5714286
-0.3168796,-0.5714286
-0.3191073,-0.5714286
-0.31950858,-0.5714286
-0.3196683,-0.5714286
-0.3198116,-0.5714286
-0.31997132,-0.5714286
-0.31950858,-0.5714286
-0.32024983,-0.5714286
-0.3200819,-0.5714286
-0.31954136,-0.5714286
-0.32076168,-0.5714286
-0.32017812,-0.5714286
-0.31907046,-0.5714286
-0.31893528,-0.5714286
-0.31850532,-0.5714286
-0.31856266,-0.5714286
-0.3180344,-0.5714286
-0.32003686,-0.5714286
-0.3207801,-0.5714286
-0.31956595,-0.5714286
-0.32110158,-0.5714286
-0.32079443,-0.5714286
-0.32105035,-0.5714286
-0.32055286,-0.5714286
-0.31957617,-0.5714286
-0.3197379,-0.5714286
-0.3200573,-0.5714286
-0.32016382,-0.5714286
-0.31952092,-0.5714286
-0.31982392,-0.5714286
-0.32061017,-0.5714286
-0.32062244,-0.5714286
-0.32037264,-0.5714286
-0.3207289,-0.5714286
-0.30721948,-0.5714286
-0.2852334,-0.5714286
-0.28581694,-0.5714286
-0.27580673,-0.5714286
-0.27144146,-0.5714286
-0.28543818,-0.5714286
-0.28791153,-0.5714286
-0.2923219,-0.5714286
-0.28465602,-0.5714286
-0.2831511,-0.5714286
-0.28606468,-0.5714286
-0.28032556,-0.5714286
-0.27966833,-0.5714286
-0.2854709,-0.5714286
-0.29350123,-0.5714286
-0.2813964,-0.5714286
-0.2854341,-0.5714286
-0.3022973,-0.5714286
-0.28608516,-0.5714286
-0.30092138,-0.5714286
-0.3013698,-0.5714286
-0.30178747,-0.5714286
-0.3015438,-0.5714286
-0.30075553,-0.5714286
-0.3038616,-0.5714286
-0.30555895,-0.5714286
-0.30605653,-0.5714286
-0.30661753,-0.5714286
-0.30657247,-0.5714286
-0.30583537,-0.5714286
-0.3063022,-0.5714286
-0.30766585,-0.5714286
-0.30731365,-0.5714286
-0.30782557,-0.5714286
-0.30757985,-0.5714286
-0.30763307,-0.5714286
-0.30857903,-0.5714286
-0.30800363,-0.5714286
-0.3086978,-0.5714286
-0.29735255,-0.5714286
-0.3087346,-0.5714286
-0.30836612,-0.5714286
-0.30650696,-0.5714286
-0.30865684,-0.5714286
-0.30854625,-0.5714286
-0.30907044,-0.5714286
-0.30934072,-0.5714286
-0.30858314,-0.5714286
-0.3081941,-0.5714286
-0.29359335,-0.5714286
-0.3080344,-0.5714286
-0.30724818,-0.5714286
-0.30913392,-0.5714286
-0.3084275,-0.5714286
-0.3091646,-0.5714286
-0.30918917,-0.5714286
-0.30925062,-0.5714286
-0.308665,-0.5714286
-0.30299142,-0.5714286
-0.30285832,-0.5714286
-0.29266995,-0.5714286
-0.3211343,-0.5714286
-0.32235262,-0.5714286
-0.32252458,-0.5714286
-0.3228501,-0.5714286
-0.32235876,-0.5714286
-0.3216769,-0.5714286
-0.32087636,-0.5714286
-0.3211548,-0.5714286
-0.32190418,-0.5714286
-0.32192263,-0.5714286
-0.32299137,-0.5714286
-0.32178953,-0.5714286
-0.3211118,-0.5714286
-0.3215602,-0.5714286
-0.3211548,-0.5714286
-0.32120395,-0.5714286
-0.32071662,-0.5714286
-0.32090092,-0.5714286
-0.3215479,-0.5714286
-0.32035628,-0.5714286
-0.3203071,-0.5714286
-0.32133904,-0.5714286
-0.32296476,-0.5714286
-0.32298526,-0.5714286
-0.32297707,-0.5714286
-0.32284603,-0.5714286
-0.32272726,-0.5714286
-0.32307944,-0.5714286
-0.32333747,-0.5714286
-0.32377148,-0.5714286
-0.3233845,-0.5714286
-0.3235074,-0.5714286
-0.3315438,-0.5714286
-0.33091724,-0.5714286
-0.33113843,-0.5714286
-0.3314128,-0.5714286
-0.3316912,-0.5714286
-0.33216628,-0.5714286
-0.3315807,-0.5714286
-0.33280712,-0.5714286
-0.3324386,-0.5714286
-0.33197382,-0.5714286
-0.33246315,-0.5714286
-0.33270887,-0.5714286
-0.3322113,-0.5714286
-0.33196566,-0.5714286
-0.33271906,-0.5714286
-0.3320352,-0.5714286
-0.33236283,-0.5714286
-0.332715,-0.5714286
-0.3335995,-0.5714286
-0.33296064,-0.5714286
-0.33269042,-0.5714286
-0.33304664,-0.5714286
-0.33291152,-0.5714286
-0.3324324,-0.5714286
-0.33302617,-0.5714286
-0.33246517,-0.5714286
-0.33352578,-0.5714286
-0.33348072,-0.5714286
-0.33368137,-0.5714286
-0.33428746,-0.5714286
-0.33380428,-0.5714286
-0.33359545,-0.5714286
-0.33352172,-0.5714286
-0.33370596,-0.5714286
-0.33314496,-0.5714286
-0.33306307,-0.5714286
-0.3332023,-0.5714286
-0.33271497,-0.5714286
-0.33276,-0.5714286
-0.3332105,-0.5714286
-0.33329237,-0.5714286
-0.3323382,-0.5714286
-0.33413392,-0.5714286
-0.33458227,-0.5714286
-0.33353397,-0.5714286
-0.3305242,-0.5714286
-0.33375102,-0.5714286
-0.3341769,-0.5714286
-0.33422193,-0.5714286
-0.33404997,-0.5714286
-0.3344144,-0.5714286
-0.33461303,-0.5714286
-0.33418918,-0.5714286
-0.33338654,-0.5714286
-0.3328583,-0.5714286
-0.3343489,-0.5714286
-0.33299753,-0.5714286
-0.33296064,-0.5714286
-0.33417282,-0.5714286
-0.3338145,-0.5714286
-0.33278054,-0.5714286
-0.33346438,-0.5714286
-0.3332494,-0.5714286
-0.330864,-0.5714286
-0.33269656,-0.5714286
-0.33316955,-0.5714286
-0.3335053,-0.5714286
-0.47433254,-0.5714286
-0.47378787,-0.5714286
-0.47434273,-0.5714286
-0.47424653,-0.5714286
-0.47454953,-0.5714286
-0.47455776,-0.5714286
-0.4736896,-0.5714286
-0.47402945,-0.5714286
-0.47421378,-0.5714286
-0.4741892,-0.5714286
-0.473923,-0.5714286
-0.4742547,-0.5714286
-0.47401106,-0.5714286
-0.47431612,-0.5714286
-0.4743407,-0.5714286
-0.47413188,-0.5714286
-0.47366092,-0.5714286
-0.47366092,-0.5714286
-0.47378787,-0.5714286
-0.47415236,-0.5714286
-0.47433254,-0.5714286
-0.47431207,-0.5714286
-0.47425678,-0.5714286
-0.47423425,-0.5714286
-0.4742793,-0.5714286
-0.47420558,-0.5714286
-0.4733784,-0.5714286
-0.4741339,-0.5714286
-0.47423834,-0.5714286
-0.47436935,-0.5714286
-0.47451273,-0.5714286
-0.47481984,-0.5714286
-0.4746765,-0.5714286
-0.474398,-0.5714286
-0.47436118,-0.5714286
-0.4733538,-0.5714286
-0.47378993,-0.5714286
-0.47407246,-0.5714286
-0.47436526,-0.5714286
-0.4743489,-0.5714286
-0.47431612,-0.5714286
-0.4743038,-0.5714286
-0.47436526,-0.5714286
-0.47441855,-0.5714286
-0.47456595,-0.5714286
-0.47394758,-0.5714286
-0.47412777,-0.5714286
-0.47257572,-0.5714286
-0.47256145,-0.5714286
-0.47273955,-0.5714286
-0.4727109,-0.5714286
-0.47283787,-0.5714286
-0.47259828,-0.5714286
-0.47271496,-0.5714286
-0.47201476,-0.5714286
-0.4714005,-0.5714286
-0.47386572,-0.5714286
-0.4739312,-0.5714286
-0.47414008,-0.5714286
-0.47441643,-0.5714286
-0.47421992,-0.5714286
-0.47466832,-0.5714286
-0.47431204,-0.5714286
-0.4746437,-0.5714286
-0.47369778,-0.5714286
-0.47401717,-0.5714286
-0.47429565,-0.5714286
-0.47422606,-0.5714286
-0.4743489,-0.5714286
-0.47463146,-0.5714286
-0.4744595,-0.5714286
-0.47429362,-0.5714286
-0.47422194,-0.5714286
-0.4742547,-0.5714286
-0.4734398,-0.5714286
-0.4739517,-0.5714286
-0.47416872,-0.5714286
-0.47462323,-0.5714286
-0.47448814,-0.5714286
-0.4737428,-0.5714286
-0.4732064,-0.5714286
-0.47438574,-0.5714286
-0.4758968,-0.5714286
-0.4750123,-0.5714286
-0.47251227,-0.5714286
-0.46054053,-0.5714286
-0.45337433,-0.5714286
-0.4544963,-0.5714286
-0.46392506,-0.5714286
-0.46556103,-0.5714286
-0.46584153,-0.5714286
-0.46589068,-0.5714286
-0.46486077,-0.5714286
-0.46388617,-0.5714286
-0.46470517,-0.5714286
-0.46536854,-0.5714286
-0.4645127,-0.5714286
-0.46516377,-0.5714286
-0.46482185,-0.5714286
-0.46408477,-0.5714286
-0.46493036,-0.5714286
-0.4648894,-0.5714286
-0.46455777,-0.5714286
-0.4645127,-0.5714286
-0.46535626,-0.5714286
-0.4648894,-0.5714286
-0.4661548,-0.5714286
-0.46553442,-0.5714286
-0.46444717,-0.5714286
-0.4648403,-0.5714286
-0.46511465,-0.5714286
-0.4637469,-0.5714286
-0.464828,-0.5714286
-0.46604016,-0.5714286
-0.4653153,-0.5714286
-0.466507,-0.5714286
-0.4663595,-0.5714286
-0.4663964,-0.5714286
-0.46595004,-0.5714286
-0.4660811,-0.5714286
-0.46606064,-0.5714286
-0.46550778,-0.5714286
-0.4640172,-0.5714286
-0.46199834,-0.5714286
-0.4630876,-0.5714286
-0.46352172,-0.5714286
-0.46312448,-0.5714286
-0.46305487,-0.5714286
-0.46312448,-0.5714286
-0.46306512,-0.5714286
-0.462543,-0.5714286
-0.46251842,-0.5714286
-0.46498773,-0.5714286
-0.4655446,-0.5714286
-0.46607292,-0.5714286
-0.46531123,-0.5714286
-0.46514127,-0.5714286
-0.4658927,-0.5714286
-0.46612617,-0.5714286
-0.4657658,-0.5714286
-0.46468472,-0.5714286
-0.46541768,-0.5714286
-0.46586403,-0.5714286
-0.46604016,-0.5714286
-0.4659582,-0.5714286
-0.4647789,-0.5714286
-0.46468875,-0.5714286
-0.46483618,-0.5714286
-0.46475017,-0.5714286
-0.46373057,-0.5714286
-0.4640295,-0.5714286
-0.4657187,-0.5714286
-0.46569616,-0.5714286
-0.46578622,-0.5714286
-0.46603602,-0.5714286
-0.46565107,-0.5714286
-0.46601558,-0.5714286
-0.46596232,-0.5714286
-0.46619987,-0.5714286
-0.46584767,-0.5714286
-0.4654709,-0.5714286
-0.46615887,-0.5714286
-0.46623257,-0.5714286
-0.46636364,-0.5714286
-0.46549135,-0.5714286
-0.46543816,-0.5714286
-0.46569616,-0.5714286
-0.46547502,-0.5714286
-0.46503073,-0.5714286
-0.46501228,-0.5714286
-0.4652785,-0.5714286
-0.4654054,-0.5714286
-0.46641687,-0.5714286
-0.46634316,-0.5714286
-0.4659992,-0.5714286
-0.46586815,-0.5714286
-0.46609744,-0.5714286
-0.46594596,-0.5714286
-0.46535015,-0.5714286
-0.46618757,-0.5714286
-0.46620804,-0.5714286
-0.46684277,-0.5714286
-0.4664578,-0.5714286
-0.46576783,-0.5714286
-0.46562657,-0.5714286
-0.4657535,-0.5714286
-0.46570432,-0.5714286
-0.46594185,-0.5714286
-0.46569616,-0.5714286
-0.46667075,-0.5714286
-0.4666769,-0.5714286
-0.46611387,-0.5714286
-0.46626946,-0.5714286
-0.46614665,-0.5714286
-0.46654382,-0.5714286
-0.46651515,-0.5714286
-0.46676493,-0.5714286
-0.46539718,-0.5714286
-0.46637592,-0.5714286
-0.46640053,-0.5714286
-0.4662121,-0.5714286
-0.4659951,-0.5714286
-0.46567568,-0.5714286
-0.46603194,-0.5714286
-0.46568385,-0.5714286
-0.46512696,-0.5714286
-0.4656798,-0.5714286
-0.4660811,-0.5714286
-0.46628994,-0.5714286
-0.4665807,-0.5714286
-0.4667199,-0.5714286
-0.46660936,-0.5714286
-0.4662244,-0.5714286
-0.4661548,-0.5714286
-0.46683046,-0.5714286
-0.46642098,-0.5714286
-0.46570843,-0.5714286
-0.4656429,-0.5714286
-0.46521702,-0.5714286
-0.47203112,-0.5714286
-0.47387388,-0.5714286
-0.47380427,-0.5714286
-0.47405407,-0.5714286
-0.47404176,-0.5714286
-0.47294837,-0.5714286
-0.4740008,-0.5714286
-0.4732842,-0.5714286
-0.47416463,-0.5714286
-0.47435707,-0.5714286
-0.47414008,-0.5714286
-0.47452495,-0.5714286
-0.47451678,-0.5714286
-0.47471744,-0.5714286
-0.47460687,-0.5714286
-0.47436935,-0.5714286
-0.4712408,-0.5714286
-0.4721867,-0.5714286
-0.47223586,-0.5714286
-0.4722359,-0.5714286
-0.47251025,-0.5714286
-0.47224814,-0.5714286
-0.4721622,-0.5714286
-0.47181818,-0.5714286
-0.4715909,-0.5714286
-0.47172603,-0.5714286
-0.4721867,-0.5714286
-0.47332105,-0.5714286
-0.4734644,-0.5714286
-0.47379604,-0.5714286
-0.47356674,-0.5714286
-0.47370186,-0.5714286
-0.47377557,-0.5714286
-0.4736671,-0.5714286
-0.47379604,-0.5714286
-0.4736671,-0.5714286
-0.4733354,-0.5714286
-0.47348076,-0.5714286
-0.4736937,-0.5714286
-0.47401312,-0.5714286
-0.47417688,-0.5714286
-0.4741933,-0.5714286
-0.4738575,-0.5714286
-0.4732842,-0.5714286
-0.47386974,-0.5714286
-0.47330874,-0.5714286
-0.4741564,-0.5714286
-0.4739271,-0.5714286
-0.47407866,-0.5714286
-0.474009,-0.5714286
-0.47422194,-0.5714286
-0.47404176,-0.5714286
-0.47423837,-0.5714286
-0.47401312,-0.5714286
-0.4733661,-0.5714286
-0.47350737,-0.5714286
-0.4735012,-0.5714286
-0.47400495,-0.5714286
-0.47382066,-0.5714286
-0.4738493,-0.5714286
-0.47354215,-0.5714286
-0.47373465,-0.5714286
-0.47298527,-0.5714286
-0.47359952,-0.5714286
-0.4726372,-0.5714286
-0.47286242,-0.5714286
-0.47287062,-0.5714286
-0.47321254,-0.5714286
-0.47336197,-0.5714286
-0.47300163,-0.5714286
-0.47294226,-0.5714286
-0.4731511,-0.5714286
-0.4733907,-0.5714286
-0.47227684,-0.5714286
-0.47301805,-0.5714286
-0.4732637,-0.5714286
-0.4730467,-0.5714286
-0.47325146,-0.5714286
-0.47313267,-0.5714286
-0.4730958,-0.5714286
-0.47294837,-0.5714286
-0.4730958,-0.5714286
-0.47315314,-0.5714286
-0.47267815,-0.5714286
-0.47301596,-0.5714286
-0.47344798,-0.5714286
-0.47348076,-0.5714286
-0.4735831,-0.5714286
-0.47346845,-0.5714286
-0.47346845,-0.5714286
-0.47334564,-0.5714286
-0.47336197,-0.5714286
-0.47300982,-0.5714286
-0.47291565,-0.5714286
-0.47313267,-0.5714286
-0.47319,-0.5714286
-0.47081694,-0.5714286
-0.47374693,-0.5714286
-0.47343367,-0.5714286
-0.47348282,-0.5714286
-0.4730876,-0.5714286
-0.47306716,-0.5714286
-0.47294226,-0.5714286
-0.4727682,-0.5714286
-0.47367322,-0.5714286
-0.4738534,-0.5714286
-0.4736978,-0.5714286
-0.47393528,-0.5714286
-0.47369164,-0.5714286
-0.47339475,-0.5714286
-0.47316134,-0.5714286
-0.47281325,-0.5714286
-0.47117528,-0.5714286
-0.4715602,-0.5714286
-0.47135547,-0.5714286
-0.47162777,-0.5714286
-0.47165847,-0.5714286
-0.47174448,-0.5714286
-0.47119984,-0.5714286
-0.46942258,-0.5714286
-0.4717076,-0.5714286
-0.47231367,-0.5714286
-0.47359338,-0.5714286
-0.4737674,-0.5714286
-0.47341117,-0.5714286
-0.4735094,-0.5714286
-0.4731941,-0.5714286
-0.47313267,-0.5714286
-0.4738698,-0.5714286
-0.47384524,-0.5714286
-0.47396395,-0.5714286
-0.47315314,-0.5714286
-0.47368553,-0.5714286
-0.473792,-0.5714286
-0.47367322,-0.5714286
-0.4738411,-0.5714286
-0.4734705,-0.5714286
-0.47355857,-0.5714286
-0.47287878,-0.5714286
-0.47365478,-0.5714286
-0.47339067,-0.5714286
-0.4728501,-0.5714286
-0.47359136,-0.5714286
-0.4736896,-0.5714286
-0.4735381,-0.5714286
-0.47343367,-0.5714286
-0.4728542,-0.5714286
-0.4732371,-0.5714286
-0.47362816,-0.5714286
-0.4714947,-0.5714286
-0.4594103,-0.5714286
-0.45242018,-0.5714286
-0.45481572,-0.5714286
-0.46412775,-0.5714286
-0.4643202,-0.5714286
-0.46443084,-0.5714286
-0.46430793,-0.5714286
-0.4635258,-0.5714286
-0.46483213,-0.5714286
-0.46447176,-0.5714286
-0.46503684,-0.5714286
-0.46506554,-0.5714286
-0.46499386,-0.5714286
-0.46473384,-0.5714286
-0.46543816,-0.5714286
-0.46541154,-0.5714286
-0.46553645,-0.5714286
-0.46538493,-0.5714286
-0.46538085,-0.5714286
-0.46524978,-0.5714286
-0.46495908,-0.5714286
-0.46470922,-0.5714286
-0.46271905,-0.5714286
-0.46252456,-0.5714286
-0.4622973,-0.5714286
-0.46247336,-0.5714286
-0.46132067,-0.5714286
-0.4636732,-0.5714286
-0.46454546,-0.5714286
-0.46436933,-0.5714286
-0.46457413,-0.5714286
-0.46449223,-0.5714286
-0.465303,-0.5714286
-0.4654054,-0.5714286
-0.46542382,-0.5714286
-0.46518424,-0.5714286
-0.46539927,-0.5714286
-0.46541154,-0.5714286
-0.46546686,-0.5714286
-0.46537673,-0.5714286
-0.46554056,-0.5714286
-0.46440417,-0.5714286
-0.4638636,-0.5714286
-0.46548733,-0.5714286
-0.46464783,-0.5714286
-0.46477476,-0.5714286
-0.46504298,-0.5714286
-0.4646929,-0.5714286
-0.46483618,-0.5714286
-0.46433046,-0.5714286
-0.4644103,-0.5714286
-0.4651167,-0.5714286
-0.4650082,-0.5714286
-0.4651556,-0.5714286
-0.4652662,-0.5714286
-0.46569413,-0.5714286
-0.46394348,-0.5714286
-0.46376535,-0.5714286
-0.46377763,-0.5714286
-0.4634828,-0.5714286
-0.4623403,-0.5714286
-0.4626126,-0.5714286
-0.46293613,-0.5714286
-0.46257576,-0.5714286
-0.46236694,-0.5714286
-0.46311426,-0.5714286
-0.4640868,-0.5714286
-0.4650819,-0.5714286
-0.4647297,-0.5714286
-0.46440622,-0.5714286
-0.46496725,-0.5714286
-0.46565112,-0.5714286
-0.46584356,-0.5714286
-0.46557736,-0.5714286
-0.46563062,-0.5714286
-0.4657617,-0.5714286
-0.46541765,-0.5714286
-0.46504912,-0.5714286
-0.46504095,-0.5714286
-0.46490988,-0.5714286
-0.46504095,-0.5714286
-0.4647666,-0.5714286
-0.46527436,-0.5714286
-0.46388823,-0.5714286
-0.46501842,-0.5714286
-0.4651188,-0.5714286
-0.46531942,-0.5714286
-0.46545455,-0.5714286
-0.4648096,-0.5714286
-0.4660688,-0.5714286
-0.46596232,-0.5714286
-0.4659091,-0.5714286
-0.46610567,-0.5714286
-0.4660565,-0.5714286
-0.46607286,-0.5714286
-0.4657248,-0.5714286
-0.46609744,-0.5714286
-0.46638006,-0.5714286
-0.4649386,-0.5714286
-0.46488535,-0.5714286
-0.46506757,-0.5714286
-0.46483618,-0.5714286
-0.4648157,-0.5714286
-0.46562243,-0.5714286
-0.4655221,-0.5714286
-0.46563882,-0.5714286
-0.4653133,-0.5714286
-0.46469697,-0.5714286
-0.46556512,-0.5714286
-0.4654955,-0.5714286
-0.46557736,-0.5714286
-0.46563473,-0.5714286
-0.4654095,-0.5714286
-0.4652416,-0.5714286
-0.4654627,-0.5714286
-0.46542382,-0.5714286
-0.46573094,-0.5714286
-0.465086,-0.5714286
-0.464742,-0.5714286
-0.4647297,-0.5714286
-0.4645823,-0.5714286
-0.4638657,-0.5714286
-0.46454135,-0.5714286
-0.46412775,-0.5714286
-0.4644636,-0.5714286
-0.46489355,-0.5714286
-0.46541768,-0.5714286
-0.46493036,-0.5714286
-0.4657985,-0.5714286
-0.46519655,-0.5714286
-0.46545455,-0.5714286
-0.46568796,-0.5714286
-0.4658354,-0.5714286
-0.46552414,-0.5714286
-0.46528253,-0.5714286
-0.46544638,-0.5714286
-0.46565112,-0.5714286
-0.46443486,-0.5714286
-0.46473795,-0.5714286
-0.46472973,-0.5714286
-0.46736687,-0.5714286
-0.47322688,-0.5714286
-0.47363228,-0.5714286
-0.4735504,-0.5714286
-0.47396395,-0.5714286
-0.47397622,-0.5714286
-0.47344798,-0.5714286
-0.4736978,-0.5714286
-0.4739865,-0.5714286
-0.47383907,-0.5714286
-0.47372645,-0.5714286
-0.4737899,-0.5714286
-0.47366092,-0.5714286
-0.47436935,-0.5714286
-0.47402945,-0.5714286
-0.4740479,-0.5714286
-0.47340703,-0.5714286
-0.47379604,-0.5714286
-0.4739271,-0.5714286
-0.47398853,-0.5714286
-0.47444308,-0.5714286
-0.474484,-0.5714286
-0.47447994,-0.5714286
-0.474398,-0.5714286
-0.47428748,-0.5714286
-0.47403768,-0.5714286
-0.47428748,-0.5714286
-0.4740909,-0.5714286
-0.47429156,-0.5714286
-0.47391072,-0.5714286
-0.47410318,-0.5714286
-0.47285834,-0.5714286
-0.472113,-0.5714286
-0.4720516,-0.5714286
-0.47005326,-0.5714286
-0.47138205,-0.5714286
-0.47197175,-0.5714286
-0.47190005,-0.5714286
-0.47197378,-0.5714286
-0.47142506,-0.5714286
-0.47224817,-0.5714286
-0.4728829,-0.5714286
-0.47369164,-0.5714286
-0.4736896,-0.5714286
-0.47316134,-0.5714286
-0.47343367,-0.5714286
-0.47343165,-0.5714286
-0.47364458,-0.5714286
-0.47382477,-0.5714286
-0.47348076,-0.5714286
-0.4732064,-0.5714286
-0.47306716,-0.5714286
-0.47297296,-0.5714286
-0.4739517,-0.5714286
-0.47329238,-0.5714286
-0.47370186,-0.5714286
-0.47377148,-0.5714286
-0.47396395,-0.5714286
-0.47282556,-0.5714286
-0.47402543,-0.5714286
-0.47373465,-0.5714286
-0.4739128,-0.5714286
-0.47399876,-0.5714286
-0.47347257,-0.5714286
-0.47362,-0.5714286
-0.4736671,-0.5714286
-0.47366092,-0.5714286
-0.47386572,-0.5714286
-0.47377148,-0.5714286
-0.47369778,-0.5714286
-0.47364047,-0.5714286
-0.47375107,-0.5714286
-0.47395575,-0.5714286
-0.4739967,-0.5714286
-0.47345614,-0.5714286
-0.47388205,-0.5714286
-0.4736077,-0.5714286
-0.47377557,-0.5714286
-0.47341523,-0.5714286
-0.47333333,-0.5714286
-0.47311223,-0.5714286
-0.47336197,-0.5714286
-0.47293204,-0.5714286
-0.47285014,-0.5714286
-0.4732064,-0.5714286
-0.47318593,-0.5714286
-0.47301805,-0.5714286
-0.47286856,-0.5714286
-0.4731245,-0.5714286
-0.47384518,-0.5714286
-0.47341117,-0.5714286
-0.47341117,-0.5714286
-0.47364253,-0.5714286
-0.47296068,-0.5714286
-0.47353807,-0.5714286
-0.47318795,-0.5714286
-0.47307944,-0.5714286
-0.4736691,-0.5714286
-0.47328624,-0.5714286
-0.47348487,-0.5714286
-0.47387388,-0.5714286
-0.47414008,-0.5714286
-0.4733784,-0.5714286
-0.47402334,-0.5714286
-0.47349712,-0.5714286
-0.47370186,-0.5714286
-0.47322276,-0.5714286
-0.47234643,-0.5714286
-0.47174448,-0.5714286
-0.47185913,-0.5714286
-0.47227272,-0.5714286
-0.47181818,-0.5714286
-0.47098282,-0.5714286
-0.47175062,-0.5714286
-0.47161752,-0.5714286
-0.47144148,-0.5714286
0.05676907,-0.5714286
-0.3180221,-0.5714286
-0.31182638,-0.5714286
-0.3106511,-0.5714286
-0.30995086,-0.5714286
-0.3088452,-0.5714286
-0.30937758,-0.5714286
-0.30879197,-0.5714286
-0.3085299,-0.5714286
-0.30855447,-0.5714286
-0.30876333,-0.5714286
-0.30995497,-0.5714286
-0.3098362,-0.5714286
-0.3097543,-0.5714286
-0.310258,-0.5714286
-0.31078625,-0.5714286
-0.3121929,-0.5714286
-0.31216624,-0.5714286
-0.31379196,-0.5714286
-0.3141155,-0.5714286
-0.3148198,-0.5714286
-0.31694922,-0.5714286
-0.317629,-0.5714286
-0.3199181,-0.5714286
-0.31933045,-0.5714286
-0.32070637,-0.5714286
-0.32167894,-0.5714286
-0.32095826,-0.5714286
-0.32101148,-0.5714286
-0.32038492,-0.5714286
-0.30931205,-0.5714286
-0.30158883,-0.5714286
-0.3056593,-0.5714286
-0.31396398,-0.5714286
-0.31514126,-0.5714286
-0.3149263,-0.5714286
-0.31547296,-0.5714286
-0.314312,-0.5714286
-0.31643733,-0.5714286
-0.31675062,-0.5714286
-0.3171376,-0.5714286
-0.31667688,-0.5714286
-0.31759217,-0.5714286
-0.3168018,-0.5714286
-0.31795454,-0.5714286
-0.31817773,-0.5714286
-0.31815726,-0.5714286
-0.31831694,-0.5714286
-0.31799755,-0.5714286
-0.31703523,-0.5714286
-0.31810814,-0.5714286
-0.3186916,-0.5714286
-0.31875104,-0.5714286
-0.31671375,-0.5714286
-0.3176003,-0.5714286
-0.31799138,-0.5714286
-0.31791154,-0.5714286
-0.31910318,-0.5714286
-0.31933656,-0.5714286
-0.31913593,-0.5714286
-0.31949225,-0.5714286
-0.31902948,-0.5714286
-0.3182023,-0.5714286
-0.31781325,-0.5714286
-0.3192179,-0.5714286
-0.31924653,-0.5714286
-0.31895578,-0.5714286
-0.31920764,-0.5714286
-0.31952906,-0.5714286
-0.31929973,-0.5714286
-0.3185565,-0.5714286
-0.31841114,-0.5714286
-0.31773344,-0.5714286
-0.31843367,-0.5714286
-0.31864044,-0.5714286
-0.31899264,-0.5714286
-0.31979114,-0.5714286
-0.31844392,-0.5714286
-0.31856266,-0.5714286
-0.31938168,-0.5714286
-0.31894964,-0.5714286
-0.3190131,-0.5714286
-0.31885338,-0.5714286
-0.31957003,-0.5714286
-0.31997955,-0.5714286
-0.31976247,-0.5714286
-0.31888208,-0.5714286
-0.31955364,-0.5714286
-0.3203522,-0.5714286
-0.31987715,-0.5714286
-0.32011467,-0.5714286
-0.32031122,-0.5714286
-0.31935298,-0.5714286
-0.31980956,-0.5714286
-0.32020476,-0.5714286
-0.3196806,-0.5714286
-0.3194656,-0.5714286
-0.3192383,-0.5714286
-0.32035628,-0.5714286
-0.32038084,-0.5714286
-0.32062244,-0.5714286
-0.3192179,-0.5714286
-0.3198321,-0.5714286
-0.3203153,-0.5714286
-0.32072073,-0.5714286
-0.32121214,-0.5714286
-0.32144147,-0.5714286
-0.32094595,-0.5714286
-0.32135954,-0.5714286
-0.32107285,-0.5714286
-0.3210811,-0.5714286
-0.31994265,-0.5714286
-0.32044226,-0.5714286
-0.32139432,-0.5714286
-0.32034808,-0.5714286
-0.32127768,-0.5714286
-0.3213882,-0.5714286
-0.32125306,-0.5714286
-0.3213145,-0.5714286
-0.3214742,-0.5714286
-0.3208804,-0.5714286
-0.3205078,-0.5714286
-0.32171375,-0.5714286
-0.321077,-0.5714286
-0.32200858,-0.5714286
-0.32061017,-0.5714286
-0.32026413,-0.5714286
-0.3212326,-0.5714286
-0.32038084,-0.5714286
-0.31901723,-0.5714286
-0.31936118,-0.5714286
-0.32024568,-0.5714286
-0.3202887,-0.5714286
-0.3209214,-0.5714286
-0.3205344,-0.5714286
-0.32144964,-0.5714286
-0.32310402,-0.5714286
-0.32340702,-0.5714286
-0.32309175,-0.5714286
-0.32215807,-0.5714286
-0.32242835,-0.5714286
-0.32280916,-0.5714286
-0.32281324,-0.5714286
-0.32262078,-0.5714286
-0.32285014,-0.5714286
-0.32277644,-0.5714286
-0.32284194,-0.5714286
-0.32266992,-0.5714286
-0.32264537,-0.5714286
-0.321638,-0.5714286
-0.32334563,-0.5714286
-0.3235381,-0.5714286
-0.32308352,-0.5714286
-0.32293612,-0.5714286
-0.32202703,-0.5714286
-0.32230547,-0.5714286
-0.323751,-0.5714286
-0.32392505,-0.5714286
-0.3233538,-0.5714286
-0.32325146,-0.5714286
-0.3236978,-0.5714286
-0.32542178,-0.5714286
-0.33140868,-0.5714286
-0.33103198,-0.5714286
-0.33076578,-0.5714286
-0.33117938,-0.5714286
-0.33178538,-0.5714286
-0.3316789,-0.5714286
-0.33212122,-0.5714286
-0.33135545,-0.5714286
-0.3307453,-0.5714286
-0.33012694,-0.5714286
-0.33196968,-0.5714286
-0.32509214,-0.5714286
-0.31450862,-0.5714286
-0.30701065,-0.5714286
-0.3240172,-0.5714286
-0.32448405,-0.5714286
-0.32260033,-0.5714286
-0.32299757,-0.5714286
-0.32319412,-0.5714286
-0.32348895,-0.5714286
-0.32227275,-0.5714286
-0.32183456,-0.5714286
-0.3207801,-0.5714286
-0.32100326,-0.5714286
-0.32105654,-0.5714286
-0.3217076,-0.5714286
-0.3215438,-0.5714286
-0.32197788,-0.5714286
-0.32197174,-0.5714286
-0.32242426,-0.5714286
-0.32292995,-0.5714286
-0.32351762,-0.5714286
-0.32402542,-0.5714286
-0.3237633,-0.5714286
-0.32355857,-0.5714286
-0.3233661,-0.5714286
-0.32467243,-0.5714286
-0.32380018,-0.5714286
-0.3244902,-0.5714286
-0.32459873,-0.5714286
-0.32482803,-0.5714286
-0.32486078,-0.5714286
-0.32329234,-0.5714286
-0.32415846,-0.5714286
-0.32323915,-0.5714286
-0.32359537,-0.5714286
-0.3232801,-0.5714286
-0.32301798,-0.5714286
-0.32365274,-0.5714286
-0.32404175,-0.5714286
-0.32455367,-0.5714286
-0.3241196,-0.5714286
-0.32414004,-0.5714286
-0.3242547,-0.5714286
-0.32348484,-0.5714286
-0.32387796,-0.5714286
-0.32393527,-0.5714286
-0.3241769,-0.5714286
-0.32407454,-0.5714286
-0.32452905,-0.5714286
-0.3238329,-0.5714286
-0.32428747,-0.5714286
-0.32357496,-0.5714286
-0.3233579,-0.5714286
-0.32326782,-0.5714286
-0.32455775,-0.5714286
-0.32424653,-0.5714286
-0.3572441,-0.5714286
-0.46573302,-0.5714286
-0.4656695,-0.5714286
-0.465131,-0.5714286
-0.46462324,-0.5714286
-0.46468058,-0.5714286
-0.46473795,-0.5714286
-0.46509418,-0.5714286
-0.4655221,-0.5714286
-0.46505728,-0.5714286
-0.46546686,-0.5714286
-0.46541765,-0.5714286
-0.4654627,-0.5714286
-0.46515152,-0.5714286
-0.4657248,-0.5714286
-0.46563473,-0.5714286
-0.4660319,-0.5714286
-0.4655958,-0.5714286
-0.46556512,-0.5714286
-0.46560195,-0.5714286
-0.4654095,-0.5714286
-0.46547502,-0.5714286
-0.46497542,-0.5714286
-0.46484444,-0.5714286
-0.46493447,-0.5714286
-0.4641892,-0.5714286
-0.4656798,-0.5714286
-0.4659132,-0.5714286
-0.465692,-0.5714286
-0.46543813,-0.5714286
-0.46534806,-0.5714286
-0.4657064,-0.5714286
-0.46593773,-0.5714286
-0.46525803,-0.5714286
-0.4571253,-0.5714286
-0.4489312,-0.5714286
-0.4494308,-0.5714286
-0.45683458,-0.5714286
-0.45990786,-0.5714286
-0.45910323,-0.5714286
-0.45864865,-0.5714286
-0.46019042,-0.5714286
-0.45676085,-0.5714286
-0.44976658,-0.5714286
-0.44980347,-0.5714286
-0.4598772,-0.5714286
-0.46012694,-0.5714286
-0.4593571,-0.5714286
-0.46061012,-0.5714286
-0.460043,-0.5714286
-0.45837837,-0.5714286
-0.46489757,-0.5714286
-0.4645127,-0.5714286
-0.46493036,-0.5714286
-0.4633661,-0.5714286
-0.4646192,-0.5714286
-0.46346438,-0.5714286
-0.46477273,-0.5714286
-0.46475843,-0.5714286
-0.46470517,-0.5714286
-0.46488535,-0.5714286
-0.46513513,-0.5714286
-0.46524978,-0.5714286
-0.4647789,-0.5714286
-0.4657248,-0.5714286
-0.46557736,-0.5714286
-0.46501842,-0.5714286
-0.46529073,-0.5714286
-0.4652662,-0.5714286
-0.46567154,-0.5714286
-0.4653747,-0.5714286
-0.46560195,-0.5714286
-0.46498156,-0.5714286
-0.4651597,-0.5714286
-0.46517202,-0.5714286
-0.46573707,-0.5714286
-0.46541765,-0.5714286
-0.46558553,-0.5714286
-0.46610567,-0.5714286
-0.4658722,-0.5714286
-0.46529895,-0.5714286
-0.46519655,-0.5714286
-0.4644267,-0.5714286
-0.46582308,-0.5714286
-0.46576577,-0.5714286
-0.46570843,-0.5714286
-0.46447176,-0.5714286
-0.46541765,-0.5714286
-0.46517813,-0.5714286
-0.46515357,-0.5714286
-0.4648034,-0.5714286
-0.4648649,-0.5714286
-0.46407452,-0.5714286
-0.46435502,-0.5714286
-0.46410728,-0.5714286
-0.4646601,-0.5714286
-0.4642834,-0.5714286
-0.464742,-0.5714286
-0.4646929,-0.5714286
-0.4650819,-0.5714286
-0.46489763,-0.5714286
-0.46412775,-0.5714286
-0.46574938,-0.5714286
-0.46528253,-0.5714286
-0.4655446,-0.5714286
-0.46445534,-0.5714286
-0.46350533,-0.5714286
-0.46346438,-0.5714286
-0.46332926,-0.5714286
-0.4632924,-0.5714286
-0.46320233,-0.5714286
-0.4623874,-0.5714286
-0.4609828,-0.5714286
-0.4612162,-0.5714286
-0.46013513,-0.5714286
-0.462154,-0.5714286
-0.46275184,-0.5714286
-0.464525,-0.5714286
-0.4638329,-0.5714286
-0.46438986,-0.5714286
-0.4630344,-0.5714286
-0.46423423,-0.5714286
-0.46505728,-0.5714286
-0.46552008,-0.5714286
-0.4654914,-0.5714286
-0.46562243,-0.5714286
-0.46552825,-0.5714286
-0.4651167,-0.5714286
-0.4652621,-0.5714286
-0.46558967,-0.5714286
-0.46509826,-0.5714286
-0.46487308,-0.5714286
-0.46559784,-0.5714286
-0.4655733,-0.5714286
-0.4657453,-0.5714286
-0.4657453,-0.5714286
-0.46565107,-0.5714286
-0.46480754,-0.5714286
-0.46512282,-0.5714286
-0.46470106,-0.5714286
-0.46442258,-0.5714286
-0.465172,-0.5714286
-0.4651433,-0.5714286
-0.46380427,-0.5714286
-0.4631634,-0.5714286
-0.4635135,-0.5714286
-0.46396804,-0.5714286
-0.4635954,-0.5714286
-0.46367735,-0.5714286
-0.46372232,-0.5714286
-0.46319407,-0.5714286
-0.4626167,-0.5714286
-0.46302825,-0.5714286
-0.46474814,-0.5714286
-0.46475843,-0.5714286
-0.46560606,-0.5714286
-0.46428335,-0.5714286
-0.4653624,-0.5714286
-0.46438575,-0.5714286
-0.46554056,-0.5714286
-0.46553233,-0.5714286
-0.46520883,-0.5714286
-0.4652539,-0.5714286
-0.46534806,-0.5714286
-0.46449018,-0.5714286
-0.46557736,-0.5714286
-0.4657187,-0.5714286
-0.46534806,-0.5714286
-0.46554056,-0.5714286
-0.46547502,-0.5714286
-0.46459457,-0.5714286
-0.4663452,-0.5714286
-0.46493447,-0.5714286
-0.46470922,-0.5714286
-0.4657187,-0.5714286
-0.46514744,-0.5714286
-0.46420145,-0.5714286
-0.4652457,-0.5714286
-0.4654955,-0.5714286
-0.46479115,-0.5714286
-0.46563882,-0.5714286
-0.46483415,-0.5714286
-0.46584767,-0.5714286
-0.46599922,-0.5714286
-0.46580675,-0.5714286
-0.4652416,-0.5714286
-0.4641032,-0.5714286
-0.46375105,-0.5714286
-0.4636978,-0.5714286
-0.46381244,-0.5714286
-0.46432436,-0.5714286
-0.46502456,-0.5714286
-0.46586815,-0.5714286
-0.46454135,-0.5714286
-0.46387592,-0.5714286
-0.46502048,-0.5714286
-0.464914,-0.5714286
-0.4656429,-0.5714286
-0.46560195,-0.5714286
-0.46561426,-0.5714286
-0.4655815,-0.5714286
-0.46613637,-0.5714286
-0.4658968,-0.5714286
-0.4660811,-0.5714286
-0.4662162,-0.5714286
-0.46600738,-0.5714286
-0.4659214,-0.5714286
-0.46561834,-0.5714286
-0.4656061,-0.5714286
-0.46585998,-0.5714286
-0.464611,-0.5714286
-0.46605238,-0.5714286
-0.46627358,-0.5714286
-0.4652621,-0.5714286
-0.4655446,-0.5714286
-0.4655692,-0.5714286
-0.4659705,-0.5714286
-0.46635136,-0.5714286
-0.4666032,-0.5714286
-0.46932432,-0.5714286
-0.4744226,-0.5714286
-0.47440624,-0.5714286
-0.47432843,-0.5714286
-0.47483206,-0.5714286
-0.47513515,-0.5714286
-0.47509214,-0.5714286
-0.47428748,-0.5714286
-0.4741196,-0.5714286
-0.47479114,-0.5714286
-0.47470108,-0.5714286
-0.47509825,-0.5714286
-0.4750205,-0.5714286
-0.47496313,-0.5714286
-0.47525796,-0.5714286
-0.47508192,-0.5714286
-0.47414008,-0.5714286
-0.4741196,-0.5714286
-0.47337836,-0.5714286
-0.47391072,-0.5714286
-0.47483206,-0.5714286
-0.4754095,-0.5714286
-0.47468877,-0.5714286
-0.47514746,-0.5714286
-0.47500002,-0.5714286
-0.47512698,-0.5714286
-0.47469288,-0.5714286
-0.47403765,-0.5714286
-0.4750696,-0.5714286
-0.4744103,-0.5714286
-0.47446766,-0.5714286
-0.4752764,-0.5714286
-0.47531942,-0.5714286
-0.47511056,-0.5714286
-0.47446352,-0.5714286
-0.47500613,-0.5714286
-0.475,-0.5714286
-0.4745332,-0.5714286
-0.47423834,-0.5714286
-0.4732371,-0.5714286
-0.47477478,-0.5714286
-0.47474203,-0.5714286
-0.47478294,-0.5714286
-0.47483206,-0.5714286
-0.47480756,-0.5714286
-0.47457,-0.5714286
-0.4745823,-0.5714286
-0.4729402,-0.5714286
-0.47482187,-0.5714286
-0.47509825,-0.5714286
-0.47508597,-0.5714286
-0.47481573,-0.5714286
-0.474914,-0.5714286
-0.47524163,-0.5714286
-0.47438577,-0.5714286
-0.47466832,-0.5714286
-0.4749959,-0.5714286
-0.47483206,-0.5714286
-0.47500613,-0.5714286
-0.47461507,-0.5714286
-0.47490174,-0.5714286
-0.47498775,-0.5714286
-0.47509825,-0.5714286
-0.47511056,-0.5714286
-0.47431204,-0.5714286
-0.47293612,-0.5714286
-0.47461095,-0.5714286
-0.47497132,-0.5714286
-0.47530302,-0.5714286
-0.47536445,-0.5714286
-0.4747543,-0.5714286
-0.47495902,-0.5714286
-0.47520474,-0.5714286
-0.47483206,-0.5714286
-0.4748116,-0.5714286
-0.47506145,-0.5714286
-0.475086,-0.5714286
-0.47477886,-0.5714286
-0.4751167,-0.5714286
-0.47499388,-0.5714286
-0.47510648,-0.5714286
-0.47484028,-0.5714286
-0.47513515,-0.5714286
-0.47406223,-0.5714286
-0.4741032,-0.5714286
-0.47416463,-0.5714286
-0.47414824,-0.5714286
-0.4740295,-0.5714286
-0.47447786,-0.5714286
-0.47383907,-0.5714286
-0.4740233,-0.5714286
-0.47433254,-0.5714286
-0.47420147,-0.5714286
-0.47373465,-0.5714286
-0.47349507,-0.5714286
-0.47303438,-0.5714286
-0.47248155,-0.5714286
-0.47140664,-0.5714286
-0.4720639,-0.5714286
-0.47277644,-0.5714286
-0.47277233,-0.5714286
-0.4728665,-0.5714286
-0.47324324,-0.5714286
-0.47276413,-0.5714286
-0.47185093,-0.5714286
-0.47225636,-0.5714286
-0.47314903,-0.5714286
-0.47443488,-0.5714286
-0.47442672,-0.5714286
-0.47411138,-0.5714286
-0.4741032,-0.5714286
-0.4738575,-0.5714286
-0.4731368,-0.5714286
-0.47363228,-0.5714286
-0.4730876,-0.5714286
-0.47327596,-0.5714286
-0.47158477,-0.5714286
-0.47276413,-0.5714286
-0.47171378,-0.5714286
-0.47265354,-0.5714286
-0.47201478,-0.5714286
-0.47270885,-0.5714286
-0.47205976,-0.5714286
-0.47160524,-0.5714286
-0.4729484,-0.5714286
-0.47300163,-0.5714286
-0.47461095,-0.5714286
-0.47424653,-0.5714286
-0.47440213,-0.5714286
-0.47428748,-0.5714286
-0.4743735,-0.5714286
-0.4745086,-0.5714286
-0.47298115,-0.5714286
-0.4741196,-0.5714286
-0.47414622,-0.5714286
-0.47431612,-0.5714286
-0.47508192,-0.5714286
-0.4750676,-0.5714286
-0.4749468,-0.5714286
-0.47501224,-0.5714286
-0.47532555,-0.5714286
-0.4749795,-0.5714286
-0.47432843,-0.5714286
-0.475086,-0.5714286
-0.4748608,-0.5714286
-0.47473386,-0.5714286
-0.4746069,-0.5714286
-0.4746765,-0.5714286
-0.47432435,-0.5714286
-0.47487715,-0.5714286
-0.4748239,-0.5714286
-0.47421378,-0.5714286
-0.47461095,-0.5714286
-0.47457,-0.5714286
-0.4606081,-0.5714286
-0.4528829,-0.5714286
-0.455819,-0.5714286
-0.465215,-0.5714286
-0.46625307,-0.5714286
-0.46581078,-0.5714286
-0.4660995,-0.5714286
-0.46532553,-0.5714286
-0.4656183,-0.5714286
-0.4654218,-0.5714286
-0.4657453,-0.5714286
-0.4652293,-0.5714286
-0.46571258,-0.5714286
-0.46550366,-0.5714286
-0.46552825,-0.5714286
-0.4658272,-0.5714286
-0.4657289,-0.5714286
-0.4659992,-0.5714286
-0.4659091,-0.5714286
-0.466249,-0.5714286
-0.46517202,-0.5714286
-0.4660811,-0.5714286
-0.46555287,-0.5714286
-0.46581078,-0.5714286
-0.4653399,-0.5714286
-0.4654054,-0.5714286
-0.46391892,-0.5714286
-0.46607697,-0.5714286
-0.46612406,-0.5714286
-0.466249,-0.5714286
-0.46624485,-0.5714286
-0.46610156,-0.5714286
-0.46619162,-0.5714286
-0.46574122,-0.5714286
-0.4660381,-0.5714286
-0.46543407,-0.5714286
-0.46569204,-0.5714286
-0.46597666,-0.5714286
-0.46622851,-0.5714286
-0.4665807,-0.5714286
-0.46676907,-0.5714286
-0.4661466,-0.5714286
-0.4655692,-0.5714286
-0.4654996,-0.5714286
-0.46581492,-0.5714286
-0.46502456,-0.5714286
-0.46591726,-0.5714286
-0.4662244,-0.5714286
-0.4670516,-0.5714286
-0.4667629,-0.5714286
-0.46714988,-0.5714286
-0.4668837,-0.5714286
-0.46692878,-0.5714286
-0.46671987,-0.5714286
-0.46617115,-0.5714286
-0.46570638,-0.5714286
-0.46668306,-0.5714286
-0.46662164,-0.5714286
-0.46647424,-0.5714286
-0.46635133,-0.5714286
-0.4661589,-0.5714286
-0.46557736,-0.5714286
-0.46574938,-0.5714286
-0.46568182,-0.5714286
-0.4659582,-0.5714286
-0.46633086,-0.5714286
-0.46623668,-0.5714286
-0.4665192,-0.5714286
-0.46700248,-0.5714286
-0.4665192,-0.5714286
-0.4666298,-0.5714286
-0.46623668,-0.5714286
-0.4664701,-0.5714286
-0.46559379,-0.5714286
-0.4665684,-0.5714286
-0.46624693,-0.5714286
-0.46625307,-0.5714286
-0.46673217,-0.5714286
-0.46652746,-0.5714286
-0.46591726,-0.5714286
-0.46568385,-0.5714286
-0.46587223,-0.5714286
-0.46554464,-0.5714286
-0.46498773,-0.5714286
-0.46634728,-0.5714286
-0.46635544,-0.5714286
-0.46612406,-0.5714286
-0.46650288,-0.5714286
-0.4659828,-0.5714286
-0.4660565,-0.5714286
-0.4661671,-0.5714286
-0.46684277,-0.5714286
-0.4658722,-0.5714286
-0.46674034,-0.5714286
-0.46624693,-0.5714286
-0.46662164,-0.5714286
-0.46686733,-0.5714286
-0.46653563,-0.5714286
-0.46646193,-0.5714286
-0.46624082,-0.5714286
-0.4665807,-0.5714286
-0.46644965,-0.5714286
-0.46600738,-0.5714286
-0.46708024,-0.5714286
-0.46705976,-0.5714286
-0.46728912,-0.5714286
-0.46758395,-0.5714286
-0.4673833,-0.5714286
-0.46746105,-0.5714286
-0.4673833,-0.5714286
-0.46732596,-0.5714286
-0.466638,-0.5714286
-0.46716624,-0.5714286
-0.46642503,-0.5714286
-0.46667892,-0.5714286
-0.4665479,-0.5714286
-0.46711713,-0.5714286
-0.46667075,-0.5714286
-0.46606064,-0.5714286
-0.46631452,-0.5714286
-0.46613023,-0.5714286
-0.46553645,-0.5714286
-0.46630836,-0.5714286
-0.46652335,-0.5714286
-0.46674445,-0.5714286
-0.46710074,-0.5714286
-0.46710482,-0.5714286
-0.46644965,-0.5714286
-0.46702296,-0.5714286
-0.46726042,-0.5714286
-0.4663964,-0.5714286
-0.46691647,-0.5714286
-0.4670188,-0.5714286
-0.46960276,-0.5714286
-0.47390664,-0.5714286
-0.4745393,-0.5714286
-0.4748403,-0.5714286
-0.47515148,-0.5714286
-0.47515973,-0.5714286
-0.4755897,-0.5714286
-0.4742998,-0.5714286
-0.4746069,-0.5714286
-0.4754832,-0.5714286
-0.47583127,-0.5714286
-0.4758661,-0.5714286
-0.4760258,-0.5714286
-0.47602788,-0.5714286
-0.47600737,-0.5714286
-0.4760033,-0.5714286
-0.4756757,-0.5714286
-0.47520885,-0.5714286
-0.47377765,-0.5714286
-0.4735381,-0.5714286
-0.47344393,-0.5714286
-0.4731573,-0.5714286
-0.4736425,-0.5714286
-0.47325552,-0.5714286
-0.47357494,-0.5714286
-0.47361183,-0.5714286
-0.4728542,-0.5714286
-0.47231573,-0.5714286
-0.4733415,-0.5714286
-0.47342342,-0.5714286
-0.47321868,-0.5714286
-0.47346845,-0.5714286
-0.47323096,-0.5714286
-0.47359338,-0.5714286
-0.47382882,-0.5714286
-0.47373876,-0.5714286
-0.47281325,-0.5714286
-0.47422603,-0.5714286
-0.475819,-0.5714286
-0.4756265,-0.5714286
-0.4755938,-0.5714286
-0.47523344,-0.5714286
-0.47575346,-0.5714286
-0.47578216,-0.5714286
-0.47562245,-0.5714286
-0.47500002,-0.5714286
-0.4746028,-0.5714286
-0.47529075,-0.5714286
-0.47560197,-0.5714286
-0.47564292,-0.5714286
-0.47535214,-0.5714286
-0.47537473,-0.5714286
-0.47545862,-0.5714286
-0.47552416,-0.5714286
-0.4747625,-0.5714286
-0.47514746,-0.5714286
-0.47495496,-0.5714286
-0.47511873,-0.5714286
-0.47570026,-0.5714286
-0.47543612,-0.5714286
-0.47536856,-0.5714286
-0.47520068,-0.5714286
-0.47513103,-0.5714286
-0.47512698,-0.5714286
-0.47454137,-0.5714286
-0.47419533,-0.5714286
-0.47535214,-0.5714286
-0.47518837,-0.5714286
-0.47507778,-0.5714286
-0.47497132,-0.5714286
-0.47503686,-0.5714286
-0.4748608,-0.5714286
-0.474914,-0.5714286
-0.47477886,-0.5714286
-0.47494265,-0.5714286
-0.47459868,-0.5714286
-0.4749468,-0.5714286
-0.47546682,-0.5714286
-0.4747625,-0.5714286
-0.47490174,-0.5714286
-0.47457,-0.5714286
-0.47497132,-0.5714286
-0.4750696,-0.5714286
-0.4747625,-0.5714286
-0.47466418,-0.5714286
-0.47472155,-0.5714286
-0.47482187,-0.5714286
-0.47484848,-0.5714286
-0.47507372,-0.5714286
-0.4744656,-0.5714286
-0.47479525,-0.5714286
-0.47499385,-0.5714286
-0.4749836,-0.5714286
-0.47392505,-0.5714286
-0.47472972,-0.5714286
-0.47481573,-0.5714286
-0.4751024,-0.5714286
-0.47561017,-0.5714286
-0.47472972,-0.5714286
-0.47356674,-0.5714286
-0.47530302,-0.5714286
-0.47500613,-0.5714286
-0.47504914,-0.5714286
-0.4743407,-0.5714286
-0.47503686,-0.5714286
-0.47490174,-0.5714286
-0.47550368,-0.5714286
-0.47515973,-0.5714286
-0.47505528,-0.5714286
-0.47508603,-0.5714286
-0.47496313,-0.5714286
-0.47506145,-0.5714286
-0.47482803,-0.5714286
-0.47465602,-0.5714286
-0.47445127,-0.5714286
-0.47407863,-0.5714286
-0.47512698,-0.5714286
-0.4753276,-0.5714286
-0.47546068,-0.5714286
-0.47527027,-0.5714286
-0.47507983,-0.5714286
-0.47332105,-0.5714286
-0.47435302,-0.5714286
-0.47451678,-0.5714286
-0.47429153,-0.5714286
-0.47470924,-0.5714286
-0.4743735,-0.5714286
-0.47439396,-0.5714286
-0.4747871,-0.5714286
-0.4747256,-0.5714286
-0.18634318,-0.5714286
-0.10364043,-0.5714286
-0.31546685,-0.5714286
-0.31106266,-0.5714286
-0.30954137,-0.5714286
-0.30905408,-0.5714286
-0.3084152,-0.5714286
-0.30814087,-0.5714286
-0.30744472,-0.5714286
-0.30799752,-0.5714286
-0.30772725,-0.5714286
-0.30806306,-0.5714286
-0.30929974,-0.5714286
-0.30941033,-0.5714286
-0.30877972,-0.5714286
-0.30988944,-0.5714286
-0.31055284,-0.5714286
-0.3119902,-0.5714286
-0.3123833,-0.5714286
-0.3134521,-0.5714286
-0.31404176,-0.5714286
-0.31541768,-0.5714286
-0.31504506,-0.5714286
-0.30243242,-0.5714286
-0.29648036,-0.5714286
-0.29984847,-0.5714286
-0.30990583,-0.5714286
-0.3118632,-0.5714286
-0.31128585,-0.5714286
-0.31305486,-0.5714286
-0.31272113,-0.5714286
-0.3125983,-0.5714286
-0.31305894,-0.5714286
-0.31475434,-0.5714286
-0.3138329,-0.5714286
-0.31601557,-0.5714286
-0.31524572,-0.5714286
-0.31565726,-0.5714286
-0.3158661,-0.5714286
-0.31631044,-0.5714286
-0.31530714,-0.5714286
-0.31590295,-0.5714286
-0.31703115,-0.5714286
-0.31792995,-0.5714286
-0.31736693,-0.5714286
-0.31622028,-0.5714286
-0.3172359,-0.5714286
-0.31726044,-0.5714286
-0.31742424,-0.5714286
-0.31718266,-0.5714286
-0.31489354,-0.5714286
-0.3157166,-0.5714286
-0.3158927,-0.5714286
-0.31661347,-0.5714286
-0.3174488,-0.5714286
-0.3185954,-0.5714286
-0.31750613,-0.5714286
-0.3182719,-0.5714286
-0.31859133,-0.5714286
-0.31798938,-0.5714286
-0.31874284,-0.5714286
-0.31852987,-0.5714286
-0.31786647,-0.5714286
-0.31812042,-0.5714286
-0.3185442,-0.5714286
-0.31799343,-0.5714286
-0.3166585,-0.5714286
-0.3170352,-0.5714286
-0.31787062,-0.5714286
-0.31736484,-0.5714286
-0.31891888,-0.5714286
-0.31848896,-0.5714286
-0.31941032,-0.5714286
-0.3193489,-0.5714286
-0.31968674,-0.5714286
-0.31974202,-0.5714286
-0.32018837,-0.5714286
-0.31992012,-0.5714286
-0.31960073,-0.5714286
-0.31758803,-0.5714286
-0.31820232,-0.5714286
-0.3181286,-0.5714286
-0.31839478,-0.5714286
-0.3162715,-0.5714286
-0.31656024,-0.5714286
-0.31720722,-0.5714286
-0.31770682,-0.5714286
-0.31699017,-0.5714286
-0.31735462,-0.5714286
-0.319267,-0.5714286
-0.32068798,-0.5714286
-0.32062656,-0.5714286
-0.32012287,-0.5714286
-0.32029074,-0.5714286
-0.31946355,-0.5714286
-0.3203808,-0.5714286
-0.32005322,-0.5714286
-0.32039723,-0.5714286
-0.31950042,-0.5714286
-0.31877968,-0.5714286
-0.31848896,-0.5714286
-0.3181941,-0.5714286
-0.31890255,-0.5714286
-0.31839067,-0.5714286
-0.3192506,-0.5714286
-0.31929976,-0.5714286
-0.3168059,-0.5714286
-0.31887594,-0.5714286
-0.3198526,-0.5714286
-0.32093364,-0.5714286
-0.3209787,-0.5714286
-0.32187346,-0.5714286
-0.3215438,-0.5714286
-0.32157865,-0.5714286
-0.3214906,-0.5714286
-0.32093364,-0.5714286
-0.32109743,-0.5714286
-0.32095003,-0.5714286
-0.32148644,-0.5714286
-0.32060197,-0.5714286
-0.32149467,-0.5714286
-0.3216421,-0.5714286
-0.32074323,-0.5714286
-0.32112205,-0.5714286
-0.32127768,-0.5714286
-0.32153562,-0.5714286
-0.32177517,-0.5714286
-0.32184887,-0.5714286
-0.32204342,-0.5714286
-0.32184887,-0.5714286
-0.32217446,-0.5714286
-0.32247335,-0.5714286
-0.32257167,-0.5714286
-0.32260853,-0.5714286
-0.32256758,-0.5714286
-0.3210749,-0.5714286
-0.32179362,-0.5714286
-0.32250616,-0.5714286
-0.3229648,-0.5714286
-0.32210073,-0.5714286
-0.3225553,-0.5714286
-0.32253888,-0.5714286
-0.32191646,-0.5714286
-0.32227272,-0.5714286
-0.3218182,-0.5714286
-0.3215438,-0.5714286
-0.3219472,-0.5714286
-0.32334766,-0.5714286
-0.32324326,-0.5714286
-0.3233538,-0.5714286
-0.32316136,-0.5714286
-0.32354215,-0.5714286
-0.32352987,-0.5714286
-0.3242506,-0.5714286
-0.3240049,-0.5714286
-0.3220639,-0.5714286
-0.32282555,-0.5714286
-0.32366505,-0.5714286
-0.32313883,-0.5714286
-0.32701474,-0.5714286
-0.33159298,-0.5714286
-0.33174443,-0.5714286
-0.3314619,-0.5714286
-0.3322113,-0.5714286
-0.33151516,-0.5714286
-0.33187345,-0.5714286
-0.33069614,-0.5714286
-0.33178133,-0.5714286
-0.332285,-0.5714286
-0.3324939,-0.5714286
-0.33310196,-0.5714286
-0.33322683,-0.5714286
-0.332588,-0.5714286
-0.33171993,-0.5714286
-0.3323342,-0.5714286
-0.33250615,-0.5714286
-0.33287472,-0.5714286
-0.33225635,-0.5714286
-0.3329546,-0.5714286
-0.33295247,-0.5714286
-0.33296072,-0.5714286
-0.33265764,-0.5714286
-0.33316955,-0.5714286
-0.33315724,-0.5714286
-0.3332474,-0.5714286
-0.33226046,-0.5714286
-0.33285013,-0.5714286
-0.3321048,-0.5714286
-0.3324079,-0.5714286
-0.3325676,-0.5714286
-0.33289927,-0.5714286
-0.3329402,-0.5714286
-0.33302826,-0.5714286
-0.33262286,-0.5714286
-0.3320311,-0.5714286
-0.3325737,-0.5714286
-0.33311632,-0.5714286
-0.33211917,-0.5714286
-0.33303848,-0.5714286
-0.33349302,-0.5714286
-0.33268225,-0.5714286
-0.33274364,-0.5714286
-0.33273342,-0.5714286
-0.33389845,-0.5714286
-0.3329607,-0.5714286
-0.3328706,-0.5714286
-0.33287877,-0.5714286
-0.33261672,-0.5714286
-0.33273137,-0.5714286
-0.3312408,-0.5714286
-0.33176905,-0.5714286
-0.33257988,-0.5714286
-0.3326781,-0.5714286
-0.33192876,-0.5714286
-0.33226046,-0.5714286
-0.33240172,-0.5714286
-0.3333108,-0.5714286
-0.3333108,-0.5714286
-0.33258393,-0.5714286
-0.33339885,-0.5714286
-0.33450857,-0.5714286
-0.3310811,-0.5714286
-0.33356264,-0.5714286
-0.33336607,-0.5714286
-0.3347666,-0.5714286
-0.33453315,-0.5714286
-0.3341114,-0.5714286
-0.33428746,-0.5714286
-0.3345004,-0.5714286
-0.33492014,-0.5714286
-0.3349017,-0.5714286
-0.3667158,-0.5714286
-0.47322273,-0.5714286
-0.4736036,-0.5714286
-0.4748853,-0.5714286
-0.4745823,-0.5714286
-0.47484642,-0.5714286
-0.4743366,-0.5714286
-0.47465602,-0.5714286
-0.47452906,-0.5714286
-0.4740336,-0.5714286
-0.47447175,-0.5714286
-0.473792,-0.5714286
-0.4737838,-0.5714286
-0.47479525,-0.5714286
-0.47487715,-0.5714286
-0.47504914,-0.5714286
-0.47466013,-0.5714286
-0.47450042,-0.5714286
-0.47457,-0.5714286
-0.47454545,-0.5714286
-0.47468466,-0.5714286
-0.4744472,-0.5714286
-0.47414622,-0.5714286
-0.47429156,-0.5714286
-0.4741441,-0.5714286
-0.474484,-0.5714286
-0.47419533,-0.5714286
-0.47445124,-0.5714286
-0.47345823,-0.5714286
-0.47404993,-0.5714286
-0.47413185,-0.5714286
-0.47371003,-0.5714286
-0.4745086,-0.5714286
-0.47443902,-0.5714286
-0.4740336,-0.5714286
-0.47456387,-0.5714286
-0.47442672,-0.5714286
-0.4741933,-0.5714286
-0.47350737,-0.5714286
-0.47319,-0.5714286
-0.47195742,-0.5714286
-0.47231779,-0.5714286
-0.4723956,-0.5714286
-0.47231367,-0.5714286
-0.47234643,-0.5714286
-0.47237918,-0.5714286
-0.47275186,-0.5714286
-0.47204342,-0.5714286
-0.47266996,-0.5714286
-0.47372234,-0.5714286
-0.47380835,-0.5714286
-0.474914,-0.5714286
-0.47466013,-0.5714286
-0.47494265,-0.5714286
-0.47469696,-0.5714286
-0.47468466,-0.5714286
-0.4745393,-0.5714286
-0.4744595,-0.5714286
-0.474267,-0.5714286
-0.47428748,-0.5714286
-0.4749263,-0.5714286
-0.47469696,-0.5714286
-0.4748096,-0.5714286
-0.47457817,-0.5714286
-0.47486484,-0.5714286
-0.47484642,-0.5714286
-0.47407863,-0.5714286
-0.47463965,-0.5714286
-0.47450042,-0.5714286
-0.47486895,-0.5714286
-0.47492632,-0.5714286
-0.47506145,-0.5714286
-0.475086,-0.5714286
-0.4749836,-0.5714286
-0.4752989,-0.5714286
-0.47539312,-0.5714286
-0.47513515,-0.5714286
-0.47208846,-0.5714286
-0.45817363,-0.5714286
-0.45192465,-0.5714286
-0.4535299,-0.5714286
-0.46100327,-0.5714286
-0.4623464,-0.5714286
-0.4618837,-0.5714286
-0.46264127,-0.5714286
-0.46130222,-0.5714286
-0.46375105,-0.5714286
-0.46477273,-0.5714286
-0.46532762,-0.5714286
-0.4653399,-0.5714286
-0.4644021,-0.5714286
-0.4650737,-0.5714286
-0.46496317,-0.5714286
-0.46541765,-0.5714286
-0.46516377,-0.5714286
-0.46532553,-0.5714286
-0.46496317,-0.5714286
-0.46465194,-0.5714286
-0.4641974,-0.5714286
-0.46497542,-0.5714286
-0.4643653,-0.5714286
-0.46470922,-0.5714286
-0.46482185,-0.5714286
-0.46515357,-0.5714286
-0.4643796,-0.5714286
-0.46448812,-0.5714286
-0.46430388,-0.5714286
-0.46353194,-0.5714286
-0.46373466,-0.5714286
-0.46405405,-0.5714286
-0.46466213,-0.5714286
-0.46536443,-0.5714286
-0.46551597,-0.5714286
-0.46470106,-0.5714286
-0.46469697,-0.5714286
-0.46499386,-0.5714286
-0.46570843,-0.5714286
-0.46593368,-0.5714286
-0.46570027,-0.5714286
-0.46425676,-0.5714286
-0.46471336,-0.5714286
-0.4646929,-0.5714286
-0.46517608,-0.5714286
-0.46486485,-0.5714286
-0.46524572,-0.5714286
-0.46472153,-0.5714286
-0.46490988,-0.5714286
-0.46448404,-0.5714286
-0.46382064,-0.5714286
-0.46482396,-0.5714286
-0.46568796,-0.5714286
-0.4654484,-0.5714286
-0.46491814,-0.5714286
-0.46497133,-0.5714286
-0.4657658,-0.5714286
-0.4644267,-0.5714286
-0.46456593,-0.5714286
-0.46627763,-0.5714286
-0.4650737,-0.5714286
-0.46516377,-0.5714286
-0.4654136,-0.5714286
-0.46528253,-0.5714286
-0.46437758,-0.5714286
-0.4645823,-0.5714286
-0.46431205,-0.5714286
-0.46427515,-0.5714286
-0.4654709,-0.5714286
-0.46455774,-0.5714286
-0.4654218,-0.5714286
-0.46616095,-0.5714286
-0.4659951,-0.5714286
-0.46537268,-0.5714286
-0.46613637,-0.5714286
-0.46620804,-0.5714286
-0.46629405,-0.5714286
-0.46628994,-0.5714286
-0.46652335,-0.5714286
-0.46578628,-0.5714286
-0.46560195,-0.5714286
-0.46572074,-0.5714286
-0.46559784,-0.5714286
-0.46533784,-0.5714286
-0.46568796,-0.5714286
-0.46585587,-0.5714286
-0.4654791,-0.5714286
-0.4654627,-0.5714286
-0.4654996,-0.5714286
-0.46636364,-0.5714286
-0.46601143,-0.5714286
-0.4662121,-0.5714286
-0.46667892,-0.5714286
-0.46618345,-0.5714286
-0.46654794,-0.5714286
-0.46659705,-0.5714286
-0.46657658,-0.5714286
-0.46683863,-0.5714286
-0.46553645,-0.5714286
-0.4658395,-0.5714286
-0.46586815,-0.5714286
-0.46600735,-0.5714286
-0.46556103,-0.5714286
-0.46593773,-0.5714286
-0.4654627,-0.5714286
-0.46603602,-0.5714286
-0.4655324,-0.5714286
-0.46521297,-0.5714286
-0.46624082,-0.5714286
-0.46657246,-0.5714286
-0.46692464,-0.5714286
-0.46707618,-0.5714286
-0.4670516,-0.5714286
-0.46669534,-0.5714286
-0.46686733,-0.5714286
-0.46672606,-0.5714286
-0.4669328,-0.5714286
-0.4656921,-0.5714286
-0.4656695,-0.5714286
-0.4660197,-0.5714286
-0.46579444,-0.5714286
-0.46500406,-0.5714286
-0.4657535,-0.5714286
-0.46571258,-0.5714286
-0.46567568,-0.5714286
-0.46576986,-0.5714286
-0.46569413,-0.5714286
-0.46627152,-0.5714286
-0.46633086,-0.5714286
-0.46565723,-0.5714286
-0.46593773,-0.5714286
-0.46599096,-0.5714286
-0.46611792,-0.5714286
-0.4658845,-0.5714286
-0.46600124,-0.5714286
-0.4664312,-0.5714286
-0.46528667,-0.5714286
-0.46556512,-0.5714286
-0.4655569,-0.5714286
-0.46704754,-0.5714286
-0.47317362,-0.5714286
-0.47454545,-0.5714286
-0.46510443,-0.5714286
-0.45710075,-0.5714286
-0.45603192,-0.5714286
-0.46472153,-0.5714286
-0.46531942,-0.5714286
-0.46512696,-0.5714286
-0.4651167,-0.5714286
-0.46538493,-0.5714286
-0.46507776,-0.5714286
-0.46517813,-0.5714286
-0.46418098,-0.5714286
-0.46404788,-0.5714286
-0.46386978,-0.5714286
-0.46353194,-0.5714286
-0.463923,-0.5714286
-0.46417075,-0.5714286
-0.46381453,-0.5714286
-0.46391892,-0.5714286
-0.46445534,-0.5714286
-0.46523342,-0.5714286
-0.46618757,-0.5714286
-0.46647424,-0.5714286
-0.46606064,-0.5714286
-0.46604422,-0.5714286
-0.4657535,-0.5714286
-0.46655405,-0.5714286
-0.46578214,-0.5714286
-0.4660688,-0.5714286
-0.4666462,-0.5714286
-0.46644145,-0.5714286
-0.46624082,-0.5714286
-0.466249,-0.5714286
-0.46587223,-0.5714286
-0.4661548,-0.5714286
-0.46640664,-0.5714286
-0.46653563,-0.5714286
-0.46610567,-0.5714286
-0.4670188,-0.5714286
-0.46658066,-0.5714286
-0.4667486,-0.5714286
-0.46702704,-0.5714286
-0.46742013,-0.5714286
-0.46631452,-0.5714286
-0.46685094,-0.5714286
-0.4670946,-0.5714286
-0.46699017,-0.5714286
-0.46710894,-0.5714286
-0.46649057,-0.5714286
-0.46705976,-0.5714286
-0.4669697,-0.5714286
-0.46703523,-0.5714286
-0.46704543,-0.5714286
-0.46692052,-0.5714286
-0.46701065,-0.5714286
-0.46627763,-0.5714286
-0.46581694,-0.5714286
-0.46652335,-0.5714286
-0.46627763,-0.5714286
-0.46593982,-0.5714286
-0.4662162,-0.5714286
-0.46684682,-0.5714286
-0.46549755,-0.5714286
-0.46613023,-0.5714286
-0.46641687,-0.5714286
-0.4661056,-0.5714286
-0.46626946,-0.5714286
-0.46511668,-0.5714286
-0.46421376,-0.5714286
-0.46445128,-0.5714286
-0.46458232,-0.5714286
-0.46415234,-0.5714286
-0.4636159,-0.5714286
-0.46412775,-0.5714286
-0.46350738,-0.5714286
-0.4627723,-0.5714286
-0.46294224,-0.5714286
-0.46389028,-0.5714286
-0.4659091,-0.5714286
-0.46517813,-0.5714286
-0.46633908,-0.5714286
-0.46498156,-0.5714286
-0.4659091,-0.5714286
-0.4658723,-0.5714286
-0.46554872,-0.5714286
-0.46587223,-0.5714286
-0.4658845,-0.5714286
-0.4658354,-0.5714286
-0.46620393,-0.5714286
-0.46615887,-0.5714286
-0.46579444,-0.5714286
-0.46114865,-0.5714286
-0.44996318,-0.5714286
-0.45087633,-0.5714286
-0.45629403,-0.5714286
-0.4580549,-0.5714286
-0.4538575,-0.5714286
-0.44984642,-0.5714286
-0.4526167,-0.5714286
-0.46100327,-0.5714286
-0.4640008,-0.5714286
-0.46504912,-0.5714286
-0.464828,-0.5714286
-0.46509007,-0.5714286
-0.46448404,-0.5714286
-0.46459872,-0.5714286
-0.4647297,-0.5714286
-0.46329853,-0.5714286
-0.46438575,-0.5714286
-0.464525,-0.5714286
-0.46395987,-0.5714286
-0.46468675,-0.5714286
-0.46454135,-0.5714286
-0.4644103,-0.5714286
-0.46492016,-0.5714286
-0.464656,-0.5714286
-0.46469903,-0.5714286
-0.46459457,-0.5714286
-0.46449018,-0.5714286
-0.46373463,-0.5714286
-0.46517608,-0.5714286
-0.46490172,-0.5714286
-0.46545455,-0.5714286
-0.4653358,-0.5714286
-0.46553442,-0.5714286
-0.46583125,-0.5714286
-0.46544638,-0.5714286
-0.46556103,-0.5714286
-0.46518427,-0.5714286
-0.46541765,-0.5714286
-0.46565112,-0.5714286
-0.4659398,-0.5714286
-0.46536446,-0.5714286
-0.46611387,-0.5714286
-0.4660811,-0.5714286
-0.4659132,-0.5714286
-0.4659951,-0.5714286
-0.46569413,-0.5714286
-0.4647666,-0.5714286
-0.46510237,-0.5714286
-0.46498773,-0.5714286
-0.4647789,-0.5714286
-0.46489763,-0.5714286
-0.4640991,-0.5714286
-0.46429157,-0.5714286
-0.4644758,-0.5714286
-0.46485665,-0.5714286
-0.46468675,-0.5714286
-0.4642056,-0.5714286
-0.46428746,-0.5714286
-0.46438575,-0.5714286
-0.4638575,-0.5714286
-0.464525,-0.5714286
-0.46462736,-0.5714286
-0.46463147,-0.5714286
-0.46433252,-0.5714286
-0.4646929,-0.5714286
-0.46425065,-0.5714286
-0.46521702,-0.5714286
-0.46581078,-0.5714286
-0.46543816,-0.5714286
-0.46550366,-0.5714286
-0.46543407,-0.5714286
-0.46557736,-0.5714286
-0.46548733,-0.5714286
-0.4656061,-0.5714286
-0.4652539,-0.5714286
-0.4645495,-0.5714286
-0.4650737,-0.5714286
-0.46511465,-0.5714286
-0.46432433,-0.5714286
-0.464914,-0.5714286
-0.4652293,-0.5714286
-0.46509418,-0.5714286
-0.46390048,-0.5714286
-0.4633415,-0.5714286
-0.4626904,-0.5714286
-0.46320638,-0.5714286
-0.4643059,-0.5714286
-0.46539718,-0.5714286
-0.465473,-0.5714286
-0.46512282,-0.5714286
-0.46513924,-0.5714286
-0.4650737,-0.5714286
-0.46529484,-0.5714286
-0.46489355,-0.5714286
-0.46464378,-0.5714286
-0.46537268,-0.5714286
-0.46569204,-0.5714286
-0.4652293,-0.5714286
-0.4656204,-0.5714286
-0.46543813,-0.5714286
-0.46591726,-0.5714286
-0.46425676,-0.5714286
-0.4659398,-0.5714286
-0.46480754,-0.5714286
-0.46528253,-0.5714286
-0.46486893,-0.5714286
-0.46513513,-0.5714286
-0.46441442,-0.5714286
-0.46402127,-0.5714286
-0.46339068,-0.5714286
-0.46275184,-0.5714286
-0.46285012,-0.5714286
-0.46281737,-0.5714286
-0.46289518,-0.5714286
-0.4629197,-0.5714286
-0.46364045,-0.5714286
-0.46332103,-0.5714286
-0.4641892,-0.5714286
-0.46467242,-0.5714286
-0.46592548,-0.5714286
-0.46578622,-0.5714286
-0.4665049,-0.5714286
-0.46545044,-0.5714286
-0.46600738,-0.5714286
-0.46617937,-0.5714286
-0.4663841,-0.5714286
-0.46602786,-0.5714286
-0.46610975,-0.5714286
-0.466249,-0.5714286
-0.4657289,-0.5714286
-0.4665807,-0.5714286
-0.46619162,-0.5714286
-0.465473,-0.5714286
-0.46578214,-0.5714286
-0.46626946,-0.5714286
-0.4649631,-0.5714286
-0.46622035,-0.5714286
-0.4665684,-0.5714286
-0.46651104,-0.5714286
-0.4667854,-0.5714286
-0.46703318,-0.5714286
-0.4667404,-0.5714286
-0.46628377,-0.5714286
-0.46666664,-0.5714286
-0.466638,-0.5714286
-0.46694106,-0.5714286
-0.46747547,-0.5714286
-0.46731365,-0.5714286
-0.4668346,-0.5714286
-0.46674445,-0.5714286
-0.46671987,-0.5714286
-0.46604422,-0.5714286
-0.46637592,-0.5714286
-0.46628377,-0.5714286
-0.46623668,-0.5714286
-0.46688572,-0.5714286
-0.466552,-0.5714286
-0.46691647,-0.5714286
-0.4668223,-0.5714286
-0.46714577,-0.5714286
-0.46622851,-0.5714286
-0.46588045,-0.5714286
-0.46651718,-0.5714286
-0.46659705,-0.5714286
-0.4670475,-0.5714286
-0.4670885,-0.5714286
-0.46694717,-0.5714286
-0.46690008,-0.5714286
-0.4669779,-0.5714286
-0.4668714,-0.5714286
-0.46600738,-0.5714286
-0.46703112,-0.5714286
-0.46715602,-0.5714286
-0.466812,-0.5714286
-0.4671622,-0.5714286
-0.46527025,-0.5714286
-0.4670393,-0.5714286
-0.46761674,-0.5714286
-0.46740377,-0.5714286
-0.46743655,-0.5714286
-0.46681204,-0.5714286
-0.4670946,-0.5714286
-0.46704343,-0.5714286
-0.47314903,-0.5714286
-0.4748608,-0.5714286
-0.4733866,-0.5714286
-0.4730897,-0.5714286
-0.4734439,-0.5714286
-0.47341117,-0.5714286
-0.4738411,-0.5714286
-0.4729034,-0.5714286
-0.47329238,-0.5714286
-0.47289926,-0.5714286
-0.4733231,-0.5714286
-0.47365275,-0.5714286
-0.47543612,-0.5714286
-0.4752539,-0.5714286
-0.47538492,-0.5714286
-0.47524568,-0.5714286
-0.47488126,-0.5714286
-0.47520885,-0.5714286
-0.47541767,-0.5714286
-0.4746028,-0.5714286
-0.47508603,-0.5714286
-0.4753399,-0.5714286
-0.4752498,-0.5714286
-0.47529486,-0.5714286
-0.47580263,-0.5714286
-0.47556922,-0.5714286
-0.47507778,-0.5714286
-0.47568184,-0.5714286
-0.47558153,-0.5714286
-0.4756757,-0.5714286
-0.47528255,-0.5714286
-0.47525796,-0.5714286
-0.47560197,-0.5714286
-0.4755528,-0.5714286
-0.47533166,-0.5714286
-0.47484437,-0.5714286
-0.47508597,-0.5714286
-0.47527027,-0.5714286
-0.4750164,-0.5714286
-0.47528666,-0.5714286
-0.4754095,-0.5714286
-0.475217,-0.5714286
-0.47543815,-0.5714286
-0.47554055,-0.5714286
-0.4755078,-0.5714286
-0.47475836,-0.5714286
-0.47483206,-0.5714286
-0.47417283,-0.5714286
-0.47232184,-0.5714286
-0.47417283,-0.5714286
-0.47447583,-0.5714286
-0.47464785,-0.5714286
-0.47462323,-0.5714286
-0.474095,-0.5714286
-0.47390664,-0.5714286
-0.47451273,-0.5714286
-0.47477478,-0.5714286
-0.47431204,-0.5714286
-0.47456595,-0.5714286
-0.47407863,-0.5714286
-0.47386158,-0.5714286
-0.47454137,-0.5714286
-0.47469696,-0.5714286
-0.47457817,-0.5714286
-0.47410318,-0.5714286
-0.474484,-0.5714286
-0.47348893,-0.5714286
-0.47493243,-0.5714286
-0.47462323,-0.5714286
-0.47497955,-0.5714286
-0.47505328,-0.5714286
-0.47486487,-0.5714286
-0.4750696,-0.5714286
-0.47504097,-0.5714286
-0.47475836,-0.5714286
-0.4746929,-0.5714286
-0.47486895,-0.5714286
-0.47498158,-0.5714286
-0.47480342,-0.5714286
-0.47472563,-0.5714286
-0.47504097,-0.5714286
-0.47462532,-0.5714286
-0.47490585,-0.5714286
-0.47472155,-0.5714286
-0.4746028,-0.5714286
-0.47388205,-0.5714286
-0.47445333,-0.5714286
-0.47468466,-0.5714286
-0.47461304,-0.5714286
-0.47454545,-0.5714286
-0.47472563,-0.5714286
-0.47479117,-0.5714286
-0.473923,-0.5714286
-0.47440213,-0.5714286
-0.47203526,-0.5714286
-0.47420147,-0.5714286
-0.47459868,-0.5714286
-0.4742629,-0.5714286
-0.4745823,-0.5714286
-0.47461915,-0.5714286
-0.4746806,-0.5714286
-0.47472155,-0.5714286
-0.47443488,-0.5714286
-0.47479114,-0.5714286
-0.47472358,-0.5714286
-0.47490582,-0.5714286
-0.4743366,-0.5714286
-0.47497544,-0.5714286
-0.47478503,-0.5714286
-0.4748976,-0.5714286
-0.4747871,-0.5714286
-0.47432435,-0.5714286
-0.47477478,-0.5714286
-0.4745332,-0.5714286
-0.47391072,-0.5714286
-0.4740172,-0.5714286
-0.47305897,-0.5714286
-0.47334564,-0.5714286
-0.47348893,-0.5714286
-0.47362,-0.5714286
-0.4735463,-0.5714286
-0.47302207,-0.5714286
-0.47314087,-0.5714286
-0.47302207,-0.5714286
-0.47363022,-0.5714286
-0.47417688,-0.5714286
-0.47590297,-0.5714286
-0.47563475,-0.5714286
-0.47548732,-0.5714286
-0.47546688,-0.5714286
-0.47504503,-0.5714286
-0.47552827,-0.5714286
-0.4753604,-0.5714286
-0.47511873,-0.5714286
-0.4754095,-0.5714286
-0.47541767,-0.5714286
-0.4756265,-0.5714286
-0.47517195,-0.5714286
-0.47606882,-0.5714286
-0.47595415,-0.5714286
-0.47535214,-0.5714286
-0.4754095,-0.5714286
-0.47502866,-0.5714286
-0.47545862,-0.5714286
-0.47542182,-0.5714286
-0.47587633,-0.5714286
-0.47574526,-0.5714286
-0.47571662,-0.5714286
-0.47579852,-0.5714286
-0.47533783,-0.5714286
-0.47512284,-0.5714286
-0.4758968,-0.5714286
-0.47572893,-0.5714286
-0.47382477,-0.5714286
0.04549136,-0.5714286
-0.29632676,-0.5714286
-0.2936077,-0.5714286
-0.298837,-0.5714286
-0.30014738,-0.5714286
-0.29922602,-0.5714286
-0.29797912,-0.5714286
-0.29692054,-0.5714286
-0.29835787,-0.5714286
-0.2990971,-0.5714286
-0.29940215,-0.5714286
-0.29914415,-0.5714286
-0.29970515,-0.5714286
-0.3007207,-0.5714286
-0.30253688,-0.5714286
-0.30270678,-0.5714286
-0.30511054,-0.5714286
-0.30689192,-0.5714286
-0.3064046,-0.5714286
-0.30626535,-0.5714286
-0.30655405,-0.5714286
-0.30880836,-0.5714286
-0.3080672,-0.5714286
-0.30977887,-0.5714286
-0.31052828,-0.5714286
-0.3104013,-0.5714286
-0.31074527,-0.5714286
-0.31384113,-0.5714286
-0.31451678,-0.5714286
-0.31501842,-0.5714286
-0.3149099,-0.5714286
-0.31426698,-0.5714286
-0.3154791,-0.5714286
-0.31608108,-0.5714286
-0.31594592,-0.5714286
-0.31691647,-0.5714286
-0.317371,-0.5714286
-0.31726044,-0.5714286
-0.31634316,-0.5714286
-0.31751025,-0.5714286
-0.3179177,-0.5714286
-0.31841522,-0.5714286
-0.3170352,-0.5714286
-0.31662163,-0.5714286
-0.3177846,-0.5714286
-0.31840703,-0.5714286
-0.31930384,-0.5714286
-0.31922603,-0.5714286
-0.3192179,-0.5714286
-0.31947172,-0.5714286
-0.31970516,-0.5714286
-0.3200082,-0.5714286
-0.31947178,-0.5714286
-0.31970108,-0.5714286
-0.31990787,-0.5714286
-0.31970924,-0.5714286
-0.31817362,-0.5714286
-0.31693694,-0.5714286
-0.31807536,-0.5714286
-0.31792384,-0.5714286
-0.31709665,-0.5714286
-0.31766996,-0.5714286
-0.31717035,-0.5714286
-0.31758803,-0.5714286
-0.31772113,-0.5714286
-0.31790337,-0.5714286
-0.3191646,-0.5714286
-0.31998158,-0.5714286
-0.32023752,-0.5714286
-0.31973588,-0.5714286
-0.31961098,-0.5714286
-0.32070637,-0.5714286
-0.32019043,-0.5714286
-0.32121623,-0.5714286
-0.3210319,-0.5714286
-0.32155612,-0.5714286
-0.32176906,-0.5714286
-0.3211589,-0.5714286
-0.3201638,-0.5714286
-0.32020065,-0.5714286
-0.32049754,-0.5714286
-0.3208968,-0.5714286
-0.3208538,-0.5714286
-0.32042995,-0.5714286
-0.32176903,-0.5714286
-0.32141685,-0.5714286
-0.32179362,-0.5714286
-0.32192874,-0.5714286
-0.32175675,-0.5714286
-0.3219738,-0.5714286
-0.32162777,-0.5714286
-0.3210872,-0.5714286
-0.3213923,-0.5714286
-0.32237917,-0.5714286
-0.32181817,-0.5714286
-0.32211304,-0.5714286
-0.3220434,-0.5714286
-0.322113,-0.5714286
-0.32125306,-0.5714286
-0.3205569,-0.5714286
-0.31984848,-0.5714286
-0.32136366,-0.5714286
-0.3206306,-0.5714286
-0.322457,-0.5714286
-0.3218346,-0.5714286
-0.32245293,-0.5714286
-0.32291156,-0.5714286
-0.32251844,-0.5714286
-0.32271498,-0.5714286
-0.3229279,-0.5714286
-0.32293612,-0.5714286
-0.32285625,-0.5714286
-0.3231634,-0.5714286
-0.3228583,-0.5714286
-0.3231081,-0.5714286
-0.32301804,-0.5714286
-0.32328418,-0.5714286
-0.32273546,-0.5714286
-0.32181,-0.5714286
-0.32258397,-0.5714286
-0.32217035,-0.5714286
-0.32250616,-0.5714286
-0.32305896,-0.5714286
-0.3227273,-0.5714286
-0.32290542,-0.5714286
-0.32168305,-0.5714286
-0.32211304,-0.5714286
-0.3221253,-0.5714286
-0.32248157,-0.5714286
-0.32160932,-0.5714286
-0.3226126,-0.5714286
-0.32191646,-0.5714286
-0.32578215,-0.5714286
-0.33127356,-0.5714286
-0.32992628,-0.5714286
-0.3309746,-0.5714286
-0.33191645,-0.5714286
-0.33201474,-0.5714286
-0.33250615,-0.5714286
-0.33089274,-0.5714286
-0.33019042,-0.5714286
-0.3313145,-0.5714286
-0.33128992,-0.5714286
-0.33036447,-0.5714286
-0.32984027,-0.5714286
-0.33159092,-0.5714286
-0.33144963,-0.5714286
-0.33110568,-0.5714286
-0.33068794,-0.5714286
-0.33157247,-0.5714286
-0.3309378,-0.5714286
-0.33113638,-0.5714286
-0.33006966,-0.5714286
-0.33053643,-0.5714286
-0.33093366,-0.5714286
-0.33083132,-0.5714286
-0.3301679,-0.5714286
-0.330086,-0.5714286
-0.33037266,-0.5714286
-0.33018833,-0.5714286
-0.3310811,-0.5714286
-0.3314742,-0.5714286
-0.33129808,-0.5714286
-0.33173627,-0.5714286
-0.33282965,-0.5714286
-0.33277643,-0.5714286
-0.33209258,-0.5714286
-0.33269042,-0.5714286
-0.33214986,-0.5714286
-0.33236283,-0.5714286
-0.3329689,-0.5714286
-0.33302617,-0.5714286
-0.33325142,-0.5714286
-0.3324816,-0.5714286
-0.3319124,-0.5714286
-0.33311632,-0.5714286
-0.3333456,-0.5714286
-0.33351353,-0.5714286
-0.3315684,-0.5714286
-0.33299342,-0.5714286
-0.33281735,-0.5714286
-0.3326781,-0.5714286
-0.33224818,-0.5714286
-0.33283782,-0.5714286
-0.33307943,-0.5714286
-0.33291566,-0.5714286
-0.33289108,-0.5714286
-0.33206385,-0.5714286
-0.33307126,-0.5714286
-0.33281323,-0.5714286
-0.33352166,-0.5714286
-0.33361793,-0.5714286
-0.33362815,-0.5714286
-0.333665,-0.5714286
-0.33274364,-0.5714286
-0.33322683,-0.5714286
-0.3337838,-0.5714286
-0.3329607,-0.5714286
-0.33299753,-0.5714286
-0.33267406,-0.5714286
-0.3329402,-0.5714286
-0.3340131,-0.5714286
-0.33373055,-0.5714286
-0.33331695,-0.5714286
-0.33298525,-0.5714286
-0.3344103,-0.5714286
-0.33297294,-0.5714286
-0.33291972,-0.5714286
-0.33235875,-0.5714286
-0.33355856,-0.5714286
-0.3335504,-0.5714286
-0.33363637,-0.5714286
-0.33247343,-0.5714286
-0.33315724,-0.5714286
-0.33337837,-0.5714286
-0.33423218,-0.5714286
-0.33373874,-0.5714286
-0.33337426,-0.5714286
-0.33313265,-0.5714286
-0.33365273,-0.5714286
-0.33391893,-0.5714286
-0.33376333,-0.5714286
-0.3331204,-0.5714286
-0.33344594,-0.5714286
-0.33402953,-0.5714286
-0.33337837,-0.5714286
-0.33354625,-0.5714286
-0.3335545,-0.5714286
-0.41085994,-0.5714286
-0.47454545,-0.5714286
-0.47470513,-0.5714286
-0.47460687,-0.5714286
-0.47500613,-0.5714286
-0.4729525,-0.5714286
-0.47479525,-0.5714286
-0.47347665,-0.5714286
-0.4744144,-0.5714286
-0.4739967,-0.5714286
-0.4745332,-0.5714286
-0.47490174,-0.5714286
-0.4753194,-0.5714286
-0.47553438,-0.5714286
-0.47534397,-0.5714286
-0.4756675,-0.5714286
-0.47570026,-0.5714286
-0.47528255,-0.5714286
-0.47548524,-0.5714286
-0.4752539,-0.5714286
-0.4754832,-0.5714286
-0.47537673,-0.5714286
-0.47538084,-0.5714286
-0.4754054,-0.5714286
-0.47556922,-0.5714286
-0.47538698,-0.5714286
-0.47576168,-0.5714286
-0.47454545,-0.5714286
-0.4754238,-0.5714286
-0.47542182,-0.5714286
-0.47563475,-0.5714286
-0.47520885,-0.5714286
-0.47457817,-0.5714286
-0.47525796,-0.5714286
-0.47549957,-0.5714286
-0.47552416,-0.5714286
-0.47486895,-0.5714286
-0.4751597,-0.5714286
-0.47500002,-0.5714286
-0.473534,-0.5714286
-0.47338244,-0.5714286
-0.47336197,-0.5714286
-0.47359338,-0.5714286
-0.4735012,-0.5714286
-0.47327194,-0.5714286
-0.47323504,-0.5714286
-0.47211713,-0.5714286
-0.47296068,-0.5714286
-0.47342137,-0.5714286
-0.47446352,-0.5714286
-0.47449222,-0.5714286
-0.47512698,-0.5714286
-0.475086,-0.5714286
-0.47468466,-0.5714286
-0.47510648,-0.5714286
-0.4745577,-0.5714286
-0.47506553,-0.5714286
-0.47346845,-0.5714286
-0.45939806,-0.5714286
-0.45469698,-0.5714286
-0.45323506,-0.5714286
-0.46493036,-0.5714286
-0.46581897,-0.5714286
-0.4659828,-0.5714286
-0.4659132,-0.5714286
-0.46468675,-0.5714286
-0.4656798,-0.5714286
-0.4654955,-0.5714286
-0.46585998,-0.5714286
-0.4658845,-0.5714286
-0.4659951,-0.5714286
-0.46576986,-0.5714286
-0.46523342,-0.5714286
-0.46593368,-0.5714286
-0.46573302,-0.5714286
-0.4659091,-0.5714286
-0.4661548,-0.5714286
-0.46652335,-0.5714286
-0.46619985,-0.5714286
-0.46685505,-0.5714286
-0.4661548,-0.5714286
-0.46581078,-0.5714286
-0.46594185,-0.5714286
-0.46592543,-0.5714286
-0.46431816,-0.5714286
-0.4662326,-0.5714286
-0.46645373,-0.5714286
-0.46625715,-0.5714286
-0.46637592,-0.5714286
-0.4660135,-0.5714286
-0.46459457,-0.5714286
-0.46449628,-0.5714286
-0.46437347,-0.5714286
-0.46414006,-0.5714286
-0.4638534,-0.5714286
-0.46587223,-0.5714286
-0.4661384,-0.5714286
-0.46661752,-0.5714286
-0.4663718,-0.5714286
-0.46562657,-0.5714286
-0.4654218,-0.5714286
-0.46555898,-0.5714286
-0.4659091,-0.5714286
-0.46514744,-0.5714286
-0.46605036,-0.5714286
-0.46643734,-0.5714286
-0.4668591,-0.5714286
-0.46653968,-0.5714286
-0.46634728,-0.5714286
-0.46650696,-0.5714286
-0.46646807,-0.5714286
-0.46633086,-0.5714286
-0.46578628,-0.5714286
-0.46572074,-0.5714286
-0.46550366,-0.5714286
-0.46453318,-0.5714286
-0.46429977,-0.5714286
-0.46421376,-0.5714286
-0.4638329,-0.5714286
-0.46325552,-0.5714286
-0.46351764,-0.5714286
-0.46384522,-0.5714286
-0.46335378,-0.5714286
-0.46387798,-0.5714286
-0.46485665,-0.5714286
-0.46622851,-0.5714286
-0.46638823,-0.5714286
-0.46651515,-0.5714286
-0.46651104,-0.5714286
-0.46674445,-0.5714286
-0.46702704,-0.5714286
-0.46653563,-0.5714286
-0.46658888,-0.5714286
-0.46653968,-0.5714286
-0.4666298,-0.5714286
-0.46611792,-0.5714286
-0.46628994,-0.5714286
-0.46669534,-0.5714286
-0.46640664,-0.5714286
-0.46584767,-0.5714286
-0.4660565,-0.5714286
-0.46387386,-0.5714286
-0.46628377,-0.5714286
-0.4666298,-0.5714286
-0.4664701,-0.5714286
-0.46678135,-0.5714286
-0.4665561,-0.5714286
-0.4670393,-0.5714286
-0.46686324,-0.5714286
-0.46674445,-0.5714286
-0.46669123,-0.5714286
-0.46638823,-0.5714286
-0.46681818,-0.5714286
-0.46710074,-0.5714286
-0.46634728,-0.5714286
-0.46664006,-0.5714286
-0.4661671,-0.5714286
-0.46581492,-0.5714286
-0.46581078,-0.5714286
-0.46572074,-0.5714286
-0.46438986,-0.5714286
-0.46626946,-0.5714286
-0.46598893,-0.5714286
-0.4658026,-0.5714286
-0.4655733,-0.5714286
-0.4660647,-0.5714286
-0.46604016,-0.5714286
-0.46613637,-0.5714286
-0.46627763,-0.5714286
-0.46611792,-0.5714286
-0.4661425,-0.5714286
-0.46626532,-0.5714286
-0.46656018,-0.5714286
-0.46632677,-0.5714286
-0.46626127,-0.5714286
-0.46590498,-0.5714286
-0.46579853,-0.5714286
-0.46593368,-0.5714286
-0.46574938,-0.5714286
-0.46479115,-0.5714286
-0.46552008,-0.5714286
-0.46568385,-0.5714286
-0.4658026,-0.5714286
-0.4658845,-0.5714286
-0.46628994,-0.5714286
-0.46640456,-0.5714286
-0.46656024,-0.5714286
-0.46648648,-0.5714286
-0.46636775,-0.5714286
-0.4659951,-0.5714286
-0.46622851,-0.5714286
-0.46658474,-0.5714286
-0.4731695,-0.5714286
-0.47416872,-0.5714286
-0.47447175,-0.5714286
-0.47490174,-0.5714286
-0.47483417,-0.5714286
-0.4751597,-0.5714286
-0.47442672,-0.5714286
-0.47469288,-0.5714286
-0.47478294,-0.5714286
-0.474871,-0.5714286
-0.4747113,-0.5714286
-0.47486484,-0.5714286
-0.47454542,-0.5714286
-0.47463143,-0.5714286
-0.4746765,-0.5714286
-0.47462323,-0.5714286
-0.4741933,-0.5714286
-0.47485262,-0.5714286
-0.47506145,-0.5714286
-0.474914,-0.5714286
-0.47495085,-0.5714286
-0.47544226,-0.5714286
-0.47546068,-0.5714286
-0.47530717,-0.5714286
-0.47520474,-0.5714286
-0.4749263,-0.5714286
-0.47468877,-0.5714286
-0.47509214,-0.5714286
-0.47507983,-0.5714286
-0.47535628,-0.5714286
-0.47538492,-0.5714286
-0.47503686,-0.5714286
-0.4751679,-0.5714286
-0.4750164,-0.5714286
-0.475086,-0.5714286
-0.47470108,-0.5714286
-0.4750573,-0.5714286
-0.47542998,-0.5714286
-0.47502455,-0.5714286
-0.47497952,-0.5714286
-0.4749099,-0.5714286
-0.4751802,-0.5714286
-0.47471744,-0.5714286
-0.47513103,-0.5714286
-0.47443077,-0.5714286
-0.47461507,-0.5714286
-0.47479936,-0.5714286
-0.47467244,-0.5714286
-0.47462738,-0.5714286
-0.47480756,-0.5714286
-0.47470924,-0.5714286
-0.4749345,-0.5714286
-0.47498775,-0.5714286
-0.47513103,-0.5714286
-0.47450447,-0.5714286
-0.47405815,-0.5714286
-0.4720516,-0.5714286
-0.47164616,-0.5714286
-0.4729771,-0.5714286
-0.4728911,-0.5714286
-0.47291157,-0.5714286
-0.47280508,-0.5714286
-0.4729525,-0.5714286
-0.4717936,-0.5714286
-0.4721867,-0.5714286
-0.47339067,-0.5714286
-0.47523955,-0.5714286
-0.47507372,-0.5714286
-0.47533166,-0.5714286
-0.4750655,-0.5714286
-0.4751433,-0.5714286
-0.4752539,-0.5714286
-0.4751024,-0.5714286
-0.47384518,-0.5714286
-0.47446352,-0.5714286
-0.47488943,-0.5714286
-0.47477067,-0.5714286
-0.47474203,-0.5714286
-0.47471744,-0.5714286
-0.4750307,-0.5714286
-0.47479936,-0.5714286
-0.47486487,-0.5714286
-0.47482803,-0.5714286
-0.47426903,-0.5714286
-0.47489357,-0.5714286
-0.4746192,-0.5714286
-0.47435707,-0.5714286
-0.4745577,-0.5714286
-0.47465602,-0.5714286
-0.47416463,-0.5714286
-0.47453725,-0.5714286
-0.47429565,-0.5714286
-0.47396192,-0.5714286
-0.4737961,-0.5714286
-0.47424653,-0.5714286
-0.4744963,-0.5714286
-0.47398445,-0.5714286
-0.47436732,-0.5714286
-0.47443902,-0.5714286
-0.4742301,-0.5714286
-0.4744963,-0.5714286
-0.47377154,-0.5714286
-0.47356674,-0.5714286
-0.4738145,-0.5714286
-0.47445124,-0.5714286
-0.47425058,-0.5714286
-0.4746192,-0.5714286
-0.4746376,-0.5714286
-0.4744595,-0.5714286
-0.4746437,-0.5714286
-0.47451273,-0.5714286
-0.47350737,-0.5714286
-0.4740172,-0.5714286
-0.473231,-0.5714286
-0.4730958,-0.5714286
-0.4730139,-0.5714286
-0.47255525,-0.5714286
-0.4726249,-0.5714286
-0.4727334,-0.5714286
-0.47289515,-0.5714286
-0.47260854,-0.5714286
-0.47246933,-0.5714286
-0.47311223,-0.5714286
-0.4747584,-0.5714286
-0.4745086,-0.5714286
-0.47452906,-0.5714286
-0.47428748,-0.5714286
-0.47480342,-0.5714286
-0.47493854,-0.5714286
-0.47451273,-0.5714286
-0.47390664,-0.5714286
-0.47429973,-0.5714286
-0.47477272,-0.5714286
-0.47457615,-0.5714286
-0.47471747,-0.5714286
-0.47469288,-0.5714286
-0.474914,-0.5714286
-0.47455367,-0.5714286
-0.47457,-0.5714286
-0.4744144,-0.5714286
-0.47489557,-0.5714286
-0.47445127,-0.5714286
-0.47497132,-0.5714286
-0.47482803,-0.5714286
-0.4751024,-0.5714286
-0.47470924,-0.5714286
-0.47468877,-0.5714286
-0.4747871,-0.5714286
-0.47476658,-0.5714286
-0.47408682,-0.5714286
-0.47277644,-0.5714286
-0.46030712,-0.5714286
-0.453018,-0.5714286
-0.4521048,-0.5714286
-0.4645086,-0.5714286
-0.46481165,-0.5714286
-0.46509832,-0.5714286
-0.465086,-0.5714286
-0.4650123,-0.5714286
-0.464095,-0.5714286
-0.464914,-0.5714286
-0.4633231,-0.5714286
-0.46337837,-0.5714286
-0.46375307,-0.5714286
-0.46444717,-0.5714286
-0.4651679,-0.5714286
-0.46502048,-0.5714286
-0.46502048,-0.5714286
-0.46436933,-0.5714286
-0.46520475,-0.5714286
-0.46528253,-0.5714286
-0.46472153,-0.5714286
-0.4655733,-0.5714286
-0.46496725,-0.5714286
-0.46457824,-0.5714286
-0.46475017,-0.5714286
-0.46501228,-0.5714286
-0.46438164,-0.5714286
-0.46486485,-0.5714286
-0.46479523,-0.5714286
-0.4658927,-0.5714286
-0.4658395,-0.5714286
-0.46571252,-0.5714286
-0.4657985,-0.5714286
-0.46562657,-0.5714286
-0.46600738,-0.5714286
-0.46578628,-0.5714286
-0.4647666,-0.5714286
-0.46575552,-0.5714286
-0.46590295,-0.5714286
-0.4658354,-0.5714286
-0.46611792,-0.5714286
-0.46551597,-0.5714286
-0.46513924,-0.5714286
-0.4653747,-0.5714286
-0.46532348,-0.5714286
-0.46535218,-0.5714286
-0.46502864,-0.5714286
-0.46511465,-0.5714286
-0.46626532,-0.5714286
-0.46627358,-0.5714286
-0.46599096,-0.5714286
-0.4657617,-0.5714286
-0.46607697,-0.5714286
-0.4660688,-0.5714286
-0.46640456,-0.5714286
-0.46591523,-0.5714286
-0.46487308,-0.5714286
-0.4658026,-0.5714286
-0.46584767,-0.5714286
-0.46611792,-0.5714286
-0.4650737,-0.5714286
-0.4647973,-0.5714286
-0.465,-0.5714286
-0.46510237,-0.5714286
-0.46404788,-0.5714286
-0.46441647,-0.5714286
-0.464656,-0.5714286
-0.46573707,-0.5714286
-0.46517202,-0.5714286
-0.4656061,-0.5714286
-0.4656388,-0.5714286
-0.46533784,-0.5714286
-0.46529073,-0.5714286
-0.46542996,-0.5714286
-0.46515152,-0.5714286
-0.46465194,-0.5714286
-0.4655692,-0.5714286
-0.4652416,-0.5714286
-0.46504095,-0.5714286
-0.4648894,-0.5714286
-0.46517608,-0.5714286
-0.4645086,-0.5714286
-0.46497953,-0.5714286
-0.46427515,-0.5714286
-0.46447176,-0.5714286
-0.46476248,-0.5714286
-0.46511054,-0.5714286
-0.46568796,-0.5714286
-0.4659275,-0.5714286
-0.4659132,-0.5714286
-0.46635956,-0.5714286
-0.46571252,-0.5714286
-0.46558967,-0.5714286
-0.46579033,-0.5714286
-0.46549755,-0.5714286
-0.46574122,-0.5714286
-0.46600327,-0.5714286
-0.4657166,-0.5714286
-0.4654136,-0.5714286
-0.46513104,-0.5714286
-0.46532553,-0.5714286
-0.465389,-0.5714286
-0.4648485,-0.5714286
-0.46498773,-0.5714286
-0.46502456,-0.5714286
-0.46598893,-0.5714286
-0.46598893,-0.5714286
-0.46610975,-0.5714286
-0.46556512,-0.5714286
-0.46593773,-0.5714286
-0.4657535,-0.5714286
-0.4659275,-0.5714286
-0.46613434,-0.5714286
-0.46487308,-0.5714286
-0.46400493,-0.5714286
-0.4642424,-0.5714286
-0.46377766,-0.5714286
-0.46367735,-0.5714286
-0.4630774,-0.5714286
-0.46328825,-0.5714286
-0.46321866,-0.5714286
-0.46315727,-0.5714286
-0.46314496,-0.5714286
-0.4640622,-0.5714286
-0.46539927,-0.5714286
-0.46577397,-0.5714286
-0.4656061,-0.5714286
-0.4655569,-0.5714286
-0.46575755,-0.5714286
-0.46575552,-0.5714286
-0.46552825,-0.5714286
-0.46548733,-0.5714286
-0.46471748,-0.5714286
-0.4648034,-0.5714286
-0.46467647,-0.5714286
-0.46665847,-0.5714286
-0.473751,-0.5714286
-0.47361585,-0.5714286
-0.473792,-0.5714286
-0.47375512,-0.5714286
-0.47233826,-0.5714286
-0.47422606,-0.5714286
-0.46626538,-0.5714286
-0.45562655,-0.5714286
-0.45929974,-0.5714286
-0.46557742,-0.5714286
-0.46556512,-0.5714286
-0.46542996,-0.5714286
-0.46476045,-0.5714286
-0.465086,-0.5714286
-0.46439192,-0.5714286
-0.4640377,-0.5714286
-0.4630262,-0.5714286
-0.46324322,-0.5714286
-0.46231368,-0.5714286
-0.46310806,-0.5714286
-0.46321866,-0.5714286
-0.46327397,-0.5714286
-0.46339068,-0.5714286
-0.46215603,-0.5714286
-0.46252254,-0.5714286
-0.4626863,-0.5714286
-0.4646683,-0.5714286
-0.46476248,-0.5714286
-0.465,-0.5714286
-0.46528667,-0.5714286
-0.46504912,-0.5714286
-0.46538085,-0.5714286
-0.465215,-0.5714286
-0.4651433,-0.5714286
-0.46493447,-0.5714286
-0.46551597,-0.5714286
-0.46543407,-0.5714286
-0.4651679,-0.5714286
-0.4654955,-0.5714286
-0.46525797,-0.5714286
-0.46543813,-0.5714286
-0.46547502,-0.5714286
-0.4640172,-0.5714286
-0.4655467,-0.5714286
-0.46495494,-0.5714286
-0.46610156,-0.5714286
-0.46600327,-0.5714286
-0.46581694,-0.5714286
-0.46578622,-0.5714286
-0.46584153,-0.5714286
-0.46600327,-0.5714286
-0.46599096,-0.5714286
-0.46584767,-0.5714286
-0.46620393,-0.5714286
-0.46584153,-0.5714286
-0.46574938,-0.5714286
-0.46563062,-0.5714286
-0.46466213,-0.5714286
-0.464828,-0.5714286
-0.46503687,-0.5714286
-0.4656695,-0.5714286
-0.4647707,-0.5714286
-0.46539718,-0.5714286
-0.4649918,-0.5714286
-0.4649386,-0.5714286
-0.4651556,-0.5714286
-0.46521702,-0.5714286
-0.46547502,-0.5714286
-0.46588045,-0.5714286
-0.46563882,-0.5714286
-0.4653645,-0.5714286
-0.46557736,-0.5714286
-0.465131,-0.5714286
-0.4651556,-0.5714286
-0.46531942,-0.5714286
-0.46563885,-0.5714286
-0.46565112,-0.5714286
-0.46576783,-0.5714286
-0.46548733,-0.5714286
-0.46571258,-0.5714286
-0.46556512,-0.5714286
-0.46594596,-0.5714286
-0.46581694,-0.5714286
-0.4660934,-0.5714286
-0.46573707,-0.5714286
-0.4654136,-0.5714286
-0.4656695,-0.5714286
-0.4653153,-0.5714286
-0.46605036,-0.5714286
-0.46586815,-0.5714286
-0.46584767,-0.5714286
-0.465819,-0.5714286
-0.46546686,-0.5714286
-0.46588862,-0.5714286
-0.46585587,-0.5714286
-0.46556512,-0.5714286
-0.46119165,-0.5714286
-0.4498833,-0.5714286
-0.4500123,-0.5714286
-0.45606062,-0.5714286
-0.45640665,-0.5714286
-0.4498321,-0.5714286
-0.45006138,-0.5714286
-0.45397627,-0.5714286
-0.46334973,-0.5714286
-0.464742,-0.5714286
-0.4649386,-0.5714286
-0.46514744,-0.5714286
-0.465215,-0.5714286
-0.46450454,-0.5714286
-0.46546686,-0.5714286
-0.46512282,-0.5714286
-0.46422604,-0.5714286
-0.46485665,-0.5714286
-0.46466213,-0.5714286
-0.4653153,-0.5714286
-0.4656798,-0.5714286
-0.46563882,-0.5714286
-0.46409094,-0.5714286
-0.46553645,-0.5714286
-0.4657453,-0.5714286
-0.4655815,-0.5714286
-0.4656429,-0.5714286
-0.4648649,-0.5714286
-0.46581492,-0.5714286
-0.46560195,-0.5714286
-0.46619162,-0.5714286
-0.46633086,-0.5714286
-0.46608514,-0.5714286
-0.32396397,-0.5714286
-0.29096434,-0.5714286
-0.30824324,-0.5714286
-0.30924246,-0.5714286
-0.3088882,-0.5714286
-0.30980346,-0.5714286
-0.31020272,-0.5714286
-0.31024158,-0.5714286
-0.3107944,-0.5714286
-0.31144145,-0.5714286
-0.3117281,-0.5714286
-0.3117035,-0.5714286
-0.078771494,-0.5714286
0.111826375,-0.5714286
0.22606064,-0.5714286
0.21468058,-0.5714286
0.19836193,-0.5714286
0.1894676,-0.5714286
0.18533783,-0.5714286
0.18569414,-0.5714286
0.18256342,-0.5714286
0.1810647,-0.5714286
0.18047915,-0.5714286
0.19211303,-0.5714286
0.19072482,-0.5714286
-0.29031533,-0.5714286
-0.29735875,-0.5714286
-0.297801,-0.5714286
-0.29814497,-0.5714286
-0.13909504,-0.5714286
-0.1384521,-0.5714286
-0.13561018,-0.5714286
1.239742,-0.5714286
1.3512285,-0.5714286
0.78485256,-0.5714286
0.7400042,-0.5714286
0.7453256,-0.5714286
0.7434112,-0.5714286
0.74108106,-0.5714286
0.7361548,-0.5714286
0.7376904,-0.5714286
0.7396806,-0.5714286
0.7334235,-0.5714286
0.73312026,-0.5714286
0.73220307,-0.5714286
0.7293898,-0.5714286
0.7285258,-0.5714286
0.728665,-0.5714286
0.7242097,-0.5714286
0.7192752,-0.5714286
0.7166012,-0.5714286
0.71507365,-0.5714286
0.71102375,-0.5714286
0.7148976,-0.5714286
0.7119574,-0.5714286
0.71500003,-0.5714286
0.7126207,-0.5714286
0.71322477,-0.5714286
0.70808756,-0.5714286
0.71014345,-0.5714286
0.7066523,-0.5714286
0.7064188,-0.5714286
0.7034275,-0.5714286
0.70029896,-0.5714286
0.6983293,-0.5714286
0.69966817,-0.5714286
0.6959992,-0.5714286
0.6984439,-0.5714286
0.6918017,-0.5714286
0.6956798,-0.5714286
0.6905405,-0.5714286
0.69278455,-0.5714286
0.6922891,-0.5714286
0.69356275,-0.5714286
0.6928993,-0.5714286
0.68911135,-0.5714286
0.6939189,-0.5714286
0.69095814,-0.5714286
0.6920208,-0.5714286
0.6886364,-0.5714286
0.6902253,-0.5714286
0.6857126,-0.5714286
0.6871498,-0.5714286
0.6884725,-0.5714286
0.68331075,-0.5714286
0.67837214,-0.5714286
0.67664623,-0.5714286
0.6795659,-0.5714286
0.6840336,-0.5714286
0.6848116,-0.5714286
0.6828174,-0.5714286
0.68228096,-0.5714286
0.67585385,-0.5714286
0.6824753,-0.5714286
0.6799262,-0.5714286
0.6808067,-0.5714286
0.67794836,-0.5714286
0.6797604,-0.5714286
0.6746684,-0.5714286
0.6783497,-0.5714286
0.6774569,-0.5714286
0.67641276,-0.5714286
0.6790746,-0.5714286
0.67667896,-0.5714286
0.67033577,-0.5714286
0.66743654,-0.5714286
0.67655414,-0.5714286
0.67346025,-0.5714286
0.6769226,-0.5714286
0.6755732,-0.5714286
0.6761056,-0.5714286
0.67601144,-0.5714286
0.67300165,-0.5714286
0.67103595,-0.5714286
0.6686056,-0.5714286
0.67244875,-0.5714286
0.6687715,-0.5714286
0.66564703,-0.5714286
0.66270876,-0.5714286
0.6680754,-0.5714286
0.66731775,-0.5714286
0.66477466,-0.5714286
0.66889435,-0.5714286
0.67076164,-0.5714286
0.66529477,-0.5714286
0.66748166,-0.5714286
0.6663103,-0.5714286
0.6662407,-0.5714286
0.6649079,-0.5714286
0.66424245,-0.5714286
0.660473,-0.5714286
0.6600615,-0.5714286
0.66101557,-0.5714286
0.5999509,-0.5714286
0.49328628,-0.5714286
0.49345618,-0.5714286
0.49160326,-0.5714286
0.4946151,-0.5714286
0.4904627,-0.5714286
0.49310806,-0.5714286
0.49249792,-0.5714286
0.49616092,-0.5714286
0.49079037,-0.5714286
0.49136773,-0.5714286
0.4876331,-0.5714286
0.49313676,-0.5714286
0.49224412,-0.5714286
0.49095818,-0.5714286
0.4920086,-0.5714286
0.49033177,-0.5714286
0.4911098,-0.5714286
0.48832923,-0.5714286
0.48844802,-0.5714286
0.48377964,-0.5714286
0.4860012,-0.5714286
0.48551592,-0.5714286
0.4892465,-0.5714286
0.48937756,-0.5714286
0.4884562,-0.5714286
0.48329645,-0.5714286
0.48875925,-0.5714286
0.48867932,-0.5714286
0.4888698,-0.5714286
0.48479527,-0.5714286
0.48491398,-0.5714286
0.48617935,-0.5714286
0.48555896,-0.5714286
0.48835382,-0.5714286
0.48717436,-0.5714286
0.4855897,-0.5714286
0.4881941,-0.5714286
0.48820636,-0.5714286
0.48825964,-0.5714286
0.48790544,-0.5714286
-0.077137604,-0.5714286
-0.33241606,-0.5714286
-0.33190414,-0.5714286
-0.33179975,-0.5714286
-0.33165234,-0.5714286
-0.33145374,-0.5714286
-0.33292383,-0.5714286
-0.33255118,-0.5714286
-0.33308768,-0.5714286
-0.33218265,-0.5714286
-0.33247343,-0.5714286
-0.33145577,-0.5714286
-0.3325737,-0.5714286
-0.33239558,-0.5714286
-0.33202088,-0.5714286
-0.33138207,-0.5714286
-0.33152333,-0.5714286
-0.33302215,-0.5714286
-0.33224818,-0.5714286
-0.33166668,-0.5714286
-0.33245286,-0.5714286
-0.33117938,-0.5714286
-0.3332248,-0.5714286
-0.33304664,-0.5714286
-0.33262488,-0.5714286
-0.3313145,-0.5714286
-0.33282965,-0.5714286
-0.33320642,-0.5714286
-0.3326863,-0.5714286
-0.33347052,-0.5714286
-0.33171993,-0.5714286
-0.3330774,-0.5714286
-0.3333845,-0.5714286
-0.33332926,-0.5714286
-0.33370394,-0.5714286
-0.33336607,-0.5714286
-0.3339148,-0.5714286
-0.33303443,-0.5714286
-0.33289313,-0.5714286
-0.33359545,-0.5714286
-0.33245286,-0.5714286
-0.33269858,-0.5714286
-0.33273548,-0.5714286
-0.33174443,-0.5714286
-0.33380428,-0.5714286
-0.33343574,-0.5714286
-0.33329237,-0.5714286
-0.33317566,-0.5714286
-0.3332023,-0.5714286
-0.3329075,-0.5714286
-0.33357498,-0.5714286
-0.33357903,-0.5714286
-0.33384934,-0.5714286
-0.33376738,-0.5714286
-0.33271906,-0.5714286
-0.3336732,-0.5714286
-0.33401722,-0.5714286
-0.33379608,-0.5714286
-0.33371827,-0.5714286
-0.33297294,-0.5714286
-0.33415645,-0.5714286
-0.334525,-0.5714286
-0.33323097,-0.5714286
-0.3343039,-0.5714286
-0.33420146,-0.5714286
-0.33439806,-0.5714286
-0.33328623,-0.5714286
-0.33383703,-0.5714286
-0.3338943,-0.5714286
-0.33442265,-0.5714286
-0.33451477,-0.5714286
-0.33375922,-0.5714286
-0.33404177,-0.5714286
-0.33382887,-0.5714286
-0.3336732,-0.5714286
-0.33360767,-0.5714286
-0.33418098,-0.5714286
-0.33425063,-0.5714286
-0.33365685,-0.5714286
-0.33433253,-0.5714286
-0.3350123,-0.5714286
-0.3341605,-0.5714286
-0.33430588,-0.5714286
-0.3344103,-0.5714286
-0.33505526,-0.5714286
-0.33552212,-0.5714286
-0.33568382,-0.5714286
-0.33553237,-0.5714286
-0.33452088,-0.5714286
-0.33464986,-0.5714286
-0.33567154,-0.5714286
-0.33615068,-0.5714286
-0.33492014,-0.5714286
-0.3342834,-0.5714286
-0.33452904,-0.5714286
-0.33463964,-0.5714286
-0.3349017,-0.5714286
-0.3346806,-0.5714286
-0.33510646,-0.5714286
-0.3343182,-0.5714286
-0.33345622,-0.5714286
-0.33440417,-0.5714286
-0.334828,-0.5714286
-0.33492014,-0.5714286
-0.3344185,-0.5714286
-0.43844387,-0.5714286
-0.4742506,-0.5714286
-0.47454545,-0.5714286
-0.4744103,-0.5714286
-0.47437754,-0.5714286
-0.4740479,-0.5714286
-0.4747113,-0.5714286
-0.47597465,-0.5714286
-0.47617933,-0.5714286
-0.46217853,-0.5714286
-0.46083537,-0.5714286
-0.46045867,-0.5714286
-0.46035624,-0.5714286
-0.460043,-0.5714286
-0.45917693,-0.5714286
-0.4594267,-0.5714286
-0.45872238,-0.5714286
-0.45916462,-0.5714286
-0.4588616,-0.5714286
-0.45836607,-0.5714286
-0.4576372,-0.5714286
-0.45773956,-0.5714286
-0.4577887,-0.5714286
-0.45730957,-0.5714286
-0.45746928,-0.5714286
-0.4570086,-0.5714286
-0.4429238,-0.5714286
-0.4358354,-0.5714286
-0.43513516,-0.5714286
-0.4466585,-0.5714286
-0.44746926,-0.5714286
-0.44683868,-0.5714286
-0.44812858,-0.5714286
-0.4474734,-0.5714286
-0.44792795,-0.5714286
-0.4480303,-0.5714286
-0.44802827,-0.5714286
-0.44801393,-0.5714286
-0.44700244,-0.5714286
-0.44616294,-0.5714286
-0.4054054,-0.5714286
-0.38643736,-0.5714286
-0.3861507,-0.5714286
-0.3854484,-0.5714286
-0.38579446,-0.5714286
-0.38507372,-0.5714286
-0.3836609,-0.5714286
-0.3841564,-0.5714286
-0.3830876,-0.5714286
-0.38191646,-0.5714286
-0.3820639,-0.5714286
-0.38196152,-0.5714286
-0.37932023,-0.5714286
-0.38039926,-0.5714286
-0.3795864,-0.5714286
-0.37950042,-0.5714286
-0.3787715,-0.5714286
-0.3783825,-0.5714286
-0.37816957,-0.5714286
-0.37685505,-0.5714286
-0.37692463,-0.5714286
-0.377113,-0.5714286
-0.3766994,-0.5714286
-0.37665844,-0.5714286
-0.37678134,-0.5714286
-0.37642503,-0.5714286
-0.37691647,-0.5714286
-0.3763514,-0.5714286
-0.37643328,-0.5714286
-0.37650698,-0.5714286
-0.37665027,-0.5714286
-0.37623262,-0.5714286
-0.3769697,-0.5714286
-0.37684274,-0.5714286
-0.37690416,-0.5714286
-0.37679365,-0.5714286
-0.37740788,-0.5714286
-0.37758598,-0.5714286
-0.37705773,-0.5714286
-0.37765354,-0.5714286
-0.3780057,-0.5714286
-0.37848485,-0.5714286
-0.3784091,-0.5714286
-0.37889028,-0.5714286
-0.37857494,-0.5714286
-0.3789763,-0.5714286
-0.37823913,-0.5714286
-0.37871826,-0.5714286
-0.3780794,-0.5714286
-0.37873873,-0.5714286
-0.37850532,-0.5714286
-0.37951684,-0.5714286
-0.3787551,-0.5714286
-0.37928745,-0.5714286
-0.37930793,-0.5714286
-0.37941033,-0.5714286
-0.37957412,-0.5714286
-0.378792,-0.5714286
-0.3792097,-0.5714286
-0.3791359,-0.5714286
-0.3792424,-0.5714286
-0.38057736,-0.5714286
-0.38031125,-0.5714286
-0.37971744,-0.5714286
-0.38011056,-0.5714286
-0.37982395,-0.5714286
-0.37948406,-0.5714286
-0.37953728,-0.5714286
-0.3800921,-0.5714286
-0.37981984,-0.5714286
-0.3804177,-0.5714286
-0.3802048,-0.5714286
-0.38034397,-0.5714286
-0.38040543,-0.5714286
-0.38318178,-0.5714286
-0.38175675,-0.5714286
-0.38116094,-0.5714286
-0.38159704,-0.5714286
-0.38110566,-0.5714286
-0.3816646,-0.5714286
-0.38136363,-0.5714286
-0.38202703,-0.5714286
-0.3819083,-0.5714286
-0.38209254,-0.5714286
-0.38157246,-0.5714286
-0.38146192,-0.5714286
-0.38137594,-0.5714286
-0.38213354,-0.5714286
-0.38209254,-0.5714286
-0.38267812,-0.5714286
-0.38245288,-0.5714286
-0.38321456,-0.5714286
-0.38330054,-0.5714286
-0.38334563,-0.5714286
-0.38341525,-0.5714286
-0.38316336,-0.5714286
-0.3833784,-0.5714286
-0.38340703,-0.5714286
-0.38328826,-0.5714286
-0.38571662,-0.5714286
-0.38564703,-0.5714286
-0.38525796,-0.5714286
-0.3859091,-0.5714286
-0.38486895,-0.5714286
-0.38549963,-0.5714286
-0.3850942,-0.5714286
-0.38547912,-0.5714286
-0.38519043,-0.5714286
-0.3862244,-0.5714286
-0.3857125,-0.5714286
-0.38612407,-0.5714286
-0.38595417,-0.5714286
-0.38618758,-0.5714286
-0.38642916,-0.5714286
-0.38530713,-0.5714286
-0.38641274,-0.5714286
-0.38596234,-0.5714286
-0.39137998,-0.5714286
-0.39486486,-0.5714286
-0.39459866,-0.5714286
-0.3937162,-0.5714286
-0.39482802,-0.5714286
-0.3951638,-0.5714286
-0.39527845,-0.5714286
-0.3944349,-0.5714286
-0.395344,-0.5714286
-0.3935811,-0.5714286
-0.39566955,-0.5714286
-0.39529487,-0.5714286
-0.3955078,-0.5714286
-0.39589068,-0.5714286
-0.39530098,-0.5714286
-0.39597666,-0.5714286
-0.39466015,-0.5714286
-0.39504915,-0.5714286
-0.39477274,-0.5714286
-0.39476663,-0.5714286
-0.39426702,-0.5714286
-0.39358723,-0.5714286
-0.393059,-0.5714286
-0.39315724,-0.5714286
-0.3933231,-0.5714286
-0.39332104,-0.5714286
-0.39314905,-0.5714286
-0.39311424,-0.5714286
-0.39305487,-0.5714286
-0.39366707,-0.5714286
-0.39353812,-0.5714286
-0.39567974,-0.5714286
-0.39536244,-0.5714286
-0.3956634,-0.5714286
-0.39581898,-0.5714286
-0.39482188,-0.5714286
-0.39538082,-0.5714286
-0.39546275,-0.5714286
-0.3957617,-0.5714286
-0.39563477,-0.5714286
-0.39394346,-0.5714286
-0.3937715,-0.5714286
-0.39398035,-0.5714286
-0.39432025,-0.5714286
-0.3943489,-0.5714286
-0.39407042,-0.5714286
-0.39425883,-0.5714286
-0.39439803,-0.5714286
-0.39423013,-0.5714286
-0.39463142,-0.5714286
-0.39637595,-0.5714286
-0.39608106,-0.5714286
-0.3962981,-0.5714286
-0.39612207,-0.5714286
-0.39584768,-0.5714286
-0.3961343,-0.5714286
-0.39640048,-0.5714286
-0.3963923,-0.5714286
-0.3958067,-0.5714286
-0.3955283,-0.5714286
-0.39562652,-0.5714286
-0.395905,-0.5714286
-0.39590907,-0.5714286
-0.3960688,-0.5714286
-0.39635137,-0.5714286
-0.39559788,-0.5714286
-0.3960278,-0.5714286
-0.39647013,-0.5714286
-0.39610565,-0.5714286
-0.39651722,-0.5714286
-0.39664003,-0.5714286
-0.39662573,-0.5714286
-0.39667484,-0.5714286
-0.39608517,-0.5714286
-0.39619166,-0.5714286
-0.39605653,-0.5714286
-0.39651722,-0.5714286
-0.39658478,-0.5714286
-0.3967936,-0.5714286
-0.396552,-0.5714286
-0.3965602,-0.5714286
-0.39649877,-0.5714286
-0.3970147,-0.5714286
-0.39624077,-0.5714286
-0.3962285,-0.5714286
-0.3959214,-0.5714286
-0.39613634,-0.5714286
-0.39619982,-0.5714286
-0.39647418,-0.5714286
-0.39601353,-0.5714286
-0.39621213,-0.5714286
-0.39641893,-0.5714286
-0.3966011,-0.5714286
-0.39604837,-0.5714286
-0.39649466,-0.5714286
-0.39657247,-0.5714286
-0.3966503,-0.5714286
-0.39647418,-0.5714286
-0.39651513,-0.5714286
-0.39640048,-0.5714286
-0.39642093,-0.5714286
-0.39638,-0.5714286
-0.39563477,-0.5714286
-0.39249998,-0.5714286
-0.3958067,-0.5714286
-0.3965602,-0.5714286
-0.39627764,-0.5714286
-0.39687344,-0.5714286
-0.39618346,-0.5714286
-0.39610565,-0.5714286
-0.39644963,-0.5714286
-0.39647013,-0.5714286
-0.39640048,-0.5714286
-0.3954177,-0.5714286
-0.3967752,-0.5714286
-0.39657247,-0.5714286
-0.3960872,-0.5714286
-0.39601964,-0.5714286
-0.39539722,-0.5714286
-0.39628994,-0.5714286
-0.39653972,-0.5714286
-0.39632675,-0.5714286
-0.39692876,-0.5714286
-0.39598283,-0.5714286
-0.39484438,-0.5714286
-0.39646602,-0.5714286
-0.39592957,-0.5714286
-0.39598283,-0.5714286
-0.3955467,-0.5714286
-0.3962817,-0.5714286
-0.39654788,-0.5714286
-0.3963923,-0.5714286
-0.39566955,-0.5714286
-0.39612207,-0.5714286
-0.3962715,-0.5714286
-0.3961241,-0.5714286
-0.3967117,-0.5714286
-0.26437348,-0.5714286
-0.22739558,-0.5714286
-0.22743244,-0.5714286
-0.22597873,-0.5714286
-0.22633088,-0.5714286
-0.22570845,-0.5714286
-0.22616093,-0.5714286
-0.22687551,-0.5714286
-0.22679363,-0.5714286
-0.2273055,-0.5714286
-0.22603193,-0.5714286
-0.22671993,-0.5714286
-0.22694509,-0.5714286
-0.22764127,-0.5714286
-0.22603808,-0.5714286
-0.22664209,-0.5714286
-0.2270393,-0.5714286
-0.22735465,-0.5714286
-0.21348894,-0.5714286
-0.20574936,-0.5714286
-0.20652333,-0.5714286
-0.21715398,-0.5714286
-0.21840703,-0.5714286
-0.21809585,-0.5714286
-0.21702291,-0.5714286
-0.21763715,-0.5714286
-0.21816136,-0.5714286
-0.21869373,-0.5714286
-0.21878994,-0.5714286
-0.21902129,-0.5714286
-0.21877149,-0.5714286
-0.21846436,-0.5714286
-0.21876533,-0.5714286
-0.21693285,-0.5714286
-0.21717854,-0.5714286
-0.21878378,-0.5714286
-0.21877149,-0.5714286
-0.21944718,-0.5714286
-0.21929155,-0.5714286
-0.21890664,-0.5714286
-0.21845207,-0.5714286
-0.21846028,-0.5714286
-0.21808764,-0.5714286
-0.21749796,-0.5714286
-0.21754298,-0.5714286
-0.21858107,-0.5714286
-0.21833329,-0.5714286
-0.21869166,-0.5714286
-0.21846849,-0.5714286
1.8792671,-0.5714286
1.8602704,-0.5714286
1.852584,-0.5714286
1.8549571,-0.5714286
1.8558558,-0.5714286
1.8543571,-0.5714286
1.8548771,-0.5714286
1.8547914,-0.5714286
1.8554668,-0.5714286
1.8490664,-0.5714286
1.8508108,-0.5714286
1.8528745,-0.5714286
1.8505405,-0.5714286
1.8489681,-0.5714286
1.8491607,-0.5714286
1.8500062,-0.5714286
1.846466,-0.5714286
1.8483539,-0.5714286
1.8494718,-0.5714286
1.8491523,-0.5714286
1.5714293,-0.5714286
-0.22061014,-0.5714286
-0.22086813,-0.5714286
-0.22058964,-0.5714286
-0.2208313,-0.5714286
-0.21967238,-0.5714286
-0.21828623,-0.5714286
-0.21840703,-0.5714286
-0.21850942,-0.5714286
-0.2185135,-0.5714286
-0.21859543,-0.5714286
-0.2189619,-0.5714286
-0.21876538,-0.5714286
-0.21946768,-0.5714286
-0.21997538,-0.5714286
-0.21991402,-0.5714286
-0.22197174,-0.5714286
-0.22189192,-0.5714286
-0.2214005,-0.5714286
-0.21980956,-0.5714286
-0.22111793,-0.5714286
-0.21997547,-0.5714286
-0.21985257,-0.5714286
-0.21964374,-0.5714286
-0.21928132,-0.5714286
-0.22057329,-0.5714286
-0.220086,-0.5714286
-0.22045453,-0.5714286
-0.22184686,-0.5714286
-0.24812452,-0.5714286
-0.45159703,-0.5714286
-0.45176288,-0.5714286
-0.4507207,-0.5714286
-0.45228502,-0.5714286
-0.45191234,-0.5714286
-0.45242015,-0.5714286
-0.45230344,-0.5714286
-0.45195332,-0.5714286
-0.45183048,-0.5714286
-0.4523751,-0.5714286
-0.45160317,-0.5714286
-0.45183045,-0.5714286
-0.45174447,-0.5714286
-0.45088452,-0.5714286
-0.449914,-0.5714286
-0.44953313,-0.5714286
-0.44961098,-0.5714286
-0.44893533,-0.5714286
-0.44884518,-0.5714286
-0.4487019,-0.5714286
-0.44868547,-0.5714286
-0.44832924,-0.5714286
-0.4491155,-0.5714286
-0.44977477,-0.5714286
-0.45089066,-0.5714286
-0.4510135,-0.5714286
-0.45101553,-0.5714286
-0.44978705,-0.5714286
-0.450258,-0.5714286
-0.44999593,-0.5714286
-0.45006758,-0.5714286
-0.44996318,-0.5714286
-0.4495393,-0.5714286
-0.44960076,-0.5714286
-0.4495209,-0.5714286
-0.44766176,-0.5714286
-0.44248974,-0.5714286
-0.44194514,-0.5714286
-0.44187346,-0.5714286
-0.4418018,-0.5714286
-0.44384113,-0.5714286
-0.45052823,-0.5714286
-0.4519369,-0.5714286
-0.45103195,-0.5714286
-0.4516093,-0.5714286
-0.45165852,-0.5714286
-0.4515602,-0.5714286
-0.4514742,-0.5714286
-0.4509132,-0.5714286
-0.4506839,-0.5714286
-0.4512162,-0.5714286
-0.4503931,-0.5714286
-0.3841441,-0.5714286
-0.35879606,-0.5714286
-0.3588145,-0.5714286
-0.35797703,-0.5714286
-0.3577314,-0.5714286
-0.357498,-0.5714286
-0.35580266,-0.5714286
-0.35474616,-0.5714286
-0.3553808,-0.5714286
-0.3538985,-0.5714286
-0.35334152,-0.5714286
-0.35227272,-0.5714286
-0.34971744,-0.5714286
-0.34782144,-0.5714286
-0.3473915,-0.5714286
-0.34742013,-0.5714286
-0.3467977,-0.5714286
-0.34592956,-0.5714286
-0.3451802,-0.5714286
-0.34573305,-0.5714286
-0.34498772,-0.5714286
-0.34417284,-0.5714286
-0.34442875,-0.5714286
-0.34457818,-0.5714286
-0.34416053,-0.5714286
-0.3434091,-0.5714286
-0.3427027,-0.5714286
-0.3436486,-0.5714286
-0.342672,-0.5714286
-0.34393123,-0.5714286
-0.34308356,-0.5714286
-0.34317362,-0.5714286
-0.34289926,-0.5714286
-0.3430631,-0.5714286
-0.34388617,-0.5714286
-0.34382474,-0.5714286
-0.34347257,-0.5714286
-0.3446929,-0.5714286
-0.3441032,-0.5714286
-0.3439988,-0.5714286
-0.3442178,-0.5714286
-0.34514332,-0.5714286
-0.34487307,-0.5714286
-0.34494266,-0.5714286
-0.44979933,-0.5714286
-0.4583108,-0.5714286
-0.45955363,-0.5714286
-0.45955777,-0.5714286
-0.45961303,-0.5714286
-0.45977476,-0.5714286
-0.46003276,-0.5714286
-0.4589312,-0.5714286
-0.45883292,-0.5714286
-0.45856673,-0.5714286
-0.45814088,-0.5714286
-0.45944306,-0.5714286
-0.41319817,-0.5714286
-0.20187959,-0.5714286
0.4454054,-0.5714286
0.66869366,-0.5714286
0.7606224,-0.5714286
0.8933866,-0.5714286
1.0649017,-0.5714286
1.2730999,-0.5714286
1.5375676,-0.5714286
1.6744717,-0.5714286
1.6798464,-0.5714286
1.5974162,-0.5714286
1.4840479,-0.5714286
1.3353195,-0.5714286
1.3146518,-0.5714286
1.3015233,-0.5714286
1.2909786,-0.5714286
1.285606,-0.5714286
1.2809787,-0.5714286
1.280307,-0.5714286
1.2623342,-0.5714286
1.2726864,-0.5714286
1.2760993,-0.5714286
1.2767487,-0.5714286
1.2753255,-0.5714286
1.274908,-0.5714286
1.2753522,-0.5714286
1.2731328,-0.5714286
1.2725841,-0.5714286
1.269779,-0.5714286
1.2703377,-0.5714286
1.2663801,-0.5714286
1.2666769,-0.5714286
1.2655529,-0.5714286
1.2678623,-0.5714286
1.2667527,-0.5714286
1.2615663,-0.5714286
1.2599692,-0.5714286
1.262625,-0.5714286
1.2611386,-0.5714286
1.2616954,-0.5714286
1.2615356,-0.5714286
1.2601639,-0.5714286
1.2581408,-0.5714286
1.2581328,-0.5714286
1.2581532,-0.5714286
1.2615765,-0.5714286
1.2587633,-0.5714286
1.250598,-0.5714286
1.2508721,-0.5714286
1.247451,-0.5714286
1.2492937,-0.5714286
1.2473712,-0.5714286
1.2481511,-0.5714286
1.2505323,-0.5714286
1.2512164,-0.5714286
1.2528379,-0.5714286
1.2493119,-0.5714286
1.2503971,-0.5714286
1.2477272,-0.5714286
1.2500778,-0.5714286
1.2488002,-0.5714286
1.2472359,-0.5714286
1.2492076,-0.5714286
1.24819,-0.5714286
1.2484766,-0.5714286
1.2449876,-0.5714286
1.2452701,-0.5714286
1.2441337,-0.5714286
1.2450656,-0.5714286
1.2411876,-0.5714286
1.2411343,-0.5714286
1.2430385,-0.5714286
1.2419697,-0.5714286
1.2389845,-0.5714286
1.2408109,-0.5714286
1.2447339,-0.5714286
1.2459705,-0.5714286
1.2440867,-0.5714286
1.2407411,-0.5714286
1.2391522,-0.5714286
1.240299,-0.5714286
1.2389066,-0.5714286
1.2444963,-0.5714286
1.2420148,-0.5714286
1.2401268,-0.5714286
1.23914,-0.5714286
1.2392466,-0.5714286
1.2350122,-0.5714286
1.2360114,-0.5714286
1.2357371,-0.5714286
1.2364537,-0.5714286
1.2390459,-0.5714286
1.2376946,-0.5714286
1.2389804,-0.5714286
1.2378931,-0.5714286
1.2489558,-0.5714286
1.2564926,-0.5714286
1.2596929,-0.5714286
1.24828,-0.5714286
1.2461486,-0.5714286
1.2398157,-0.5714286
1.2422769,-0.5714286
1.2455448,-0.5714286
1.2417608,-0.5714286
1.2417116,-0.5714286
1.2419124,-0.5714286
1.2396867,-0.5714286
1.2422359,-0.5714286
1.2413698,-0.5714286
1.2406675,-0.5714286
1.2412962,-0.5714286
1.2448894,-0.5714286
1.2407124,-0.5714286
1.2388493,-0.5714286
1.2422563,-0.5714286
1.2406144,-0.5714286
1.2410687,-0.5714286
1.2421253,-0.5714286
1.2408683,-0.5714286
1.2388043,-0.5714286
1.2421048,-0.5714286
1.2431777,-0.5714286
1.2410196,-0.5714286
1.2404115,-0.5714286
1.2377928,-0.5714286
1.2366135,-0.5714286
1.2329237,-0.5714286
1.2367383,-0.5714286
1.236421,-0.5714286
1.2363185,-0.5714286
1.2167813,-0.5714286
1.2156675,-0.5714286
1.2622932,-0.5714286
1.2630774,-0.5714286
1.2638206,-0.5714286
1.2642466,-0.5714286
1.2632842,-0.5714286
1.2627313,-0.5714286
1.2593571,-0.5714286
1.2607063,-0.5714286
1.2632884,-0.5714286
1.2634603,-0.5714286
1.2683947,-0.5714286
1.2685627,-0.5714286
1.268581,-0.5714286
1.2732677,-0.5714286
1.2711364,-0.5714286
1.2720475,-0.5714286
1.2692301,-0.5714286
1.2694268,-0.5714286
1.2731695,-0.5714286
1.2670516,-0.5714286
1.2713883,-0.5714286
1.2691196,-0.5714286
1.2695823,-0.5714286
1.269484,-0.5714286
1.2675961,-0.5714286
1.2698731,-0.5714286
1.268704,-0.5714286
1.2672726,-0.5714286
1.2674325,-0.5714286
1.2657576,-0.5714286
1.2647338,-0.5714286
1.2647257,-0.5714286
1.2635871,-0.5714286
1.26172,-0.5714286
1.2741401,-0.5714286
1.2717117,-0.5714286
1.2701391,-0.5714286
1.2707207,-0.5714286
1.2705324,-0.5714286
1.2701433,-0.5714286
1.2694021,-0.5714286
1.2653257,-0.5714286
1.2691646,-0.5714286
1.268493,-0.5714286
1.266511,-0.5714286
1.269869,-0.5714286
1.2657003,-0.5714286
1.2689925,-0.5714286
1.2664864,-0.5714286
1.264957,-0.5714286
1.2650247,-0.5714286
1.2673545,-0.5714286
1.2664331,-0.5714286
1.2691114,-0.5714286
1.2709295,-0.5714286
1.2698834,-0.5714286
1.270819,-0.5714286
1.2637961,-0.5714286
1.2652662,-0.5714286
1.2687162,-0.5714286
1.2663206,-0.5714286
1.2671868,-0.5714286
1.2675102,-0.5714286
1.2661302,-0.5714286
1.2656388,-0.5714286
1.2659396,-0.5714286
1.6584275,-0.5714286
1.4040418,-0.5714286
1.4101064,-0.5714286
1.4123996,-0.5714286
1.4117526,-0.5714286
1.4116503,-0.5714286
1.4118018,-0.5714286
1.4105773,-0.5714286
1.4139987,-0.5714286
1.4187039,-0.5714286
1.4177887,-0.5714286
1.4166545,-0.5714286
1.4122891,-0.5714286
1.4110996,-0.5714286
1.4111303,-0.5714286
1.4101515,-0.5714286
1.4081858,-0.5714286
1.4098486,-0.5714286
1.4077703,-0.5714286
1.4074324,-0.5714286
1.4049795,-0.5714286
1.403747,-0.5714286
1.4014416,-0.5714286
1.4003155,-0.5714286
1.4050041,-0.5714286
1.4062244,-0.5714286
1.4023466,-0.5714286
1.4030836,-0.5714286
1.4005243,-0.5714286
1.4023546,-0.5714286
1.4048853,-0.5714286
1.3993489,-0.5714286
1.4017485,-0.5714286
1.3991195,-0.5714286
1.3980345,-0.5714286
1.3930671,-0.5714286
1.3932676,-0.5714286
1.3859828,-0.5714286
1.3815684,-0.5714286
1.3873587,-0.5714286
1.3998935,-0.5714286
1.3946191,-0.5714286
1.3920231,-0.5714286
1.3922788,-0.5714286
1.391421,-0.5714286
1.3966708,-0.5714286
1.4005734,-0.5714286
1.397891,-0.5714286
1.3974406,-0.5714286
1.4021068,-0.5714286
1.4000615,-0.5714286
1.396593,-0.5714286
1.3973138,-0.5714286
1.4000163,-0.5714286
1.3993653,-0.5714286
1.3971745,-0.5714286
1.392707,-0.5714286
1.3941953,-0.5714286
1.3921007,-0.5714286
1.3936405,-0.5714286
1.3929485,-0.5714286
1.3948404,-0.5714286
1.3936918,-0.5714286
1.3953112,-0.5714286
1.3942301,-0.5714286
1.3923628,-0.5714286
1.3932924,-0.5714286
1.3912573,-0.5714286
1.3870454,-0.5714286
1.3878747,-0.5714286
1.3886609,-0.5714286
1.3908967,-0.5714286
1.3862162,-0.5714286
1.3878747,-0.5714286
1.3940172,-0.5714286
1.3933455,-0.5714286
1.3958477,-0.5714286
1.392584,-0.5714286
1.386335,-0.5714286
1.383065,-0.5714286
1.3851802,-0.5714286
1.3834152,-0.5714286
1.3837142,-0.5714286
1.3831165,-0.5714286
1.3817976,-0.5714286
1.383141,-0.5714286
1.3782146,-0.5714286
1.3790418,-0.5714286
1.3770925,-0.5714286
1.3778583,-0.5714286
1.376216,-0.5714286
1.3764864,-0.5714286
1.3797051,-0.5714286
1.381466,-0.5714286
1.3770803,-0.5714286
1.3806553,-0.5714286
1.3753195,-0.5714286
1.3809153,-0.5714286
1.3842466,-0.5714286
1.3845905,-0.5714286
1.3822851,-0.5714286
1.3814865,-0.5714286
1.3823506,-0.5714286
1.3814743,-0.5714286
1.3841769,-0.5714286
1.3836323,-0.5714286
1.3814988,-0.5714286
1.3823097,-0.5714286
1.3844513,-0.5714286
1.3821746,-0.5714286
1.5728296,-0.5714286
1.5796725,-0.5714286
1.5797462,-0.5714286
1.5769329,-0.5714286
1.57595,-0.5714286
1.5774081,-0.5714286
1.5748525,-0.5714286
1.5738001,-0.5714286
1.5790746,-0.5714286
1.5768365,-0.5714286
1.5760689,-0.5714286
1.5738451,-0.5714286
1.5790049,-0.5714286
1.5782802,-0.5714286
1.5767446,-0.5714286
1.580999,-0.5714286
1.5768223,-0.5714286
1.5775675,-0.5714286
1.5784951,-0.5714286
1.5841401,-0.5714286
1.5969657,-0.5714286
1.5974079,-0.5714286
1.5888575,-0.5714286
1.5875307,-0.5714286
1.5836178,-0.5714286
1.5843366,-0.5714286
1.5807985,-0.5714286
1.5886241,-0.5714286
1.5882638,-0.5714286
1.575516,-0.5714286
1.5695904,-0.5714286
1.5736241,-0.5714286
1.5760033,-0.5714286
1.5733252,-0.5714286
1.5732678,-0.5714286
1.576163,-0.5714286
1.570688,-0.5714286
1.5722358,-0.5714286
1.5729976,-0.5714286
1.5713227,-0.5714286
1.5711097,-0.5714286
1.5716543,-0.5714286
1.5723791,-0.5714286
1.5771376,-0.5714286
1.5757248,-0.5714286
1.5725,-0.5714286
1.569697,-0.5714286
1.5688083,-0.5714286
1.5667446,-0.5714286
1.5671009,-0.5714286
1.5659827,-0.5714286
1.5645884,-0.5714286
1.5669862,-0.5714286
1.5672113,-0.5714286
1.5671542,-0.5714286
1.5681205,-0.5714286
1.5668101,-0.5714286
1.5662981,-0.5714286
1.5648075,-0.5714286
1.5647542,-0.5714286
1.5650778,-0.5714286
1.5640621,-0.5714286
1.56733,-0.5714286
1.5753481,-0.5714286
1.5785178,-0.5714286
1.577809,-0.5714286
1.5745025,-0.5714286
1.5750327,-0.5714286
1.571806,-0.5714286
1.5740582,-0.5714286
1.5699917,-0.5714286
1.5720475,-0.5714286
1.5707372,-0.5714286
1.571298,-0.5714286
1.5706635,-0.5714286
1.5687757,-0.5714286
1.5721377,-0.5714286
1.5717199,-0.5714286
1.5708312,-0.5714286
1.571511,-0.5714286
1.5690215,-0.5714286
1.5697378,-0.5714286
1.5689191,-0.5714286
1.5671929,-0.5714286
1.571806,-0.5714286
1.5718919,-0.5714286
1.5689435,-0.5714286
1.5664619,-0.5714286
1.5647728,-0.5714286
1.5688289,-0.5714286
1.5641954,-0.5714286
1.5638863,-0.5714286
1.563407,-0.5714286
1.5631573,-0.5714286
1.5657085,-0.5714286
1.5653256,-0.5714286
1.5641563,-0.5714286
1.5679157,-0.5714286
1.565989,-0.5714286
1.5651761,-0.5714286
1.5663965,-0.5714286
1.5651555,-0.5714286
1.5664824,-0.5714286
1.5588739,-0.5714286
1.5633253,-0.5714286
1.5628932,-0.5714286
1.5664212,-0.5714286
1.5660013,-0.5714286
1.5661836,-0.5714286
1.5596377,-0.5714286
1.561933,-0.5714286
1.5623095,-0.5714286
1.5711467,-0.5714286
1.5764742,-0.5714286
1.578497,-0.5714286
1.5795783,-0.5714286
1.578497,-0.5714286
1.5760237,-0.5714286
1.4959582,-0.5714286
1.4281449,-0.5714286
1.429963,-0.5714286
1.4325368,-0.5714286
1.4318058,-0.5714286
1.4329729,-0.5714286
1.4380387,-0.5714286
1.4364783,-0.5714286
1.4355406,-0.5714286
1.4320843,-0.5714286
1.4310688,-0.5714286
1.4318222,-0.5714286
1.434308,-0.5714286
1.431429,-0.5714286
1.432674,-0.5714286
1.437715,-0.5714286
1.4415233,-0.5714286
1.4444185,-0.5714286
1.4447421,-0.5714286
1.4449058,-0.5714286
1.4488268,-0.5714286
1.44224,-0.5714286
1.4503441,-0.5714286
1.4490746,-0.5714286
1.4525921,-0.5714286
1.4537183,-0.5714286
1.4533783,-0.5714286
1.4528828,-0.5714286
1.4461488,-0.5714286
1.4480426,-0.5714286
1.4510279,-0.5714286
1.4443774,-0.5714286
1.4413227,-0.5714286
1.4386854,-0.5714286
1.4421213,-0.5714286
1.4410012,-0.5714286
1.4394143,-0.5714286
1.4374815,-0.5714286
1.4402785,-0.5714286
1.4397871,-0.5714286
1.4362121,-0.5714286
1.4352006,-0.5714286
1.437113,-0.5714286
1.4396971,-0.5714286
1.4327456,-0.5714286
1.4320086,-0.5714286
1.4342955,-0.5714286
1.4320517,-0.5714286
1.4334643,-0.5714286
1.432502,-0.5714286
1.4351965,-0.5714286
1.4327887,-0.5714286
1.443804,-0.5714286
1.4390786,-0.5714286
1.4445087,-0.5714286
1.4461056,-0.5714286
1.4470086,-0.5714286
1.4474324,-0.5714286
1.4427683,-0.5714286
1.4381531,-0.5714286
1.4400942,-0.5714286
1.4395413,-0.5714286
1.4308273,-0.5714286
1.4332677,-0.5714286
1.4337305,-0.5714286
1.4335566,-0.5714286
1.4335872,-0.5714286
1.4350082,-0.5714286
1.4310074,-0.5714286
1.4318632,-0.5714286
1.4335546,-0.5714286
1.441425,-0.5714286
1.4467076,-0.5714286
1.4431859,-0.5714286
1.4427356,-0.5714286
1.4438412,-0.5714286
1.4396151,-0.5714286
1.4460995,-0.5714286
1.4414538,-0.5714286
1.4437389,-0.5714286
1.4399018,-0.5714286
1.4342177,-0.5714286
1.4295249,-0.5714286
1.4291155,-0.5714286
1.4318715,-0.5714286
1.4299958,-0.5714286
1.432195,-0.5714286
1.4310484,-0.5714286
1.4282309,-0.5714286
1.4251473,-0.5714286
1.4218181,-0.5714286
1.423845,-0.5714286
1.4214866,-0.5714286
1.424871,-0.5714286
1.4236733,-0.5714286
1.4212204,-0.5714286
1.4212162,-0.5714286
1.4208192,-0.5714286
1.4203502,-0.5714286
1.4186692,-0.5714286
1.4225552,-0.5714286
1.4164925,-0.5714286
1.4181817,-0.5714286
1.4179443,-0.5714286
1.4151555,-0.5714286
1.41457,-0.5714286
1.4173218,-0.5714286
1.4190952,-0.5714286
1.4185709,-0.5714286
1.4188861,-0.5714286
1.4185668,-0.5714286
1.4145988,-0.5714286
1.4181613,-0.5714286
1.416429,-0.5714286
1.417711,-0.5714286
1.4171294,-0.5714286
1.4159664,-0.5714286
1.4121007,-0.5714286
1.4093406,-0.5714286
1.4105773,-0.5714286
1.410942,-0.5714286
1.4100206,-0.5714286
1.411855,-0.5714286
1.4112041,-0.5714286
1.4133232,-0.5714286
1.4124324,-0.5714286
1.4114987,-0.5714286
1.409828,-0.5714286
1.4066339,-0.5714286
1.408624,-0.5714286
1.4083455,-0.5714286
1.4145823,-0.5714286
1.4140172,-0.5714286
1.4120392,-0.5714286
1.4122789,-0.5714286
1.4123709,-0.5714286
1.4139374,-0.5714286
1.416462,-0.5714286
1.4156265,-0.5714286
1.4164497,-0.5714286
1.4164189,-0.5714286
1.4154913,-0.5714286
1.4131367,-0.5714286
1.4188901,-0.5714286
1.4174733,-0.5714286
1.4159644,-0.5714286
1.4124755,-0.5714286
1.4127847,-0.5714286
1.4118264,-0.5714286
1.4107125,-0.5714286
1.4100122,-0.5714286
1.4120966,-0.5714286
1.4079422,-0.5714286
1.4145044,-0.5714286
1.4079914,-0.5714286
1.4124388,-0.5714286
0.83437353,-0.5714286
-0.24699837,-0.5714286
-0.24714987,-0.5714286
-0.24708846,-0.5714286
-0.24611793,-0.5714286
-0.24708025,-0.5714286
-0.24678133,-0.5714286
-0.24526206,-0.5714286
-0.2453358,-0.5714286
-0.24587634,-0.5714286
-0.2459214,-0.5714286
-0.2463227,-0.5714286
-0.24582307,-0.5714286
-0.24567978,-0.5714286
-0.24442671,-0.5714286
-0.24576169,-0.5714286
-0.24490169,-0.5714286
-0.24463145,-0.5714286
-0.24501844,-0.5714286
-0.24491403,-0.5714286
-0.24522932,-0.5714286
-0.24523342,-0.5714286
-0.24472563,-0.5714286
-0.24351351,-0.5714286
-0.24388209,-0.5714286
-0.24400899,-0.5714286
-0.24449222,-0.5714286
-0.24444719,-0.5714286
-0.2446069,-0.5714286
-0.24685504,-0.5714286
-0.2467936,-0.5714286
-0.24601558,-0.5714286
-0.24561015,-0.5714286
-0.24527843,-0.5714286
-0.24649265,-0.5714286
-0.24545456,-0.5714286
-0.24534401,-0.5714286
-0.24530096,-0.5714286
-0.24607493,-0.5714286
-0.2458108,-0.5714286
-0.24667077,-0.5714286
-0.24627765,-0.5714286
-0.24594183,-0.5714286
-0.2457494,-0.5714286
-0.24513514,-0.5714286
-0.24393941,-0.5714286
-0.24522932,-0.5714286
-0.24497543,-0.5714286
-0.24465601,-0.5714286
-0.24536857,-0.5714286
-0.24527027,-0.5714286
-0.24553645,-0.5714286
-0.24952908,-0.5714286
-0.24669532,-0.5714286
-0.24684274,-0.5714286
-0.24867934,-0.5714286
-0.24961096,-0.5714286
-0.24953932,-0.5714286
-0.24921374,-0.5714286
-0.2494349,-0.5714286
-0.2489353,-0.5714286
-0.24871624,-0.5714286
-0.24924242,-0.5714286
-0.24924242,-0.5714286
-0.24886568,-0.5714286
-0.248923,-0.5714286
-0.24893735,-0.5714286
-0.24907453,-0.5714286
-0.24864864,-0.5714286
-0.2487592,-0.5714286
-0.24849306,-0.5714286
-0.24828006,-0.5714286
-0.24907042,-0.5714286
-0.24822274,-0.5714286
-0.24814908,-0.5714286
-0.24744473,-0.5714286
-0.2477928,-0.5714286
-0.24774365,-0.5714286
-0.24868958,-0.5714286
-0.24826781,-0.5714286
-0.24797298,-0.5714286
-0.24796069,-0.5714286
-0.24821049,-0.5714286
-0.23312858,-0.5714286
-0.2256941,-0.5714286
-0.22446357,-0.5714286
-0.23634316,-0.5714286
-0.23808765,-0.5714286
-0.23753683,-0.5714286
-0.23812859,-0.5714286
-0.23839068,-0.5714286
-0.23866092,-0.5714286
-0.23823094,-0.5714286
-0.23857495,-0.5714286
-0.23789926,-0.5714286
-0.23703524,-0.5714286
-0.23828422,-0.5714286
-0.23851965,-0.5714286
-0.23870392,-0.5714286
-0.23712938,-0.5714286
-0.23641893,-0.5714286
-0.23520887,-0.5714286
-0.23569411,-0.5714286
-0.23638207,-0.5714286
-0.23711303,-0.5714286
-0.23662981,-0.5714286
-0.2361425,-0.5714286
-0.23686735,-0.5714286
-0.23683661,-0.5714286
-0.23472974,-0.5714286
-0.23632677,-0.5714286
-0.23576778,-0.5714286
-0.23687957,-0.5714286
-0.23613639,-0.5714286
-0.23533991,-0.5714286
-0.23741402,-0.5714286
-0.23646598,-0.5714286
-0.23651516,-0.5714286
-0.23770273,-0.5714286
-0.23891893,-0.5714286
-0.23914005,-0.5714286
-0.23865688,-0.5714286
-0.23906635,-0.5714286
-0.23918916,-0.5714286
-0.23808765,-0.5714286
-0.23820642,-0.5714286
-0.2365684,-0.5714286
-0.23655404,-0.5714286
-0.23615481,-0.5714286
-0.23768225,-0.5714286
-0.23706388,-0.5714286
-0.23720312,-0.5714286
-0.23714577,-0.5714286
-0.23569614,-0.5714286
0.99043816,-0.5714286
0.98726046,-0.5714286
0.98756754,-0.5714286
0.98325145,-0.5714286
0.98202085,-0.5714286
0.9842547,-0.5714286
0.9814006,-0.5714286
0.9859706,-0.5714286
0.9862653,-0.5714286
0.9860729,-0.5714286
0.9896888,-0.5714286
0.9888738,-0.5714286
0.9912696,-0.5714286
0.98877555,-0.5714286
0.99046683,-0.5714286
0.9907249,-0.5714286
0.9892691,-0.5714286
0.99161357,-0.5714286
0.9912531,-0.5714286
0.9944512,-0.5714286
0.9917814,-0.5714286
0.9937674,-0.5714286
0.99203515,-0.5714286
0.9903686,-0.5714286
0.9910032,-0.5714286
0.99033993,-0.5714286
0.99232185,-0.5714286
0.99096245,-0.5714286
0.9900553,-0.5714286
0.99325556,-0.5714286
0.99473584,-0.5714286
0.99624914,-0.5714286
0.993624,-0.5714286
0.9890417,-0.5714286
0.99119157,-0.5714286
0.99119157,-0.5714286
0.99042994,-0.5714286
0.9914414,-0.5714286
0.9914743,-0.5714286
0.99138415,-0.5714286
0.9919369,-0.5714286
0.9907249,-0.5714286
0.99027634,-0.5714286
0.98809993,-0.5714286
0.9913309,-0.5714286
0.9900736,-0.5714286
0.9877805,-0.5714286
0.9899304,-0.5714286
0.99224406,-0.5714286
0.9936078,-0.5714286
0.99502856,-0.5714286
0.99423224,-0.5714286
0.99329245,-0.5714286
0.991941,-0.5714286
0.5501556,-0.5714286
-0.23275183,-0.5714286
-0.23383296,-0.5714286
-0.23337838,-0.5714286
-0.23358724,-0.5714286
-0.2341523,-0.5714286
-0.2350041,-0.5714286
-0.23476045,-0.5714286
-0.23542385,-0.5714286
-0.23535013,-0.5714286
-0.23536855,-0.5714286
-0.23567976,-0.5714286
-0.23325144,-0.5714286
-0.23214988,-0.5714286
-0.23220311,-0.5714286
-0.23258395,-0.5714286
-0.23442876,-0.5714286
-0.23383704,-0.5714286
-0.23380837,-0.5714286
-0.23431206,-0.5714286
-0.23389025,-0.5714286
-0.23356265,-0.5714286
-0.23271906,-0.5714286
-0.23348898,-0.5714286
-0.23382883,-0.5714286
-0.23454955,-0.5714286
-0.23499383,-0.5714286
-0.23488945,-0.5714286
-0.23501842,-0.5714286
-0.23475842,-0.5714286
-0.23511057,-0.5714286
-0.23584764,-0.5714286
-0.23550779,-0.5714286
-0.23628992,-0.5714286
-0.23598279,-0.5714286
-0.24358723,-0.5714286
-0.23393118,-0.5714286
-0.2061179,-0.5714286
-0.20519659,-0.5714286
-0.20556101,-0.5714286
-0.20449221,-0.5714286
-0.20576987,-0.5714286
-0.20614661,-0.5714286
-0.20516379,-0.5714286
-0.20547913,-0.5714286
-0.20644966,-0.5714286
-0.20744474,-0.5714286
-0.20511055,-0.5714286
-0.20453316,-0.5714286
-0.20411956,-0.5714286
-0.20365688,-0.5714286
-0.20357493,-0.5714286
-0.2010278,-0.5714286
-0.20096233,-0.5714286
-0.19981575,-0.5714286
-0.20048527,-0.5714286
-0.20097052,-0.5714286
-0.20252661,-0.5714286
-0.20259623,-0.5714286
-0.20362408,-0.5714286
-0.20223178,-0.5714286
-0.20211305,-0.5714286
-0.20259623,-0.5714286
-0.20253485,-0.5714286
-0.20272115,-0.5714286
-0.20321868,-0.5714286
-0.20227681,-0.5714286
-0.20221741,-0.5714286
-0.20374285,-0.5714286
-0.19293614,-0.5714286
-0.10090502,-0.5714286
-0.10236282,-0.5714286
-0.20464784,-0.5714286
-0.20444715,-0.5714286
-0.20367731,-0.5714286
-0.20399265,-0.5714286
-0.20467442,-0.5714286
-0.2043202,-0.5714286
-0.20506553,-0.5714286
-0.20440625,-0.5714286
-0.20452705,-0.5714286
-0.20441438,-0.5714286
-0.20377764,-0.5714286
-0.20227681,-0.5714286
-0.16194513,-0.5714286
-0.102002494,-0.5714286
-0.10946768,-0.5714286
-0.20537467,-0.5714286
-0.20619985,-0.5714286
-0.20524567,-0.5714286
-0.20601964,-0.5714286
-0.20547913,-0.5714286
-0.2048239,-0.5714286
-0.20583127,-0.5714286
-0.141077,-0.5714286
-0.10426698,-0.5714286
-0.16269045,-0.5714286
-0.2057248,-0.5714286
-0.20469902,-0.5714286
-0.20529486,-0.5714286
-0.20417076,-0.5714286
-0.20545045,-0.5714286
-0.20507374,-0.5714286
0.4256798,-0.5714286
0.9179176,-0.5714286
0.9144758,-0.5714286
0.91426706,-0.5714286
0.9145209,-0.5714286
0.912801,-0.5714286
0.9141277,-0.5714286
0.9132023,-0.5714286
0.91203123,-0.5714286
0.9141831,-0.5714286
0.91393113,-0.5714286
0.9142814,-0.5714286
0.91461915,-0.5714286
0.90832925,-0.5714286
0.90932846,-0.5714286
1.2487756,-0.5714286
1.0617996,-0.5714286
1.0670515,-0.5714286
1.0709171,-0.5714286
1.0706798,-0.5714286
1.0732555,-0.5714286
1.0779853,-0.5714286
1.072672,-0.5714286
1.0740459,-0.5714286
1.0711465,-0.5714286
1.0703317,-0.5714286
1.0711467,-0.5714286
1.072801,-0.5714286
1.068104,-0.5714286
1.0690091,-0.5714286
0.41748565,-0.5714286
-0.04780916,-0.5714286
-0.050139256,-0.5714286
-0.05093365,-0.5714286
-0.05225224,-0.5714286
-0.053390652,-0.5714286
-0.053759225,-0.5714286
-0.020872224,-0.5714286
0.047721095,-0.5714286
0.04648652,-0.5714286
0.027850103,-0.5714286
-0.057721112,-0.5714286
-0.059318185,-0.5714286
-0.059742022,-0.5714286
-0.060380828,-0.5714286
-0.06099103,-0.5714286
-0.059324335,-0.5714286
-0.061605204,-0.5714286
-0.060792364,-0.5714286
-0.061138444,-0.5714286
-0.061971754,-0.5714286
-0.061904196,-0.5714286
-0.06314904,-0.5714286
-0.063095845,-0.5714286
-0.0630774,-0.5714286
-0.06389436,-0.5714286
-0.06443078,-0.5714286
-0.063779674,-0.5714286
-0.06533784,-0.5714286
-0.064355046,-0.5714286
-0.0023546524,-0.5714286
0.038882095,-0.5714286
-0.06415234,-0.5714286
-0.06570022,-0.5714286
-0.06343161,-0.5714286
-0.031502876,-0.5714286
0.30864045,-0.55714285
1.6527109,-0.56785715
2.2823465,-0.56785715
2.2750573,-0.56785715
2.2739475,-0.56785715
2.274869,-0.56785715
2.2670515,-0.56785715
2.333837,-0.56785715
2.3668633,-0.56785715
2.3595946,-0.56785715
2.362879,-0.56785715
2.269828,-0.56785715
2.2741156,-0.56785715
2.2697663,-0.56785715
2.2546108,-0.56785715
2.256134,-0.56785715
2.2564926,-0.56785715
2.2649693,-0.56785715
2.3611853,-0.56785715
2.3522892,-0.56785715
2.3413885,-0.56785715
2.3479402,-0.56785715
2.2348218,-0.56785715
2.2313023,-0.56785715
2.2367322,-0.56785715
2.2245944,-0.56785715
2.2217157,-0.56785715
2.2306921,-0.56785715
2.2263103,-0.56785715
2.2203684,-0.56785715
2.224042,-0.56785715
2.2225797,-0.56785715
2.2119575,-0.56785715
2.2064047,-0.56785715
2.2055936,-0.56785715
2.203485,-0.56785715
2.200778,-0.56785715
2.20138,-0.56785715
2.1929731,-0.56785715
2.1957,-0.56785715
2.191898,-0.56785715
2.1879933,-0.56785715
2.1851885,-0.56785715
2.1891441,-0.56785715
2.1817324,-0.56785715
2.1794798,-0.56785715
2.2904544,-0.56785715
2.2732759,-0.56785715
2.180741,-0.56785715
2.1840212,-0.56785715
2.1754339,-0.56785715
2.1686814,-0.56785715
2.1748648,-0.56785715
2.176429,-0.56785715
2.1785789,-0.56785715
2.1777089,-0.56785715
2.1747174,-0.56785715
1.819619,-0.5714286
0.0795516,-0.5714286
-0.024565939,-0.5714286
-0.05877764,-0.5714286
-0.059680574,-0.5714286
-0.06013515,-0.5714286
0.008296507,-0.5714286
1.1043859,-0.5714286
1.1591583,-0.5714286
1.1457248,-0.5714286
1.1158313,-0.5714286
1.1161793,-0.5714286
1.1133006,-0.5714286
1.1137388,-0.5714286
1.1070393,-0.5714286
1.0613922,-0.5714286
1.0604055,-0.5714286
1.0624632,-0.5714286
1.0608557,-0.5714286
1.0596273,-0.5714286
1.0582638,-0.5714286
1.0604545,-0.5714286
1.0549508,-0.5714286
1.0534848,-0.5714286
1.0545127,-0.5714286
1.0536731,-0.5714286
0.90915227,-0.5714286
-0.059750233,-0.5714286
-0.060337827,-0.5714286
-0.06092137,-0.5714286
-0.061830487,-0.5714286
-0.0619779,-0.5714286
-0.060040936,-0.5714286
-0.05930799,-0.5714286
-0.05863638,-0.5714286
0.043214615,-0.5714286
0.041891936,-0.5714286
0.04329237,-0.5714286
-0.0056449273,-0.5714286
-0.059688784,-0.5714286
-0.059897646,-0.5714286
-0.059488133,-0.5714286
-0.06103808,-0.5714286
-0.060552835,-0.5714286
-0.060217068,-0.5714286
-0.05985873,-0.5714286
-0.060061444,-0.5714286
-0.05959869,-0.5714286
-0.0599754,-0.5714286
-0.0592588,-0.5714286
-0.059787046,-0.5714286
-0.05962325,-0.5714286
-0.06023956,-0.5714286
-0.060159706,-0.5714286
-0.0613145,-0.5714286
-0.06074119,-0.5714286
-0.05991403,-0.5714286
-0.0616175,-0.5714286
-0.059723612,-0.5714286
-0.059778873,-0.5714286
-0.059479922,-0.5714286
-0.060339887,-0.5714286
-0.06006759,-0.5714286
-0.060601987,-0.5714286
-0.06111179,-0.5714286
-0.060327627,-0.5714286
-0.06113432,-0.5714286
-0.061068784,-0.5714286
-0.060241662,-0.5714286
-0.06076166,-0.5714286
-0.06123262,-0.5714286
-0.059602816,-0.5714286
-0.059737936,-0.5714286
-0.060716633,-0.5714286
-0.06154792,-0.5714286
-0.061203904,-0.5714286
-0.06201067,-0.5714286
-0.060171966,-0.5714286
-0.060331676,-0.5714286
-0.06058148,-0.5714286
-0.060835406,-0.5714286
-0.060638804,-0.5714286
-0.06006759,-0.5714286
-0.059197392,-0.5714286
-0.060708422,-0.5714286
-0.059193306,-0.5714286
-0.06633086,-0.5714286
-0.068976216,-0.5714286
-0.06920761,-0.5714286
-0.008845224,-0.5714286
0.031887796,-0.5714286
-0.025671544,-0.5714286
-0.008525802,-0.5714286
1.0896008,-0.5714286
1.1063145,-0.5714286
1.103616,-0.5714286
1.1031572,-0.5714286
1.1044351,-0.5714286
1.1034849,-0.5714286
1.0496069,-0.5714286
0.8947667,-0.5714286
-0.07105651,-0.5714286
-0.07130222,-0.5714286
-0.070704356,-0.5714286
-0.069557734,-0.5714286
-0.07100121,-0.5714286
-0.07078008,-0.5714286
-0.072182655,-0.5714286
-0.072485656,-0.5714286
-0.07182229,-0.5714286
-0.07171991,-0.5714286
-0.07256143,-0.5714286
-0.071359545,-0.5714286
-0.06895578,-0.5714286
-0.0686118,-0.5714286
-0.06966218,-0.5714286
-0.06900493,-0.5714286
-0.069201455,-0.5714286
-0.070499614,-0.5714286
-0.070581496,-0.5714286
-0.07048732,-0.5714286
-0.0672072,-0.5714286
-0.068568796,-0.5714286
-0.06693487,-0.5714286
-0.06698605,-0.5714286
-0.06797708,-0.5714286
-0.068554476,-0.5714286
-0.068321094,-0.5714286
-0.066971764,-0.5714286
0.026572488,-0.5714286
0.037162162,-0.5714286
0.0011752641,-0.5714286
-0.06784189,-0.5714286
-0.06638822,-0.5714286
-0.06694717,-0.5714286
-0.06727274,-0.5714286
-0.06783169,-0.5714286
-0.09549959,-0.5714286
-0.10032556,-0.5714286
-0.10131037,-0.5714286
-0.10034401,-0.5714286
-0.09867319,-0.5714286
-0.098665014,-0.5714286
-0.10009417,-0.5714286
-0.098421365,-0.5714286
-0.098808385,-0.5714286
-0.099647805,-0.5714286
-0.09991399,-0.5714286
-0.10093981,-0.5714286
-0.100589685,-0.5714286
-0.09979728,-0.5714286
-0.10000817,-0.5714286
-0.100118764,-0.5714286
-0.10041768,-0.5714286
-0.10017609,-0.5714286
-0.100694135,-0.5714286
-0.10034401,-0.5714286
-0.10180589,-0.5714286
-0.10170763,-0.5714286
-0.10205157,-0.5714286
-0.10267811,-0.5714286
-0.10171992,-0.5714286
-0.10171985,-0.5714286
-0.10260853,-0.5714286
-0.10038082,-0.5714286
-0.10049757,-0.5714286
-0.100561045,-0.5714286
-0.1003563,-0.5714286
-0.100700244,-0.5714286
-0.100172,-0.5714286
-0.10023341,-0.5714286
-0.100485235,-0.5714286
-0.10156632,-0.5714286
-0.10248976,-0.5714286
-0.10384108,-0.5714286
-0.103718266,-0.5714286
-0.10474203,-0.5714286
-0.1039762,-0.5714286
-0.10284195,-0.5714286
-0.103980325,-0.5714286
-0.103124484,-0.5714286
-0.10295454,-0.5714286
-0.10393732,-0.5714286
-0.1038268,-0.5714286
-0.10447787,-0.5714286
-0.104570016,-0.5714286
-0.10532347,-0.5714286
-0.10573711,-0.5714286
-0.10332922,-0.5714286
-0.10462734,-0.5714286
-0.10289313,-0.5714286
-0.10456387,-0.5714286
-0.1046847,-0.5714286
-0.10494676,-0.5714286
-0.10466217,-0.5714286
-0.10522731,-0.5714286
-0.10572073,-0.5714286
-0.10431205,-0.5714286
-0.10389023,-0.5714286
-0.10330466,-0.5714286
-0.1028051,-0.5714286
-0.10216217,-0.5714286
-0.1013145,-0.5714286
-0.10160115,-0.5714286
-0.10168307,-0.5714286
-0.101400465,-0.5714286
-0.09967652,-0.5714286
-0.10086611,-0.5714286
-0.101408675,-0.5714286
-0.101932794,-0.5714286
-0.10168307,-0.5714286
-0.10236488,-0.5714286
-0.10595823,-0.5714286
-0.10686731,-0.5714286
-0.10645371,-0.5714286
-0.10701472,-0.5714286
-0.10632066,-0.5714286
-0.105925426,-0.5714286
-0.106781304,-0.5714286
-0.106167056,-0.5714286
-0.1060319,-0.5714286
-0.10628995,-0.5714286
-0.10618752,-0.5714286
-0.10745697,-0.5714286
-0.19137593,-0.5714286
-0.34096435,-0.5714286
-0.34103805,-0.5714286
-0.34122035,-0.5714286
-0.3404607,-0.5714286
-0.34112203,-0.5714286
-0.34063473,-0.5714286
-0.34101558,-0.5714286
-0.34107494,-0.5714286
-0.3408968,-0.5714286
-0.34084153,-0.5714286
-0.3407658,-0.5714286
-0.34040543,-0.5714286
-0.3407985,-0.5714286
-0.34104422,-0.5714286
-0.3406183,-0.5714286
-0.32666665,-0.5714286
-0.32079238,-0.5714286
-0.32208228,-0.5714286
-0.32925063,-0.5714286
-0.33155406,-0.5714286
-0.33187965,-0.5714286
-0.33156022,-0.5714286
-0.33022726,-0.5714286
-0.33039314,-0.5714286
-0.33074325,-0.5714286
-0.33162162,-0.5714286
-0.33107492,-0.5714286
-0.33169532,-0.5714286
-0.33086812,-0.5714286
-0.33054465,-0.5714286
-0.33106878,-0.5714286
-0.33168304,-0.5714286
-0.33157656,-0.5714286
-0.3314742,-0.5714286
-0.3314742,-0.5714286
-0.33204752,-0.5714286
-0.33168715,-0.5714286
-0.33052823,-0.5714286
-0.32808766,-0.5714286
-0.32945946,-0.5714286
-0.33109742,-0.5714286
-0.33167487,-0.5714286
-0.33340296,-0.5714286
-0.3327969,-0.5714286
-0.33327395,-0.5714286
-0.33266583,-0.5714286
-0.33221954,-0.5714286
-0.33161548,-0.5714286
-0.33145577,-0.5714286
-0.33174443,-0.5714286
-0.33278257,-0.5714286
-0.33277643,-0.5714286
-0.33169532,-0.5714286
-0.33166668,-0.5714286
-0.3316544,-0.5714286
-0.33223176,-0.5714286
-0.3318366,-0.5714286
-0.3319943,-0.5714286
-0.330733,-0.5714286
-0.332242,-0.5714286
-0.331982,-0.5714286
-0.33239964,-0.5714286
-0.42619574,-0.5714286
-0.46880832,-0.5714286
-0.4688657,-0.5714286
-0.46904176,-0.5714286
-0.46935502,-0.5714286
-0.46884522,-0.5714286
-0.46815112,-0.5714286
-0.46805283,-0.5714286
-0.46837226,-0.5714286
-0.46821868,-0.5714286
-0.46851763,-0.5714286
-0.46844798,-0.5714286
-0.46864045,-0.5714286
-0.46861795,-0.5714286
-0.46783373,-0.5714286
-0.4678624,-0.5714286
-0.46810403,-0.5714286
-0.4678952,-0.5714286
-0.46842137,-0.5714286
-0.46781325,-0.5714286
-0.46793202,-0.5714286
-0.4683661,-0.5714286
-0.46838656,-0.5714286
-0.46847665,-0.5714286
-0.46905404,-0.5714286
-0.4685012,-0.5714286
-0.469181,-0.5714286
-0.46870393,-0.5714286
-0.46876332,-0.5714286
-0.46903357,-0.5714286
-0.46904176,-0.5714286
-0.4685381,-0.5714286
-0.46880832,-0.5714286
-0.46832517,-0.5714286
-0.4677846,-0.5714286
-0.46766174,-0.5714286
-0.46817568,-0.5714286
-0.4691319,-0.5714286
-0.46915236,-0.5714286
-0.46938577,-0.5714286
-0.46952704,-0.5714286
-0.4708149,-0.5714286
-0.47055283,-0.5714286
-0.4706675,-0.5714286
-0.4707248,-0.5714286
-0.47010443,-0.5714286
-0.47007778,-0.5714286
-0.47001228,-0.5714286
-0.46977478,-0.5714286
-0.47004914,-0.5714286
-0.4702744,-0.5714286
-0.4695516,-0.5714286
-0.4699017,-0.5714286
-0.4701638,-0.5714286
-0.46995082,-0.5714286
-0.470215,-0.5714286
-0.47124693,-0.5714286
-0.47084153,-0.5714286
-0.47108516,-0.5714286
-0.4707862,-0.5714286
-0.47097462,-0.5714286
-0.47079033,-0.5714286
-0.47064495,-0.5714286
-0.47006962,-0.5714286
-0.47081694,-0.5714286
-0.4710606,-0.5714286
-0.47104013,-0.5714286
-0.47114253,-0.5714286
-0.4709705,-0.5714286
-0.47088864,-0.5714286
-0.46964782,-0.5714286
-0.46906635,-0.5714286
-0.46946764,-0.5714286
-0.46929976,-0.5714286
-0.46943083,-0.5714286
-0.47059786,-0.5714286
-0.47081897,-0.5714286
-0.4709091,-0.5714286
-0.47095415,-0.5714286
-0.47070846,-0.5714286
-0.47086403,-0.5714286
-0.472715,-0.5714286
-0.47087222,-0.5714286
-0.47177517,-0.5714286
-0.47118345,-0.5714286
-0.47472972,-0.5714286
-0.47766587,-0.5714286
-0.47762287,-0.5714286
-0.4779484,-0.5714286
-0.4778665,-0.5714286
-0.47803852,-0.5714286
-0.47833538,-0.5714286
-0.47740784,-0.5714286
-0.47761056,-0.5714286
-0.4781081,-0.5714286
-0.47238943,-0.5714286
-0.46262488,-0.5714286
-0.46346027,-0.5714286
-0.47109744,-0.5714286
-0.4709091,-0.5714286
-0.47119576,-0.5714286
-0.46977064,-0.5714286
-0.47041157,-0.5714286
-0.4701167,-0.5714286
-0.46983415,-0.5714286
-0.46857086,-0.5714286
-0.46858722,-0.5714286
-0.46856675,-0.5714286
-0.46863022,-0.5714286
-0.46874693,-0.5714286
-0.46830055,-0.5714286
-0.4679791,-0.5714286
-0.46860567,-0.5714286
-0.46884522,-0.5714286
-0.4692322,-0.5714286
-0.4708354,-0.5714286
-0.47090498,-0.5714286
-0.47021702,-0.5714286
-0.47000408,-0.5714286
-0.469828,-0.5714286
-0.46996927,-0.5714286
-0.47101557,-0.5714286
-0.47089064,-0.5714286
-0.47078624,-0.5714286
-0.47092956,-0.5714286
-0.47103193,-0.5714286
-0.471077,-0.5714286
-0.47110564,-0.5714286
-0.47119576,-0.5714286
-0.4713227,-0.5714286
-0.4709214,-0.5714286
-0.4706204,-0.5714286
-0.47160524,-0.5714286
-0.4717076,-0.5714286
-0.47195333,-0.5714286
-0.47138822,-0.5714286
-0.47036856,-0.5714286
-0.47036037,-0.5714286
-0.47082925,-0.5714286
-0.46993244,-0.5714286
-0.4713268,-0.5714286
-0.47174034,-0.5714286
-0.47165847,-0.5714286
-0.47174034,-0.5714286
-0.47196558,-0.5714286
-0.47180587,-0.5714286
-0.47114655,-0.5714286
-0.4708845,-0.5714286
-0.4707289,-0.5714286
-0.4703747,-0.5714286
-0.47085586,-0.5714286
-0.4709275,-0.5714286
-0.47063878,-0.5714286
-0.4705692,-0.5714286
-0.4703481,-0.5714286
-0.4697911,-0.5714286
-0.46923012,-0.5714286
-0.46924654,-0.5714286
-0.46886158,-0.5714286
-0.47009006,-0.5714286
-0.47013927,-0.5714286
-0.470172,-0.5714286
-0.47031942,-0.5714286
-0.47004095,-0.5714286
-0.46984032,-0.5714286
-0.4700205,-0.5714286
-0.46988535,-0.5714286
-0.47007778,-0.5714286
-0.46917075,-0.5714286
-0.4691339,-0.5714286
-0.47039312,-0.5714286
-0.47020885,-0.5714286
-0.47063473,-0.5714286
-0.47024575,-0.5714286
-0.46992633,-0.5714286
-0.46920148,-0.5714286
-0.4694103,-0.5714286
-0.46961302,-0.5714286
-0.46909094,-0.5714286
-0.46961507,-0.5714286
-0.4694881,-0.5714286
-0.4699918,-0.5714286
-0.47039926,-0.5714286
-0.47051185,-0.5714286
-0.47071248,-0.5714286
-0.464611,-0.5714286
-0.45509416,-0.5714286
-0.45513925,-0.5714286
-0.46338454,-0.5714286
-0.46921375,-0.5714286
-0.4656798,-0.5714286
-0.4576474,-0.5714286
-0.46372852,-0.5714286
-0.46495086,-0.5714286
-0.46456182,-0.5714286
-0.46456182,-0.5714286
-0.46068797,-0.5714286
-0.4630999,-0.5714286
-0.46328834,-0.5714286
-0.46922195,-0.5714286
-0.46889433,-0.5714286
-0.46900898,-0.5714286
-0.4691687,-0.5714286
-0.46907863,-0.5714286
-0.4690172,-0.5714286
-0.4692424,-0.5714286
-0.4685381,-0.5714286
-0.46882474,-0.5714286
-0.46867734,-0.5714286
-0.46857905,-0.5714286
-0.4683538,-0.5714286
-0.46791154,-0.5714286
-0.46753073,-0.5714286
-0.46742013,-0.5714286
-0.46759212,-0.5714286
-0.46689188,-0.5714286
-0.4673096,-0.5714286
-0.46756348,-0.5714286
-0.46776822,-0.5714286
-0.46770272,-0.5714286
-0.46844393,-0.5714286
-0.46839473,-0.5714286
-0.46848896,-0.5714286
-0.4684398,-0.5714286
-0.46839887,-0.5714286
-0.4668714,-0.5714286
-0.4679484,-0.5714286
-0.46773547,-0.5714286
-0.46815726,-0.5714286
-0.46784192,-0.5714286
-0.46775597,-0.5714286
-0.4677969,-0.5714286
-0.4677969,-0.5714286
-0.46745288,-0.5714286
-0.46669534,-0.5714286
-0.46769044,-0.5714286
-0.4676249,-0.5714286
-0.46775183,-0.5714286
-0.46779484,-0.5714286
-0.4680344,-0.5714286
-0.46809173,-0.5714286
-0.46770883,-0.5714286
-0.46774772,-0.5714286
-0.4674406,-0.5714286
-0.46633902,-0.5714286
-0.46707618,-0.5714286
-0.46690416,-0.5714286
-0.46719494,-0.5714286
-0.46725637,-0.5714286
-0.4681613,-0.5714286
-0.46805283,-0.5714286
-0.46798113,-0.5714286
-0.4677109,-0.5714286
-0.4671253,-0.5714286
-0.46800572,-0.5714286
-0.46828008,-0.5714286
-0.4686855,-0.5714286
-0.46823916,-0.5714286
-0.4692547,-0.5714286
-0.46873057,-0.5714286
-0.4687592,-0.5714286
-0.46910936,-0.5714286
-0.46883294,-0.5714286
-0.46760443,-0.5714286
-0.46818793,-0.5714286
-0.4689312,-0.5714286
-0.46891892,-0.5714286
-0.46881655,-0.5714286
-0.46878788,-0.5714286
-0.46869782,-0.5714286
-0.46858722,-0.5714286
-0.46854627,-0.5714286
-0.46833333,-0.5714286
-0.46899265,-0.5714286
-0.46907046,-0.5714286
-0.46968877,-0.5714286
-0.4700983,-0.5714286
-0.46962532,-0.5714286
-0.47009215,-0.5714286
-0.46945947,-0.5714286
-0.46990788,-0.5714286
-0.47037265,-0.5714286
-0.4680221,-0.5714286
-0.4686425,-0.5714286
-0.4684091,-0.5714286
-0.46863022,-0.5714286
-0.468964,-0.5714286
-0.46980956,-0.5714286
-0.4703972,-0.5714286
-0.4706552,-0.5714286
-0.47070026,-0.5714286
-0.46964374,-0.5714286
-0.4706183,-0.5714286
-0.4702457,-0.5714286
-0.46870187,-0.5714286
-0.46952704,-0.5714286
-0.46901104,-0.5714286
-0.46906635,-0.5714286
-0.46892712,-0.5714286
-0.4691339,-0.5714286
-0.46897218,-0.5714286
-0.46799755,-0.5714286
-0.46850944,-0.5714286
-0.46846026,-0.5714286
-0.46863228,-0.5714286
-0.4684275,-0.5714286
-0.46737918,-0.5714286
-0.4672359,-0.5714286
-0.46724814,-0.5714286
-0.467328,-0.5714286
-0.46713346,-0.5714286
-0.4680344,-0.5714286
-0.4677723,-0.5714286
-0.46955365,-0.5714286
-0.47000003,-0.5714286
-0.4700307,-0.5714286
-0.47021297,-0.5714286
-0.47014743,-0.5714286
-0.46988124,-0.5714286
-0.47013515,-0.5714286
-0.4687592,-0.5714286
-0.4696806,-0.5714286
-0.4692322,-0.5714286
-0.47011054,-0.5714286
-0.4698587,-0.5714286
-0.4696683,-0.5714286
-0.46971336,-0.5714286
-0.46972972,-0.5714286
-0.4694308,-0.5714286
-0.46933657,-0.5714286
-0.47043815,-0.5714286
-0.4706183,-0.5714286
-0.4701679,-0.5714286
-0.47045043,-0.5714286
-0.47004297,-0.5714286
-0.469871,-0.5714286
-0.46896395,-0.5714286
-0.46935502,-0.5714286
-0.46922606,-0.5714286
-0.46855038,-0.5714286
-0.46979526,-0.5714286
-0.46974817,-0.5714286
-0.469699,-0.5714286
-0.4697911,-0.5714286
-0.46933046,-0.5714286
-0.46900493,-0.5714286
-0.46917284,-0.5714286
-0.46898034,-0.5714286
-0.46865276,-0.5714286
-0.46966216,-0.5714286
-0.46894345,-0.5714286
-0.46924448,-0.5714286
-0.46950042,-0.5714286
-0.46918306,-0.5714286
-0.46937346,-0.5714286
-0.46841115,-0.5714286
-0.468878,-0.5714286
-0.46899265,-0.5714286
-0.46831083,-0.5714286
-0.4687408,-0.5714286
-0.4681245,-0.5714286
-0.46912774,-0.5714286
-0.46900493,-0.5714286
-0.46854216,-0.5714286
-0.46847257,-0.5714286
-0.46836197,-0.5714286
-0.4684398,-0.5714286
-0.46839067,-0.5714286
-0.4686896,-0.5714286
-0.46877763,-0.5714286
-0.46859336,-0.5714286
-0.47670355,-0.5714286
-0.47695744,-0.5714286
-0.47709668,-0.5714286
-0.47727272,-0.5714286
-0.4775594,-0.5714286
-0.47756755,-0.5714286
-0.4768919,-0.5714286
-0.47746107,-0.5714286
-0.4769963,-0.5714286
-0.47719085,-0.5714286
-0.47700244,-0.5714286
-0.47712117,-0.5714286
-0.47722766,-0.5714286
-0.4769226,-0.5714286
-0.4767813,-0.5714286
-0.4762101,-0.5714286
-0.47560602,-0.5714286
-0.47587222,-0.5714286
-0.47646192,-0.5714286
-0.47671172,-0.5714286
-0.47685504,-0.5714286
-0.47726455,-0.5714286
-0.47721133,-0.5714286
-0.4770393,-0.5714286
-0.47698608,-0.5714286
-0.47638822,-0.5714286
-0.4765397,-0.5714286
-0.47722358,-0.5714286
-0.4770721,-0.5714286
-0.4768489,-0.5714286
-0.47649875,-0.5714286
-0.47716215,-0.5714286
-0.4771826,-0.5714286
-0.47704342,-0.5714286
-0.47716627,-0.5714286
-0.47669125,-0.5714286
-0.4772891,-0.5714286
-0.47727686,-0.5714286
-0.47721133,-0.5714286
-0.4767281,-0.5714286
-0.476896,-0.5714286
-0.47711918,-0.5714286
-0.47702298,-0.5714286
-0.47693697,-0.5714286
-0.47616708,-0.5714286
-0.47462323,-0.5714286
-0.47648647,-0.5714286
-0.47664618,-0.5714286
-0.47694513,-0.5714286
-0.47653154,-0.5714286
-0.47658476,-0.5714286
-0.47666666,-0.5714286
-0.47707617,-0.5714286
-0.47726044,-0.5714286
-0.47689602,-0.5714286
-0.47670147,-0.5714286
-0.47714165,-0.5714286
-0.47704342,-0.5714286
-0.47633088,-0.5714286
-0.4765663,-0.5714286
-0.47688776,-0.5714286
-0.47720718,-0.5714286
-0.47688574,-0.5714286
-0.47692874,-0.5714286
-0.4759705,-0.5714286
-0.47678134,-0.5714286
-0.4770025,-0.5714286
-0.47723588,-0.5714286
-0.47727686,-0.5714286
-0.4770639,-0.5714286
-0.47685912,-0.5714286
-0.4769349,-0.5714286
-0.47679976,-0.5714286
-0.4776331,-0.5714286
-0.47753686,-0.5714286
-0.47707617,-0.5714286
-0.47702292,-0.5714286
-0.47701067,-0.5714286
-0.47745085,-0.5714286
-0.4767936,-0.5714286
-0.47717854,-0.5714286
-0.47715396,-0.5714286
-0.47724813,-0.5714286
-0.4774386,-0.5714286
-0.47706795,-0.5714286
-0.47636366,-0.5714286
-0.47646192,-0.5714286
-0.47697175,-0.5714286
-0.47665232,-0.5714286
-0.4768755,-0.5714286
-0.47769657,-0.5714286
-0.4777805,-0.5714286
-0.47750613,-0.5714286
-0.47759622,-0.5714286
-0.4773792,-0.5714286
-0.47675267,-0.5714286
-0.47742015,-0.5714286
-0.47731367,-0.5714286
-0.47708437,-0.5714286
-0.47729117,-0.5714286
-0.47806716,-0.5714286
-0.47772726,-0.5714286
-0.4776454,-0.5714286
-0.47788697,-0.5714286
-0.4772297,-0.5714286
-0.47729117,-0.5714286
-0.4777887,-0.5714286
-0.47780097,-0.5714286
-0.47792384,-0.5714286
-0.47781327,-0.5714286
-0.4777887,-0.5714286
-0.4777191,-0.5714286
-0.47792792,-0.5714286
-0.47812656,-0.5714286
-0.4773751,-0.5714286
-0.4773833,-0.5714286
-0.47652948,-0.5714286
-0.47613022,-0.5714286
-0.47568798,-0.5714286
-0.4760156,-0.5714286
-0.47575346,-0.5714286
-0.47605652,-0.5714286
-0.47631449,-0.5714286
-0.4761507,-0.5714286
-0.47600737,-0.5714286
-0.47613433,-0.5714286
-0.47846845,-0.5714286
-0.480215,-0.5714286
-0.47915238,-0.5714286
-0.47944105,-0.5714286
-0.4793243,-0.5714286
-0.47957003,-0.5714286
-0.47928748,-0.5714286
-0.47859338,-0.5714286
-0.47872236,-0.5714286
-0.4768919,-0.5714286
-0.47693697,-0.5714286
-0.47699016,-0.5714286
-0.47694924,-0.5714286
-0.4772318,-0.5714286
-0.47726455,-0.5714286
-0.47742832,-0.5714286
-0.4768673,-0.5714286
-0.47674447,-0.5714286
-0.47717443,-0.5714286
-0.4793059,-0.5714286
-0.47891483,-0.5714286
-0.479353,-0.5714286
-0.097514346,-0.5714286
-0.32432023,-0.5714286
-0.32733822,-0.5714286
-0.32176495,-0.5714286
-0.32085586,-0.5714286
-0.32043818,-0.5714286
-0.30635133,-0.5714286
-0.29902333,-0.5714286
-0.2971335,-0.5714286
-0.30915642,-0.5714286
-0.3100983,-0.5714286
-0.3106327,-0.5714286
-0.31144965,-0.5714286
-0.3111548,-0.5714286
-0.31124902,-0.5714286
-0.3124202,-0.5714286
-0.312414,-0.5714286
-0.31331283,-0.5714286
-0.3145209,-0.5714286
-0.31529483,-0.5714286
-0.31721133,-0.5714286
-0.31743655,-0.5714286
-0.31866094,-0.5714286
-0.31811628,-0.5714286
-0.3201802,-0.5714286
-0.32208437,-0.5714286
-0.32210892,-0.5714286
-0.32201883,-0.5714286
-0.32298934,-0.5714286
-0.32372853,-0.5714286
-0.32413188,-0.5714286
-0.3240663,-0.5714286
-0.32390252,-0.5714286
-0.32504097,-0.5714286
-0.32726046,-0.5714286
-0.32694104,-0.5714286
-0.32814088,-0.5714286
-0.32912773,-0.5714286
-0.3282494,-0.5714286
-0.32762486,-0.5714286
-0.32710075,-0.5714286
-0.32729727,-0.5714286
-0.32643735,-0.5714286
-0.3260258,-0.5714286
-0.326724,-0.5714286
-0.3268141,-0.5714286
-0.327113,-0.5714286
-0.32742018,-0.5714286
-0.32733822,-0.5714286
-0.32692873,-0.5714286
-0.32756346,-0.5714286
-0.32694104,-0.5714286
-0.3272154,-0.5714286
-0.32797912,-0.5714286
-0.32932433,-0.5714286
-0.32911956,-0.5714286
-0.32953316,-0.5714286
-0.32979935,-0.5714286
-0.33001843,-0.5714286
-0.32938161,-0.5714286
-0.32927522,-0.5714286
-0.3298956,-0.5714286
-0.32847255,-0.5714286
-0.32954547,-0.5714286
-0.32891074,-0.5714286
-0.32869777,-0.5714286
-0.32836202,-0.5714286
-0.32812655,-0.5714286
-0.32768223,-0.5714286
-0.32773548,-0.5714286
-0.32732803,-0.5714286
-0.32792795,-0.5714286
-0.32847667,-0.5714286
-0.32859948,-0.5714286
-0.32876736,-0.5714286
-0.32923833,-0.5714286
-0.32869366,-0.5714286
-0.32880425,-0.5714286
-0.32968673,-0.5714286
-0.32999587,-0.5714286
-0.3289066,-0.5714286
-0.3275737,-0.5714286
-0.3295127,-0.5714286
-0.32902947,-0.5714286
-0.32938576,-0.5714286
-0.32928133,-0.5714286
-0.32879198,-0.5714286
-0.32808968,-0.5714286
-0.32813266,-0.5714286
-0.32740787,-0.5714286
-0.3273751,-0.5714286
-0.32664618,-0.5714286
-0.32730544,-0.5714286
-0.32708433,-0.5714286
-0.32594186,-0.5714286
-0.32714987,-0.5714286
-0.3283538,-0.5714286
-0.32933664,-0.5714286
-0.32790747,-0.5714286
-0.32781327,-0.5714286
-0.32809582,-0.5714286
-0.32749388,-0.5714286
-0.32839477,-0.5714286
-0.3280917,-0.5714286
-0.32757986,-0.5714286
-0.3282248,-0.5714286
-0.3276536,-0.5714286
-0.32751435,-0.5714286
-0.3270926,-0.5714286
-0.3276536,-0.5714286
-0.3277068,-0.5714286
-0.32885337,-0.5714286
-0.32887384,-0.5714286
-0.32850122,-0.5714286
-0.32820025,-0.5714286
-0.3291032,-0.5714286
-0.32898444,-0.5714286
-0.3297461,-0.5714286
-0.3307064,-0.5714286
-0.33044636,-0.5714286
-0.3317977,-0.5714286
-0.33093366,-0.5714286
-0.33035013,-0.5714286
-0.33034402,-0.5714286
-0.3303276,-0.5714286
-0.3298198,-0.5714286
-0.3307924,-0.5714286
-0.32995906,-0.5714286
-0.3296478,-0.5714286
-0.3297952,-0.5714286
-0.33061424,-0.5714286
-0.33113432,-0.5714286
-0.33102784,-0.5714286
-0.33161345,-0.5714286
-0.33117938,-0.5714286
-0.33088043,-0.5714286
-0.33055687,-0.5714286
-0.33062655,-0.5714286
-0.33086407,-0.5714286
-0.32905403,-0.5714286
-0.32927522,-0.5714286
-0.33044636,-0.5714286
-0.3383108,-0.5714286
-0.3398116,-0.5714286
-0.34027436,-0.5714286
-0.34010237,-0.5714286
-0.34011054,-0.5714286
-0.34050366,-0.5714286
-0.34081694,-0.5714286
-0.33992016,-0.5714286
-0.340387,-0.5714286
-0.340389,-0.5714286
-0.34099096,-0.5714286
-0.34119162,-0.5714286
-0.34074122,-0.5714286
-0.34130836,-0.5714286
-0.34148648,-0.5714286
-0.34116706,-0.5714286
-0.3415295,-0.5714286
-0.33962736,-0.5714286
-0.33994678,-0.5714286
-0.3394963,-0.5714286
-0.33866093,-0.5714286
-0.33911544,-0.5714286
-0.33979937,-0.5714286
-0.33897418,-0.5714286
-0.33882064,-0.5714286
-0.3404955,-0.5714286
-0.3398403,-0.5714286
-0.34095415,-0.5714286
-0.34097463,-0.5714286
-0.34142098,-0.5714286
-0.34093368,-0.5714286
-0.34104016,-0.5714286
-0.3412244,-0.5714286
-0.34124076,-0.5714286
-0.34135544,-0.5714286
-0.34003684,-0.5714286
-0.3406921,-0.5714286
-0.3399386,-0.5714286
-0.33914006,-0.5714286
-0.34039927,-0.5714286
-0.34191236,-0.5714286
-0.34088862,-0.5714286
-0.3414087,-0.5714286
-0.341982,-0.5714286
-0.34242013,-0.5714286
-0.34113434,-0.5714286
-0.3423956,-0.5714286
-0.3430016,-0.5714286
-0.34218058,-0.5714286
-0.34221745,-0.5714286
-0.342588,-0.5714286
-0.34234643,-0.5714286
-0.34236687,-0.5714286
-0.34238946,-0.5714286
-0.34161338,-0.5714286
-0.3394021,-0.5714286
-0.33871415,-0.5714286
-0.33907452,-0.5714286
-0.339742,-0.5714286
-0.3403317,-0.5714286
-0.34028253,-0.5714286
-0.3403133,-0.5714286
-0.34080467,-0.5714286
-0.33937347,-0.5714286
-0.33964783,-0.5714286
-0.34324938,-0.5714286
-0.34208024,-0.5714286
-0.34291154,-0.5714286
-0.3423833,-0.5714286
-0.34326783,-0.5714286
-0.4789476,-0.5714286
-0.47879606,-0.5714286
-0.4788125,-0.5714286
-0.47851756,-0.5714286
-0.47863024,-0.5714286
-0.47875306,-0.5714286
-0.47871006,-0.5714286
-0.47860563,-0.5714286
-0.47866708,-0.5714286
-0.47837016,-0.5714286
-0.47841933,-0.5714286
-0.47814086,-0.5714286
-0.47864047,-0.5714286
-0.4780262,-0.5714286
-0.47824734,-0.5714286
-0.47866094,-0.5714286
-0.47892505,-0.5714286
-0.47864452,-0.5714286
-0.4789926,-0.5714286
-0.47878787,-0.5714286
-0.47846028,-0.5714286
-0.47867325,-0.5714286
-0.4779361,-0.5714286
-0.47777233,-0.5714286
-0.47797707,-0.5714286
-0.47848892,-0.5714286
-0.47814494,-0.5714286
-0.47887388,-0.5714286
-0.47928748,-0.5714286
-0.47912776,-0.5714286
-0.47808355,-0.5714286
-0.47857493,-0.5714286
-0.47828418,-0.5714286
-0.47871006,-0.5714286
-0.47915232,-0.5714286
-0.479095,-0.5714286
-0.4789599,-0.5714286
-0.47881654,-0.5714286
-0.47929975,-0.5714286
-0.47880423,-0.5714286
-0.4792424,-0.5714286
-0.47858724,-0.5714286
-0.47876534,-0.5714286
-0.4789967,-0.5714286
-0.47904179,-0.5714286
-0.4787715,-0.5714286
-0.47891277,-0.5714286
-0.47848076,-0.5714286
-0.4781818,-0.5714286
-0.47764742,-0.5714286
-0.47856677,-0.5714286
-0.47831693,-0.5714286
-0.4779156,-0.5714286
-0.47818998,-0.5714286
-0.47886568,-0.5714286
-0.47889024,-0.5714286
-0.4786937,-0.5714286
-0.47880018,-0.5714286
-0.47889024,-0.5714286
-0.47860563,-0.5714286
-0.47740784,-0.5714286
-0.4774263,-0.5714286
-0.47760445,-0.5714286
-0.4778174,-0.5714286
-0.4777068,-0.5714286
-0.4776699,-0.5714286
-0.47749385,-0.5714286
-0.4782064,-0.5714286
-0.47764125,-0.5714286
-0.47811425,-0.5714286
-0.47774774,-0.5714286
-0.4775389,-0.5714286
-0.47769657,-0.5714286
-0.47830874,-0.5714286
-0.4778296,-0.5714286
-0.47798932,-0.5714286
-0.47807738,-0.5714286
-0.47831288,-0.5714286
-0.47872236,-0.5714286
-0.4782555,-0.5714286
-0.46412367,-0.5714286
-0.4575123,-0.5714286
-0.45634726,-0.5714286
-0.46758395,-0.5714286
-0.46818182,-0.5714286
-0.46828827,-0.5714286
-0.46838656,-0.5714286
-0.46816954,-0.5714286
-0.46865684,-0.5714286
-0.4684091,-0.5714286
-0.46861586,-0.5714286
-0.46889433,-0.5714286
-0.4681982,-0.5714286
-0.468792,-0.5714286
-0.4685012,-0.5714286
-0.4688043,-0.5714286
-0.46914005,-0.5714286
-0.4691851,-0.5714286
-0.4691687,-0.5714286
-0.46937346,-0.5714286
-0.46888205,-0.5714286
-0.46903566,-0.5714286
-0.46877152,-0.5714286
-0.46870393,-0.5714286
-0.46858722,-0.5714286
-0.46863228,-0.5714286
-0.4679402,-0.5714286
-0.46843162,-0.5714286
-0.4683661,-0.5714286
-0.46849716,-0.5714286
-0.4686425,-0.5714286
-0.46933657,-0.5714286
-0.46966422,-0.5714286
-0.46954548,-0.5714286
-0.46901715,-0.5714286
-0.46825144,-0.5714286
-0.46859133,-0.5714286
-0.4683047,-0.5714286
-0.468188,-0.5714286
-0.46844393,-0.5714286
-0.4681081,-0.5714286
-0.4669963,-0.5714286
-0.467588,-0.5714286
-0.46760032,-0.5714286
-0.46797708,-0.5714286
-0.46806714,-0.5714286
-0.4683538,-0.5714286
-0.4682371,-0.5714286
-0.4672727,-0.5714286
-0.46595824,-0.5714286
-0.4659869,-0.5714286
-0.4666994,-0.5714286
-0.46647424,-0.5714286
-0.46888205,-0.5714286
-0.46884927,-0.5714286
-0.46926904,-0.5714286
-0.4680344,-0.5714286
-0.46742424,-0.5714286
-0.46636364,-0.5714286
-0.46665847,-0.5714286
-0.46649876,-0.5714286
-0.4662203,-0.5714286
-0.46659705,-0.5714286
-0.46653968,-0.5714286
-0.46578214,-0.5714286
-0.4658784,-0.5714286
-0.46571258,-0.5714286
-0.46788695,-0.5714286
-0.46853396,-0.5714286
-0.4677457,-0.5714286
-0.46873462,-0.5714286
-0.46861795,-0.5714286
-0.4686118,-0.5714286
-0.46828422,-0.5714286
-0.4683456,-0.5714286
-0.46849304,-0.5714286
-0.4685012,-0.5714286
-0.4692793,-0.5714286
-0.46822685,-0.5714286
-0.4681818,-0.5714286
-0.46823502,-0.5714286
-0.46790743,-0.5714286
-0.46750614,-0.5714286
-0.46737513,-0.5714286
-0.46783373,-0.5714286
-0.46796682,-0.5714286
-0.4681859,-0.5714286
-0.46800986,-0.5714286
-0.46886978,-0.5714286
-0.46942672,-0.5714286
-0.46944717,-0.5714286
-0.46922195,-0.5714286
-0.46878994,-0.5714286
-0.4691974,-0.5714286
-0.46900082,-0.5714286
-0.4694349,-0.5714286
-0.46929362,-0.5714286
-0.46970925,-0.5714286
-0.46855652,-0.5714286
-0.46839887,-0.5714286
-0.46853396,-0.5714286
-0.4686118,-0.5714286
-0.46798527,-0.5714286
-0.4682719,-0.5714286
-0.4683415,-0.5714286
-0.46828422,-0.5714286
-0.46838245,-0.5714286
-0.46804667,-0.5714286
-0.4689988,-0.5714286
-0.46898445,-0.5714286
-0.46878788,-0.5714286
-0.46848488,-0.5714286
-0.46886975,-0.5714286
-0.4684398,-0.5714286
-0.46640456,-0.5714286
-0.46658474,-0.5714286
-0.46660116,-0.5714286
-0.46572074,-0.5714286
-0.46593365,-0.5714286
-0.46605036,-0.5714286
-0.46582308,-0.5714286
-0.4649263,-0.5714286
-0.46652335,-0.5714286
-0.46664006,-0.5714286
-0.4687592,-0.5714286
-0.46884522,-0.5714286
-0.4688575,-0.5714286
-0.46950042,-0.5714286
-0.4695639,-0.5714286
-0.46972567,-0.5714286
-0.46971336,-0.5714286
-0.4700082,-0.5714286
-0.4696253,-0.5714286
-0.4697911,-0.5714286
-0.46972153,-0.5714286
-0.46963143,-0.5714286
-0.46925065,-0.5714286
-0.4699713,-0.5714286
-0.46978295,-0.5714286
-0.46985665,-0.5714286
-0.4771867,-0.5714286
-0.4780467,-0.5714286
-0.47776416,-0.5714286
-0.4785954,-0.5714286
-0.47894347,-0.5714286
-0.4776904,-0.5714286
-0.4778931,-0.5714286
-0.4780344,-0.5714286
-0.47773543,-0.5714286
-0.47767815,-0.5714286
-0.4776822,-0.5714286
-0.4769287,-0.5714286
-0.47744474,-0.5714286
-0.47775185,-0.5714286
-0.4779484,-0.5714286
-0.47723997,-0.5714286
-0.47812858,-0.5714286
-0.47824937,-0.5714286
-0.47854218,-0.5714286
-0.47793204,-0.5714286
-0.47873464,-0.5714286
-0.47819412,-0.5714286
-0.4782924,-0.5714286
-0.47783786,-0.5714286
-0.47828627,-0.5714286
-0.47814086,-0.5714286
-0.47833747,-0.5714286
-0.47771093,-0.5714286
-0.4778665,-0.5714286
-0.47787058,-0.5714286
-0.47766173,-0.5714286
-0.47807738,-0.5714286
-0.4780098,-0.5714286
-0.47788697,-0.5714286
-0.4774386,-0.5714286
-0.47783783,-0.5714286
-0.47765356,-0.5714286
-0.47782144,-0.5714286
-0.4775983,-0.5714286
-0.4778665,-0.5714286
-0.47752252,-0.5714286
-0.47783172,-0.5714286
-0.4777682,-0.5714286
-0.47750613,-0.5714286
-0.47802824,-0.5714286
-0.47837225,-0.5714286
-0.47782558,-0.5714286
-0.4772195,-0.5714286
-0.47722766,-0.5714286
-0.4770086,-0.5714286
-0.4774038,-0.5714286
-0.47732598,-0.5714286
-0.47726044,-0.5714286
-0.4773669,-0.5714286
-0.4774775,-0.5714286
-0.47769657,-0.5714286
-0.47826374,-0.5714286
-0.47753075,-0.5714286
-0.47800574,-0.5714286
-0.47819823,-0.5714286
-0.47840297,-0.5714286
-0.47814086,-0.5714286
-0.47800985,-0.5714286
-0.4773669,-0.5714286
-0.4774693,-0.5714286
-0.4779423,-0.5714286
-0.47737104,-0.5714286
-0.47693282,-0.5714286
-0.47685096,-0.5714286
-0.47742015,-0.5714286
-0.47748154,-0.5714286
-0.47691035,-0.5714286
-0.47708842,-0.5714286
-0.47625306,-0.5714286
-0.47658065,-0.5714286
-0.47583127,-0.5714286
-0.47538492,-0.5714286
-0.47633904,-0.5714286
-0.47568795,-0.5714286
-0.47604424,-0.5714286
-0.47607288,-0.5714286
-0.47694513,-0.5714286
-0.47603604,-0.5714286
-0.47624487,-0.5714286
-0.4764066,-0.5714286
-0.47667894,-0.5714286
-0.47668308,-0.5714286
-0.47645783,-0.5714286
-0.4767629,-0.5714286
-0.47702086,-0.5714286
-0.47712117,-0.5714286
-0.4775225,-0.5714286
-0.47769657,-0.5714286
-0.4775737,-0.5714286
-0.47744474,-0.5714286
-0.477027,-0.5714286
-0.4777068,-0.5714286
-0.47740784,-0.5714286
-0.47760034,-0.5714286
-0.47757167,-0.5714286
-0.47734642,-0.5714286
-0.47702086,-0.5714286
-0.47751844,-0.5714286
-0.47736278,-0.5714286
-0.47684273,-0.5714286
-0.47633904,-0.5714286
-0.4760893,-0.5714286
-0.47488943,-0.5714286
-0.47416458,-0.5714286
-0.47407863,-0.5714286
-0.47423217,-0.5714286
-0.4737101,-0.5714286
-0.474398,-0.5714286
-0.4742793,-0.5714286
-0.4737183,-0.5714286
-0.47411546,-0.5714286
-0.4741073,-0.5714286
-0.47629812,-0.5714286
-0.47646192,-0.5714286
-0.47652337,-0.5714286
-0.47609746,-0.5714286
-0.4765663,-0.5714286
-0.47664005,-0.5714286
-0.47660112,-0.5714286
-0.47690418,-0.5714286
-0.4766339,-0.5714286
-0.4766257,-0.5714286
-0.47664005,-0.5714286
-0.47690007,-0.5714286
-0.47699425,-0.5714286
-0.47664618,-0.5714286
-0.47651514,-0.5714286
-0.47653562,-0.5714286
-0.47595415,-0.5714286
-0.4761261,-0.5714286
-0.4755733,-0.5714286
-0.47573298,-0.5714286
-0.47588453,-0.5714286
-0.47615477,-0.5714286
-0.4756511,-0.5714286
-0.47579446,-0.5714286
-0.47565725,-0.5714286
-0.47575757,-0.5714286
-0.47560197,-0.5714286
-0.47537673,-0.5714286
-0.46763512,-0.5714286
-0.45487717,-0.5714286
-0.45336607,-0.5714286
-0.46372235,-0.5714286
-0.46574324,-0.5714286
-0.4654996,-0.5714286
-0.46550778,-0.5714286
-0.46512282,-0.5714286
-0.4659132,-0.5714286
-0.4656921,-0.5714286
-0.46568796,-0.5714286
-0.4656265,-0.5714286
-0.46576986,-0.5714286
-0.46537268,-0.5714286
-0.46536037,-0.5714286
-0.46378785,-0.5714286
-0.46301803,-0.5714286
-0.46331283,-0.5714286
-0.46404788,-0.5714286
-0.4636241,-0.5714286
-0.46313268,-0.5714286
-0.4656695,-0.5714286
-0.46534806,-0.5714286
-0.4645823,-0.5714286
-0.4657617,-0.5714286
-0.46565726,-0.5714286
-0.4650553,-0.5714286
-0.4662162,-0.5714286
-0.46484438,-0.5714286
-0.46473792,-0.5714286
-0.4646192,-0.5714286
-0.46623668,-0.5714286
-0.4652457,-0.5714286
-0.46624082,-0.5714286
-0.4662121,-0.5714286
-0.4665295,-0.5714286
-0.4660934,-0.5714286
-0.4658968,-0.5714286
-0.46463552,-0.5714286
-0.46412775,-0.5714286
-0.46411142,-0.5714286
-0.4636241,-0.5714286
-0.46305895,-0.5714286
-0.46412775,-0.5714286
-0.46405405,-0.5714286
-0.46343365,-0.5714286
-0.46419328,-0.5714286
-0.46467444,-0.5714286
-0.46580467,-0.5714286
-0.46691236,-0.5714286
-0.46729317,-0.5714286
-0.46714988,-0.5714286
-0.46692464,-0.5714286
-0.46679363,-0.5714286
-0.46652746,-0.5714286
-0.46651718,-0.5714286
-0.46684277,-0.5714286
-0.46674445,-0.5714286
-0.46647424,-0.5714286
-0.46633086,-0.5714286
-0.46599096,-0.5714286
-0.46439394,-0.5714286
-0.46536443,-0.5714286
-0.4655324,-0.5714286
-0.46463758,-0.5714286
-0.46565107,-0.5714286
-0.46571258,-0.5714286
-0.46591523,-0.5714286
-0.46654382,-0.5714286
-0.46681818,-0.5714286
-0.46595415,-0.5714286
-0.4657535,-0.5714286
-0.46641892,-0.5714286
-0.466335,-0.5714286
-0.46631038,-0.5714286
-0.4660319,-0.5714286
-0.4662162,-0.5714286
-0.46591523,-0.5714286
-0.46654794,-0.5714286
-0.4664558,-0.5714286
-0.46592957,-0.5714286
-0.46636978,-0.5714286
-0.46626127,-0.5714286
-0.46543813,-0.5714286
-0.46621212,-0.5714286
-0.46596232,-0.5714286
-0.46625715,-0.5714286
-0.4666032,-0.5714286
-0.46667892,-0.5714286
-0.46619573,-0.5714286
-0.46654382,-0.5714286
-0.46633086,-0.5714286
-0.46641892,-0.5714286
-0.46597868,-0.5714286
-0.46565112,-0.5714286
-0.46573707,-0.5714286
-0.46619987,-0.5714286
-0.46577397,-0.5714286
-0.4659705,-0.5714286
-0.4648894,-0.5714286
-0.4657658,-0.5714286
-0.4654095,-0.5714286
-0.46527025,-0.5714286
-0.4661466,-0.5714286
-0.46624693,-0.5714286
-0.46638,-0.5714286
-0.46631038,-0.5714286
-0.4659214,-0.5714286
-0.4652662,-0.5714286
-0.46544224,-0.5714286
-0.46555898,-0.5714286
-0.4659091,-0.5714286
-0.46579033,-0.5714286
-0.4659214,-0.5714286
-0.4660524,-0.5714286
-0.4660729,-0.5714286
-0.46613023,-0.5714286
-0.46577805,-0.5714286
-0.46460688,-0.5714286
-0.465692,-0.5714286
-0.46585172,-0.5714286
-0.46519655,-0.5714286
-0.46594596,-0.5714286
-0.46578628,-0.5714286
-0.46603805,-0.5714286
-0.4658968,-0.5714286
-0.46603602,-0.5714286
-0.46590498,-0.5714286
-0.46496725,-0.5714286
-0.46555287,-0.5714286
-0.46571252,-0.5714286
-0.47439396,-0.5714286
-0.47406223,-0.5714286
-0.47427106,-0.5714286
-0.47479728,-0.5714286
-0.47521293,-0.5714286
-0.47478294,-0.5714286
-0.4742301,-0.5714286
-0.474267,-0.5714286
-0.47435302,-0.5714286
-0.4739599,-0.5714286
-0.4745086,-0.5714286
-0.4708149,-0.5714286
-0.45659703,-0.5714286
-0.45673218,-0.5714286
-0.4659828,-0.5714286
-0.465946,-0.5714286
-0.46443486,-0.5714286
-0.46507987,-0.5714286
-0.46506143,-0.5714286
-0.4648157,-0.5714286
-0.4638329,-0.5714286
-0.46309173,-0.5714286
-0.4632924,-0.5714286
-0.46297708,-0.5714286
-0.46326372,-0.5714286
-0.46369368,-0.5714286
-0.46404588,-0.5714286
-0.4642056,-0.5714286
-0.4641605,-0.5714286
-0.4647236,-0.5714286
-0.46436933,-0.5714286
-0.4655815,-0.5714286
-0.4663821,-0.5714286
-0.4660995,-0.5714286
-0.46613434,-0.5714286
-0.4656061,-0.5714286
-0.4664087,-0.5714286
-0.4662715,-0.5714286
-0.46654794,-0.5714286
-0.4665397,-0.5714286
-0.46656018,-0.5714286
-0.46623668,-0.5714286
-0.46641275,-0.5714286
-0.4664701,-0.5714286
-0.46620393,-0.5714286
-0.4654218,-0.5714286
-0.46506554,-0.5714286
-0.46553442,-0.5714286
-0.4654054,-0.5714286
-0.4654136,-0.5714286
-0.4657289,-0.5714286
-0.46550366,-0.5714286
-0.465129,-0.5714286
-0.4651433,-0.5714286
-0.464828,-0.5714286
-0.46533173,-0.5714286
-0.46518835,-0.5714286
-0.46520883,-0.5714286
-0.46536854,-0.5714286
-0.4658763,-0.5714286
-0.46567568,-0.5714286
-0.4653194,-0.5714286
-0.46517813,-0.5714286
-0.4651188,-0.5714286
-0.4650082,-0.5714286
-0.4655221,-0.5714286
-0.46512282,-0.5714286
-0.46523342,-0.5714286
-0.46519655,-0.5714286
-0.46470517,-0.5714286
-0.46470517,-0.5714286
-0.4650553,-0.5714286
-0.46477476,-0.5714286
-0.46415234,-0.5714286
-0.46482387,-0.5714286
-0.46481982,-0.5714286
-0.46483415,-0.5714286
-0.46556103,-0.5714286
-0.4660319,-0.5714286
-0.46596232,-0.5714286
-0.4657289,-0.5714286
-0.46565112,-0.5714286
-0.4656183,-0.5714286
-0.46534395,-0.5714286
-0.4659705,-0.5714286
-0.46552825,-0.5714286
-0.46567568,-0.5714286
-0.46553442,-0.5714286
-0.46576986,-0.5714286
0.038935255,-0.5714286
-0.31106883,-0.5714286
-0.3063452,-0.5714286
-0.30511463,-0.5714286
-0.30366707,-0.5714286
-0.3043694,-0.5714286
-0.303018,-0.5714286
-0.3032023,-0.5714286
-0.30291563,-0.5714286
-0.3030528,-0.5714286
-0.30305898,-0.5714286
-0.30375308,-0.5714286
-0.30407864,-0.5714286
-0.29882884,-0.5714286
-0.28861997,-0.5714286
-0.2887715,-0.5714286
-0.2949304,-0.5714286
-0.29978502,-0.5714286
-0.30028254,-0.5714286
-0.29537675,-0.5714286
-0.29237512,-0.5714286
-0.30141687,-0.5714286
-0.30507782,-0.5714286
-0.31095824,-0.5714286
-0.3115172,-0.5714286
-0.3131204,-0.5714286
-0.31420967,-0.5714286
-0.31447992,-0.5714286
-0.3132842,-0.5714286
-0.31322688,-0.5714286
-0.3134828,-0.5714286
-0.3143489,-0.5714286
-0.3153235,-0.5714286
-0.3147666,-0.5714286
-0.31557125,-0.5714286
-0.3155733,-0.5714286
-0.31548733,-0.5714286
-0.31512696,-0.5714286
-0.3185954,-0.5714286
-0.31937346,-0.5714286
-0.31946558,-0.5714286
-0.31995904,-0.5714286
-0.31947172,-0.5714286
-0.32170352,-0.5714286
-0.32151106,-0.5714286
-0.3202334,-0.5714286
-0.31972152,-0.5714286
-0.3210647,-0.5714286
-0.32063472,-0.5714286
-0.32003686,-0.5714286
-0.32093772,-0.5714286
-0.32159704,-0.5714286
-0.32038492,-0.5714286
-0.32132062,-0.5714286
-0.32176495,-0.5714286
-0.32216215,-0.5714286
-0.32171583,-0.5714286
-0.32215807,-0.5714286
-0.32102782,-0.5714286
-0.32074937,-0.5714286
-0.32108107,-0.5714286
-0.3209705,-0.5714286
-0.3216175,-0.5714286
-0.32286242,-0.5714286
-0.32378787,-0.5714286
-0.3238657,-0.5714286
-0.32329854,-0.5714286
-0.32343164,-0.5714286
-0.32217446,-0.5714286
-0.3231941,-0.5714286
-0.32407245,-0.5714286
-0.32363632,-0.5714286
-0.3219943,-0.5714286
-0.32292384,-0.5714286
-0.32408476,-0.5714286
-0.3237715,-0.5714286
-0.3227887,-0.5714286
-0.3233292,-0.5714286
-0.3230508,-0.5714286
-0.323878,-0.5714286
-0.32307738,-0.5714286
-0.32371008,-0.5714286
-0.32506144,-0.5714286
-0.3258292,-0.5714286
-0.3252539,-0.5714286
-0.32318184,-0.5714286
-0.3246806,-0.5714286
-0.32487303,-0.5714286
-0.32504913,-0.5714286
-0.3250737,-0.5714286
-0.32515562,-0.5714286
-0.324697,-0.5714286
-0.32412368,-0.5714286
-0.32454136,-0.5714286
-0.32443488,-0.5714286
-0.3242916,-0.5714286
-0.32405406,-0.5714286
-0.32538903,-0.5714286
-0.32456183,-0.5714286
-0.32447788,-0.5714286
-0.32312855,-0.5714286
-0.32447994,-0.5714286
-0.32566953,-0.5714286
-0.32526612,-0.5714286
-0.32409096,-0.5714286
-0.3247297,-0.5714286
-0.32487717,-0.5714286
-0.3252867,-0.5714286
-0.32570434,-0.5714286
-0.32568794,-0.5714286
-0.32535216,-0.5714286
-0.32543406,-0.5714286
-0.32495087,-0.5714286
-0.3252703,-0.5714286
-0.3246806,-0.5714286
-0.32488945,-0.5714286
-0.32470518,-0.5714286
-0.3246806,-0.5714286
-0.32315314,-0.5714286
-0.3226249,-0.5714286
-0.32180178,-0.5714286
-0.32268223,-0.5714286
-0.32316545,-0.5714286
-0.323751,-0.5714286
-0.32248157,-0.5714286
-0.3225348,-0.5714286
-0.32254913,-0.5714286
-0.32307535,-0.5714286
-0.32291156,-0.5714286
-0.3223403,-0.5714286
-0.32197174,-0.5714286
-0.3223833,-0.5714286
-0.3235012,-0.5714286
-0.32325962,-0.5714286
-0.32516378,-0.5714286
-0.32569614,-0.5714286
-0.32420558,-0.5714286
-0.32495496,-0.5714286
-0.32485667,-0.5714286
-0.32477272,-0.5714286
-0.32438165,-0.5714286
-0.32565522,-0.5714286
-0.32495496,-0.5714286
-0.32419735,-0.5714286
-0.32500002,-0.5714286
-0.32560605,-0.5714286
-0.32614657,-0.5714286
-0.32602787,-0.5714286
-0.32603604,-0.5714286
-0.32537466,-0.5714286
-0.32579032,-0.5714286
-0.3257371,-0.5714286
-0.32541767,-0.5714286
-0.32536444,-0.5714286
-0.32577395,-0.5714286
-0.32504505,-0.5714286
-0.32485873,-0.5714286
-0.32528254,-0.5714286
-0.325,-0.5714286
-0.32612205,-0.5714286
-0.326638,-0.5714286
-0.32675263,-0.5714286
-0.3259869,-0.5714286
-0.32502866,-0.5714286
-0.325733,-0.5714286
-0.32511058,-0.5714286
-0.32513514,-0.5714286
-0.32554874,-0.5714286
-0.32595414,-0.5714286
-0.32567978,-0.5714286
-0.32571253,-0.5714286
-0.3258661,-0.5714286
-0.32557738,-0.5714286
-0.32578623,-0.5714286
-0.324957,-0.5714286
-0.32444105,-0.5714286
-0.32433662,-0.5714286
-0.32479525,-0.5714286
-0.3256757,-0.5714286
-0.32595006,-0.5714286
-0.32637593,-0.5714286
-0.3264865,-0.5714286
-0.3262162,-0.5714286
-0.32467446,-0.5714286
-0.3261384,-0.5714286
-0.32611182,-0.5714286
-0.32576987,-0.5714286
-0.32547298,-0.5714286
-0.32544634,-0.5714286
-0.32637182,-0.5714286
-0.3247461,-0.5714286
-0.3257371,-0.5714286
-0.32600737,-0.5714286
-0.3253624,-0.5714286
-0.3250942,-0.5714286
-0.32444105,-0.5714286
-0.34987715,-0.5714286
-0.4652539,-0.5714286
-0.4649631,-0.5714286
-0.4698976,-0.5714286
-0.47266173,-0.5714286
-0.47245088,-0.5714286
-0.47298115,-0.5714286
-0.4734603,-0.5714286
-0.47383294,-0.5714286
-0.47332105,-0.5714286
-0.47311223,-0.5714286
-0.47337428,-0.5714286
-0.47380835,-0.5714286
-0.4730139,-0.5714286
-0.47360566,-0.5714286
-0.47398445,-0.5714286
-0.4736896,-0.5714286
-0.47265354,-0.5714286
-0.47380018,-0.5714286
-0.47339067,-0.5714286
-0.47324324,-0.5714286
-0.47362408,-0.5714286
-0.4729279,-0.5714286
-0.47382882,-0.5714286
-0.47391483,-0.5714286
-0.47398037,-0.5714286
-0.47451273,-0.5714286
-0.47435504,-0.5714286
-0.47453725,-0.5714286
-0.47393942,-0.5714286
-0.47362408,-0.5714286
-0.47449222,-0.5714286
-0.47393942,-0.5714286
-0.4745332,-0.5714286
-0.47467446,-0.5714286
-0.47433254,-0.5714286
-0.47447994,-0.5714286
-0.47404176,-0.5714286
-0.47332925,-0.5714286
-0.4741114,-0.5714286
-0.4738493,-0.5714286
-0.47366506,-0.5714286
-0.47226864,-0.5714286
-0.47174448,-0.5714286
-0.47184888,-0.5714286
-0.47148645,-0.5714286
-0.47153565,-0.5714286
-0.47148645,-0.5714286
-0.47133905,-0.5714286
-0.47113022,-0.5714286
-0.4704484,-0.5714286
-0.4711998,-0.5714286
-0.47300574,-0.5714286
-0.4736896,-0.5714286
-0.47409913,-0.5714286
-0.47373465,-0.5714286
-0.47331285,-0.5714286
-0.47305897,-0.5714286
-0.47350535,-0.5714286
-0.4730897,-0.5714286
-0.4731634,-0.5714286
-0.47365478,-0.5714286
-0.47398037,-0.5714286
-0.47366092,-0.5714286
-0.47330058,-0.5714286
-0.47347257,-0.5714286
-0.4741073,-0.5714286
-0.47340292,-0.5714286
-0.47300163,-0.5714286
-0.47380018,-0.5714286
-0.47361183,-0.5714286
-0.47336197,-0.5714286
-0.47327396,-0.5714286
-0.47320023,-0.5714286
-0.47348282,-0.5714286
-0.47353807,-0.5714286
-0.47306716,-0.5714286
-0.47348282,-0.5714286
-0.47367322,-0.5714286
-0.47395575,-0.5714286
-0.47372645,-0.5714286
-0.47376534,-0.5714286
-0.47348487,-0.5714286
-0.4729648,-0.5714286
-0.4733538,-0.5714286
-0.47343165,-0.5714286
-0.4730897,-0.5714286
-0.47251025,-0.5714286
-0.47349304,-0.5714286
-0.47272727,-0.5714286
-0.47296068,-0.5714286
-0.4727477,-0.5714286
-0.47309175,-0.5714286
-0.47317362,-0.5714286
-0.47306716,-0.5714286
-0.47292382,-0.5714286
-0.47264537,-0.5714286
-0.47317567,-0.5714286
-0.47306716,-0.5714286
-0.4736671,-0.5714286
-0.4731634,-0.5714286
-0.47332925,-0.5714286
-0.47349712,-0.5714286
-0.47321457,-0.5714286
-0.4735381,-0.5714286
-0.4729771,-0.5714286
-0.47287062,-0.5714286
-0.4734971,-0.5714286
-0.47361183,-0.5714286
-0.47334564,-0.5714286
-0.47333333,-0.5714286
-0.47347665,-0.5714286
-0.47364047,-0.5714286
-0.47307533,-0.5714286
-0.47328624,-0.5714286
-0.47265354,-0.5714286
-0.47338244,-0.5714286
-0.47287062,-0.5714286
-0.47195742,-0.5714286
-0.47135136,-0.5714286
-0.47130626,-0.5714286
-0.47121006,-0.5714286
-0.47103605,-0.5714286
-0.47103605,-0.5714286
-0.47133905,-0.5714286
-0.47077802,-0.5714286
-0.47137594,-0.5714286
-0.4714537,-0.5714286
-0.47307128,-0.5714286
-0.4739189,-0.5714286
-0.47372645,-0.5714286
-0.47364458,-0.5714286
-0.47363633,-0.5714286
-0.47360563,-0.5714286
-0.47329238,-0.5714286
-0.47367322,-0.5714286
-0.474009,-0.5714286
-0.47420147,-0.5714286
-0.47439396,-0.5714286
-0.47435302,-0.5714286
-0.47412777,-0.5714286
-0.47399265,-0.5714286
-0.47428748,-0.5714286
-0.47424242,-0.5714286
-0.47299758,-0.5714286
-0.47432843,-0.5714286
-0.47447583,-0.5714286
-0.47463965,-0.5714286
-0.47504097,-0.5714286
-0.47488943,-0.5714286
-0.47506145,-0.5714286
-0.47495085,-0.5714286
-0.47474203,-0.5714286
-0.4747113,-0.5714286
-0.4750164,-0.5714286
-0.4749468,-0.5714286
-0.46402946,-0.5714286
-0.45519045,-0.5714286
-0.45214987,-0.5714286
-0.46269658,-0.5714286
-0.4652293,-0.5714286
-0.46495494,-0.5714286
-0.46482185,-0.5714286
-0.46316952,-0.5714286
-0.46444306,-0.5714286
-0.46476248,-0.5714286
-0.4655221,-0.5714286
-0.46532762,-0.5714286
-0.46573302,-0.5714286
-0.46513513,-0.5714286
-0.4654832,-0.5714286
-0.465389,-0.5714286
-0.46504912,-0.5714286
-0.46592543,-0.5714286
-0.46601143,-0.5714286
-0.46613023,-0.5714286
-0.46622035,-0.5714286
-0.46652335,-0.5714286
-0.46628994,-0.5714286
-0.46552414,-0.5714286
-0.4659992,-0.5714286
-0.46568796,-0.5714286
-0.46620393,-0.5714286
-0.46659294,-0.5714286
-0.4665295,-0.5714286
-0.46641687,-0.5714286
-0.4662592,-0.5714286
-0.46518427,-0.5714286
-0.466249,-0.5714286
-0.46630222,-0.5714286
-0.46603602,-0.5714286
-0.4650696,-0.5714286
-0.4654136,-0.5714286
-0.46573302,-0.5714286
-0.4657248,-0.5714286
-0.46575552,-0.5714286
-0.46637592,-0.5714286
-0.46590093,-0.5714286
-0.46563268,-0.5714286
-0.46565107,-0.5714286
-0.46564704,-0.5714286
-0.46494678,-0.5714286
-0.46539718,-0.5714286
-0.46542996,-0.5714286
-0.46556512,-0.5714286
-0.46593368,-0.5714286
-0.46616095,-0.5714286
-0.46595824,-0.5714286
-0.46608928,-0.5714286
-0.46644145,-0.5714286
-0.46564704,-0.5714286
-0.4656675,-0.5714286
-0.46557736,-0.5714286
-0.4660258,-0.5714286
-0.46588045,-0.5714286
-0.46602786,-0.5714286
-0.46534806,-0.5714286
-0.46494266,-0.5714286
-0.46474814,-0.5714286
-0.46475843,-0.5714286
-0.46421787,-0.5714286
-0.46595415,-0.5714286
-0.4654054,-0.5714286
-0.46545455,-0.5714286
-0.4659828,-0.5714286
-0.4657166,-0.5714286
-0.46537673,-0.5714286
-0.46552414,-0.5714286
-0.46529484,-0.5714286
-0.46447995,-0.5714286
-0.46511054,-0.5714286
-0.465,-0.5714286
-0.4649959,-0.5714286
-0.46534806,-0.5714286
-0.46525797,-0.5714286
-0.465389,-0.5714286
-0.46515155,-0.5714286
-0.46486077,-0.5714286
-0.4648485,-0.5714286
-0.46442258,-0.5714286
-0.46557736,-0.5714286
-0.4655528,-0.5714286
-0.4657985,-0.5714286
-0.46579853,-0.5714286
-0.46570027,-0.5714286
-0.46573302,-0.5714286
-0.46579033,-0.5714286
-0.46597463,-0.5714286
-0.46543813,-0.5714286
-0.4659091,-0.5714286
-0.46592957,-0.5714286
-0.464525,-0.5714286
-0.46384522,-0.5714286
-0.46427113,-0.5714286
-0.46404174,-0.5714286
-0.46371415,-0.5714286
-0.4635627,-0.5714286
-0.4634357,-0.5714286
-0.46353808,-0.5714286
-0.46423423,-0.5714286
-0.464267,-0.5714286
-0.46580675,-0.5714286
-0.46663395,-0.5714286
-0.4667629,-0.5714286
-0.46649057,-0.5714286
-0.46660936,-0.5714286
-0.4667117,-0.5714286
-0.46627358,-0.5714286
-0.4667854,-0.5714286
-0.4670516,-0.5714286
-0.4669226,-0.5714286
-0.46665028,-0.5714286
-0.4667977,-0.5714286
-0.46623462,-0.5714286
-0.46557736,-0.5714286
-0.46622238,-0.5714286
-0.4658763,-0.5714286
-0.4652293,-0.5714286
-0.46605036,-0.5714286
-0.4662858,-0.5714286
-0.4660729,-0.5714286
-0.46616298,-0.5714286
-0.4662858,-0.5714286
-0.4661753,-0.5714286
-0.46636364,-0.5714286
-0.46640053,-0.5714286
-0.46657658,-0.5714286
-0.46635544,-0.5714286
-0.46665442,-0.5714286
-0.46673217,-0.5714286
-0.47327596,-0.5714286
-0.47502866,-0.5714286
-0.47495085,-0.5714286
-0.47508192,-0.5714286
-0.4751167,-0.5714286
-0.4751597,-0.5714286
-0.47436118,-0.5714286
-0.47544226,-0.5714286
-0.4755733,-0.5714286
-0.47585174,-0.5714286
-0.4755733,-0.5714286
-0.4755651,-0.5714286
-0.47520885,-0.5714286
-0.47533783,-0.5714286
-0.47534397,-0.5714286
-0.47509825,-0.5714286
-0.47542998,-0.5714286
-0.47512284,-0.5714286
-0.4740602,-0.5714286
-0.47351965,-0.5714286
-0.47347665,-0.5714286
-0.47366506,-0.5714286
-0.47396806,-0.5714286
-0.47324324,-0.5714286
-0.47361177,-0.5714286
-0.47362408,-0.5714286
-0.4727027,-0.5714286
-0.47282556,-0.5714286
-0.4756634,-0.5714286
-0.47549137,-0.5714286
-0.47544226,-0.5714286
-0.47571662,-0.5714286
-0.47585174,-0.5714286
-0.4760524,-0.5714286
-0.47552827,-0.5714286
-0.47576168,-0.5714286
-0.47562653,-0.5714286
-0.47583944,-0.5714286
-0.47561428,-0.5714286
-0.47580668,-0.5714286
-0.47568387,-0.5714286
-0.47556922,-0.5714286
-0.47604424,-0.5714286
-0.4754054,-0.5714286
-0.47544226,-0.5714286
-0.4746376,-0.5714286
-0.47586405,-0.5714286
-0.4756204,-0.5714286
-0.4756757,-0.5714286
-0.4762244,-0.5714286
-0.47608107,-0.5714286
-0.47599918,-0.5714286
-0.47619164,-0.5714286
-0.47638205,-0.5714286
-0.47568387,-0.5714286
-0.47571865,-0.5714286
-0.47576573,-0.5714286
-0.47598282,-0.5714286
-0.47591317,-0.5714286
-0.47558153,-0.5714286
-0.4754463,-0.5714286
-0.4753235,-0.5714286
-0.47581697,-0.5714286
-0.47558153,-0.5714286
-0.4744963,-0.5714286
-0.47495496,-0.5714286
-0.47557738,-0.5714286
-0.47545457,-0.5714286
-0.4759214,-0.5714286
-0.4756511,-0.5714286
-0.4748526,-0.5714286
-0.47520885,-0.5714286
-0.47528255,-0.5714286
-0.47442672,-0.5714286
-0.47495902,-0.5714286
-0.47495085,-0.5714286
-0.4750655,-0.5714286
-0.47513103,-0.5714286
-0.47538698,-0.5714286
-0.47554463,-0.5714286
-0.47547093,-0.5714286
-0.47552416,-0.5714286
-0.4747134,-0.5714286
-0.47497544,-0.5714286
-0.47495496,-0.5714286
-0.4753501,-0.5714286
-0.47492632,-0.5714286
-0.47483206,-0.5714286
-0.47530302,-0.5714286
-0.4748526,-0.5714286
-0.47549137,-0.5714286
-0.4751802,-0.5714286
-0.4745823,-0.5714286
-0.4752539,-0.5714286
-0.47533166,-0.5714286
-0.47509214,-0.5714286
-0.47538084,-0.5714286
-0.47547913,-0.5714286
-0.47554874,-0.5714286
-0.47554055,-0.5714286
-0.47529075,-0.5714286
-0.47473386,-0.5714286
-0.4745086,-0.5714286
-0.4750696,-0.5714286
-0.47527027,-0.5714286
-0.47544226,-0.5714286
-0.47555894,-0.5714286
-0.47597668,-0.5714286
-0.47618753,-0.5714286
-0.4764005,-0.5714286
-0.47640046,-0.5714286
-0.47559786,-0.5714286
-0.47565928,-0.5714286
-0.4761507,-0.5714286
-0.47609746,-0.5714286
-0.4760135,-0.5714286
-0.47613022,-0.5714286
-0.47587633,-0.5714286
-0.47572482,-0.5714286
-0.47593775,-0.5714286
-0.4762367,-0.5714286
-0.4753112,-0.5714286
-0.47588453,-0.5714286
-0.4765397,-0.5714286
-0.47585997,-0.5714286
-0.4760893,-0.5714286
-0.47591728,-0.5714286
-0.47603193,-0.5714286
-0.47572482,-0.5714286
-0.4758477,-0.5714286
-0.47563064,-0.5714286
-0.47588864,-0.5714286
-0.47590297,-0.5714286
-0.47614864,-0.5714286
-0.47612205,-0.5714286
-0.47616708,-0.5714286
-0.47563264,-0.5714286
-0.4756204,-0.5714286
-0.47571662,-0.5714286
-0.474957,-0.5714286
-0.4753235,-0.5714286
-0.4745946,-0.5714286
-0.47500613,-0.5714286
-0.47542584,-0.5714286
-0.4751597,-0.5714286
-0.47525796,-0.5714286
-0.4751433,-0.5714286
-0.4749222,-0.5714286
-0.47513103,-0.5714286
-0.4748403,-0.5714286
-0.47477886,-0.5714286
-0.46402127,-0.5714286
-0.4554054,-0.5714286
-0.45477888,-0.5714286
-0.46258396,-0.5714286
-0.46620393,-0.5714286
-0.46580675,-0.5714286
-0.46562657,-0.5714286
-0.46543407,-0.5714286
-0.46550778,-0.5714286
-0.46540132,-0.5714286
-0.46581078,-0.5714286
-0.4660688,-0.5714286
-0.46622851,-0.5714286
-0.4666626,-0.5714286
-0.46663395,-0.5714286
-0.466335,-0.5714286
-0.46600738,-0.5714286
-0.46577397,-0.5714286
-0.46683863,-0.5714286
-0.46512282,-0.5714286
-0.46513513,-0.5714286
-0.46506143,-0.5714286
-0.4646437,-0.5714286
-0.46421376,-0.5714286
-0.46460688,-0.5714286
-0.46494266,-0.5714286
-0.46457413,-0.5714286
-0.4640295,-0.5714286
-0.4646601,-0.5714286
-0.46606064,-0.5714286
-0.46670762,-0.5714286
-0.4663964,-0.5714286
-0.4664558,-0.5714286
-0.46688572,-0.5714286
-0.46689188,-0.5714286
-0.46684277,-0.5714286
-0.46649876,-0.5714286
-0.46686733,-0.5714286
-0.46665028,-0.5714286
-0.46683046,-0.5714286
-0.4665295,-0.5714286
-0.46635544,-0.5714286
-0.46568385,-0.5714286
-0.4655692,-0.5714286
-0.4654996,-0.5714286
-0.46471745,-0.5714286
-0.46562243,-0.5714286
-0.46630222,-0.5714286
-0.46659297,-0.5714286
-0.4663595,-0.5714286
-0.4661548,-0.5714286
-0.46590498,-0.5714286
-0.46618757,-0.5714286
-0.46526414,-0.5714286
-0.4644103,-0.5714286
-0.46431822,-0.5714286
-0.46339068,-0.5714286
-0.4626126,-0.5714286
-0.46203318,-0.5714286
-0.46434483,-0.5714286
-0.46368963,-0.5714286
-0.46349302,-0.5714286
-0.46353194,-0.5714286
-0.46315727,-0.5714286
-0.46288696,-0.5714286
-0.46257576,-0.5714286
-0.46341932,-0.5714286
-0.46526414,-0.5714286
-0.46543816,-0.5714286
-0.46548733,-0.5714286
-0.4652764,-0.5714286
-0.46579033,-0.5714286
-0.46581897,-0.5714286
-0.46568182,-0.5714286
-0.46490583,-0.5714286
-0.46502456,-0.5714286
-0.46542382,-0.5714286
-0.4658784,-0.5714286
-0.4648034,-0.5714286
-0.46511054,-0.5714286
-0.46502456,-0.5714286
-0.46506143,-0.5714286
-0.46505728,-0.5714286
-0.46536037,-0.5714286
-0.4652293,-0.5714286
-0.465129,-0.5714286
-0.46577397,-0.5714286
-0.46602786,-0.5714286
-0.46633086,-0.5714286
-0.46638823,-0.5714286
-0.4661548,-0.5714286
-0.46624082,-0.5714286
-0.46630222,-0.5714286
-0.46643323,-0.5714286
-0.4655324,-0.5714286
-0.46657658,-0.5714286
-0.4662531,-0.5714286
-0.46660936,-0.5714286
-0.46651515,-0.5714286
-0.46636364,-0.5714286
-0.46636775,-0.5714286
-0.4661753,-0.5714286
-0.4655446,-0.5714286
-0.46574122,-0.5714286
-0.4661056,-0.5714286
-0.4665684,-0.5714286
-0.466552,-0.5714286
-0.46649876,-0.5714286
-0.46646807,-0.5714286
-0.46696562,-0.5714286
-0.46714988,-0.5714286
-0.46739966,-0.5714286
-0.46694103,-0.5714286
-0.46604422,-0.5714286
-0.46728092,-0.5714286
-0.46766174,-0.5714286
-0.46807125,-0.5714286
-0.46740377,-0.5714286
-0.4670516,-0.5714286
-0.4671294,-0.5714286
-0.46690416,-0.5714286
-0.46638006,-0.5714286
-0.46690416,-0.5714286
-0.4669656,-0.5714286
-0.4681388,-0.5714286
-0.46786857,-0.5714286
-0.46807742,-0.5714286
-0.4681368,-0.5714286
-0.46802208,-0.5714286
-0.4677764,-0.5714286
-0.46757984,-0.5714286
-0.4673915,-0.5714286
-0.4669349,-0.5714286
-0.46717444,-0.5714286
-0.46688783,-0.5714286
-0.47280097,-0.5714286
-0.47582722,-0.5714286
-0.47577804,-0.5714286
-0.47570026,-0.5714286
-0.47606882,-0.5714286
-0.47617933,-0.5714286
-0.4758927,-0.5714286
-0.4753276,-0.5714286
-0.47637182,-0.5714286
-0.47588453,-0.5714286
-0.47640046,-0.5714286
-0.47654787,-0.5714286
-0.47615477,-0.5714286
-0.4763923,-0.5714286
-0.47652337,-0.5714286
-0.47669533,-0.5714286
-0.47599918,-0.5714286
-0.47579852,-0.5714286
-0.47568795,-0.5714286
-0.47565725,-0.5714286
-0.47595823,-0.5714286
-0.4755569,-0.5714286
-0.47606882,-0.5714286
-0.47643736,-0.5714286
-0.47604424,-0.5714286
-0.47648647,-0.5714286
-0.47602376,-0.5714286
-0.47668713,-0.5714286
-0.47653154,-0.5714286
-0.47626126,-0.5714286
-0.47653154,-0.5714286
-0.47702086,-0.5714286
-0.4766257,-0.5714286
-0.47685096,-0.5714286
-0.47682637,-0.5714286
-0.47606468,-0.5714286
-0.47652337,-0.5714286
-0.47665846,-0.5714286
-0.47657862,-0.5714286
-0.47630224,-0.5714286
-0.4762326,-0.5714286
-0.47634724,-0.5714286
-0.14832102,-0.5714286
-0.083949655,-0.5714286
-0.31885752,-0.5714286
-0.31440213,-0.5714286
-0.3129402,-0.5714286
-0.31314495,-0.5714286
-0.31157863,-0.5714286
-0.31149468,-0.5714286
-0.31075552,-0.5714286
-0.31129402,-0.5714286
-0.31167078,-0.5714286
-0.31229118,-0.5714286
-0.31183046,-0.5714286
-0.3129566,-0.5714286
-0.31314495,-0.5714286
-0.3146028,-0.5714286
-0.3154791,-0.5714286
-0.31694102,-0.5714286
-0.31877556,-0.5714286
-0.31814498,-0.5714286
-0.3183456,-0.5714286
-0.31959462,-0.5714286
-0.32020885,-0.5714286
-0.320258,-0.5714286
-0.32340294,-0.5714286
-0.32498774,-0.5714286
-0.32540542,-0.5714286
-0.32601145,-0.5714286
-0.32700658,-0.5714286
-0.32724,-0.5714286
-0.32726863,-0.5714286
-0.32565108,-0.5714286
-0.32741404,-0.5714286
-0.3282617,-0.5714286
-0.32761055,-0.5714286
-0.32635748,-0.5714286
-0.3275921,-0.5714286
-0.32896802,-0.5714286
-0.32922605,-0.5714286
-0.32768628,-0.5714286
-0.32847667,-0.5714286
-0.32874078,-0.5714286
-0.32796475,-0.5714286
-0.32891074,-0.5714286
-0.32963145,-0.5714286
-0.3286487,-0.5714286
-0.32842344,-0.5714286
-0.32978705,-0.5714286
-0.3301597,-0.5714286
-0.32989353,-0.5714286
-0.32872853,-0.5714286
-0.3287224,-0.5714286
-0.32837835,-0.5714286
-0.3275921,-0.5714286
-0.3269861,-0.5714286
-0.32729727,-0.5714286
-0.32725632,-0.5714286
-0.32893735,-0.5714286
-0.32886365,-0.5714286
-0.3286159,-0.5714286
-0.3283497,-0.5714286
-0.33147007,-0.5714286
-0.33180588,-0.5714286
-0.33217448,-0.5714286
-0.33197787,-0.5714286
-0.33175674,-0.5714286
-0.3313882,-0.5714286
-0.33136773,-0.5714286
-0.3319615,-0.5714286
-0.33165026,-0.5714286
-0.33092955,-0.5714286
-0.32984027,-0.5714286
-0.33021295,-0.5714286
-0.32992014,-0.5714286
-0.32970518,-0.5714286
-0.32852173,-0.5714286
-0.3288821,-0.5714286
-0.32898033,-0.5714286
-0.32952905,-0.5714286
-0.329222,-0.5714286
-0.3314619,-0.5714286
-0.3324079,-0.5714286
-0.33232594,-0.5714286
-0.3325123,-0.5714286
-0.3326781,-0.5714286
-0.3324079,-0.5714286
-0.33278054,-0.5714286
-0.3331634,-0.5714286
-0.33232594,-0.5714286
-0.33160934,-0.5714286
-0.332068,-0.5714286
-0.33258808,-0.5714286
-0.3326044,-0.5714286
-0.33196968,-0.5714286
-0.33183044,-0.5714286
-0.33223176,-0.5714286
-0.33223587,-0.5714286
-0.33275595,-0.5714286
-0.33214986,-0.5714286
-0.33280098,-0.5714286
-0.33282554,-0.5714286
-0.3336855,-0.5714286
-0.3335176,-0.5714286
-0.3330549,-0.5714286
-0.33318186,-0.5714286
-0.3336671,-0.5714286
-0.33306307,-0.5714286
-0.33250612,-0.5714286
-0.32229322,-0.5714286
-0.31383705,-0.5714286
-0.31214377,-0.5714286
-0.32052007,-0.5714286
-0.32404584,-0.5714286
-0.32455775,-0.5714286
-0.32359952,-0.5714286
-0.32302213,-0.5714286
-0.3247666,-0.5714286
-0.32393935,-0.5714286
-0.3239271,-0.5714286
-0.32376534,-0.5714286
-0.32454953,-0.5714286
-0.32504097,-0.5714286
-0.32457003,-0.5714286
-0.32474613,-0.5714286
-0.32448813,-0.5714286
-0.32493243,-0.5714286
-0.32475838,-0.5714286
-0.32494265,-0.5714286
-0.3249181,-0.5714286
-0.32567158,-0.5714286
-0.3252662,-0.5714286
-0.32530096,-0.5714286
-0.32565725,-0.5714286
-0.3255733,-0.5714286
-0.32425058,-0.5714286
-0.32490173,-0.5714286
-0.32500002,-0.5714286
-0.32479116,-0.5714286
-0.32444105,-0.5714286
-0.3260811,-0.5714286
-0.32676902,-0.5714286
-0.32453313,-0.5714286
-0.3242793,-0.5714286
-0.32504913,-0.5714286
-0.32609951,-0.5714286
-0.32601967,-0.5714286
-0.32552212,-0.5714286
-0.32613632,-0.5714286
-0.32609338,-0.5714286
-0.32604423,-0.5714286
-0.32545456,-0.5714286
-0.3258272,-0.5714286
-0.3257801,-0.5714286
-0.32544225,-0.5714286
-0.32582924,-0.5714286
-0.32604834,-0.5714286
-0.32532758,-0.5714286
-0.32569408,-0.5714286
-0.32786855,-0.5714286
-0.3278829,-0.5714286
-0.3270516,-0.5714286
-0.32615885,-0.5714286
-0.32685503,-0.5714286
-0.32731774,-0.5714286
-0.32780504,-0.5714286
-0.32670763,-0.5714286
-0.3282617,-0.5714286
-0.32792383,-0.5714286
-0.32662162,-0.5714286
-0.32667077,-0.5714286
-0.32604012,-0.5714286
-0.32670757,-0.5714286
-0.3266339,-0.5714286
-0.32708433,-0.5714286
-0.32636365,-0.5714286
-0.32630223,-0.5714286
-0.32713756,-0.5714286
-0.32792997,-0.5714286
-0.32732186,-0.5714286
-0.3274734,-0.5714286
-0.32794842,-0.5714286
-0.32803443,-0.5714286
-0.32847667,-0.5714286
-0.3288698,-0.5714286
-0.32802624,-0.5714286
-0.32857084,-0.5714286
-0.3289517,-0.5714286
-0.32840297,-0.5714286
-0.3270229,-0.5714286
-0.32642096,-0.5714286
-0.3271458,-0.5714286
-0.32651514,-0.5714286
-0.32748774,-0.5714286
-0.327412,-0.5714286
-0.32752252,-0.5714286
-0.32802826,-0.5714286
-0.32775182,-0.5714286
-0.32683045,-0.5714286
-0.32874694,-0.5714286
-0.32825553,-0.5714286
-0.32799348,-0.5714286
-0.32786855,-0.5714286
-0.32796073,-0.5714286
-0.3279689,-0.5714286
-0.32819414,-0.5714286
-0.4267117,-0.5714286
-0.46737102,-0.5714286
-0.46710482,-0.5714286
-0.46720314,-0.5714286
-0.4671376,-0.5714286
-0.4666994,-0.5714286
-0.46767813,-0.5714286
-0.46770883,-0.5714286
-0.46735463,-0.5714286
-0.46790338,-0.5714286
-0.4681388,-0.5714286
-0.46832103,-0.5714286
-0.46856263,-0.5714286
-0.46866092,-0.5714286
-0.46888617,-0.5714286
-0.468878,-0.5714286
-0.46883705,-0.5714286
-0.46835792,-0.5714286
-0.46870393,-0.5714286
-0.46851763,-0.5714286
-0.46787062,-0.5714286
-0.46754912,-0.5714286
-0.46767813,-0.5714286
-0.46789926,-0.5714286
-0.467113,-0.5714286
-0.46805897,-0.5714286
-0.46793616,-0.5714286
-0.467715,-0.5714286
-0.46858722,-0.5714286
-0.46870187,-0.5714286
-0.46813267,-0.5714286
-0.4681245,-0.5714286
-0.46832517,-0.5714286
-0.46827605,-0.5714286
-0.46875104,-0.5714286
-0.46903357,-0.5714286
-0.4678911,-0.5714286
-0.468964,-0.5714286
-0.46889433,-0.5714286
-0.47073302,-0.5714286
-0.47713348,-0.5714286
-0.4771376,-0.5714286
-0.4768673,-0.5714286
-0.47685504,-0.5714286
-0.4771867,-0.5714286
-0.473231,-0.5714286
-0.46134314,-0.5714286
-0.45949015,-0.5714286
-0.46860364,-0.5714286
-0.4689148,-0.5714286
-0.46910316,-0.5714286
-0.46871415,-0.5714286
-0.46789512,-0.5714286
-0.46799755,-0.5714286
-0.46785015,-0.5714286
-0.46650696,-0.5714286
-0.4658927,-0.5714286
-0.46538085,-0.5714286
-0.46558967,-0.5714286
-0.46560195,-0.5714286
-0.4655569,-0.5714286
-0.46625715,-0.5714286
-0.4655815,-0.5714286
-0.46624082,-0.5714286
-0.4659214,-0.5714286
-0.46611792,-0.5714286
-0.46479115,-0.5714286
-0.46636364,-0.5714286
-0.46644965,-0.5714286
-0.46649262,-0.5714286
-0.4664455,-0.5714286
-0.46661752,-0.5714286
-0.4670885,-0.5714286
-0.46718672,-0.5714286
-0.46701065,-0.5714286
-0.46839067,-0.5714286
-0.46717444,-0.5714286
-0.4681245,-0.5714286
-0.46762288,-0.5714286
-0.46718058,-0.5714286
-0.4675389,-0.5714286
-0.4670188,-0.5714286
-0.4675512,-0.5714286
-0.46764743,-0.5714286
-0.4675389,-0.5714286
-0.4675758,-0.5714286
-0.46689188,-0.5714286
-0.46789926,-0.5714286
-0.46804056,-0.5714286
-0.46803033,-0.5714286
-0.46814498,-0.5714286
-0.46765354,-0.5714286
-0.46719494,-0.5714286
-0.46686116,-0.5714286
-0.46681818,-0.5714286
-0.46735054,-0.5714286
-0.46714988,-0.5714286
-0.46683046,-0.5714286
-0.4670557,-0.5714286
-0.4669451,-0.5714286
-0.4671622,-0.5714286
-0.4673915,-0.5714286
-0.46757984,-0.5714286
-0.4669656,-0.5714286
-0.46698403,-0.5714286
-0.4678788,-0.5714286
-0.46726045,-0.5714286
-0.4681245,-0.5714286
-0.4682023,-0.5714286
-0.46850735,-0.5714286
-0.46855035,-0.5714286
-0.4683968,-0.5714286
-0.46862411,-0.5714286
-0.46832103,-0.5714286
-0.46837226,-0.5714286
-0.4675512,-0.5714286
-0.4677232,-0.5714286
-0.4677969,-0.5714286
-0.46760854,-0.5714286
-0.4673096,-0.5714286
-0.46710894,-0.5714286
-0.46714988,-0.5714286
-0.46757168,-0.5714286
-0.46792996,-0.5714286
-0.46828827,-0.5714286
-0.46757984,-0.5714286
-0.4678051,-0.5714286
-0.46766996,-0.5714286
-0.46758598,-0.5714286
-0.46756348,-0.5714286
-0.46753073,-0.5714286
-0.4673833,-0.5714286
-0.4667731,-0.5714286
-0.466335,-0.5714286
-0.46766585,-0.5714286
-0.46715805,-0.5714286
-0.46308357,-0.5714286
-0.45308766,-0.5714286
-0.45287058,-0.5714286
-0.45931205,-0.5714286
-0.4617138,-0.5714286
-0.46040538,-0.5714286
-0.4617854,-0.5714286
-0.46182638,-0.5714286
-0.45847255,-0.5714286
-0.45087224,-0.5714286
-0.45302212,-0.5714286
-0.46223176,-0.5714286
-0.46295455,-0.5714286
-0.46158475,-0.5714286
-0.4613882,-0.5714286
-0.46084154,-0.5714286
-0.46414006,-0.5714286
-0.46601143,-0.5714286
-0.46557736,-0.5714286
-0.4659828,-0.5714286
-0.46600124,-0.5714286
-0.46632677,-0.5714286
-0.4656798,-0.5714286
-0.4662121,-0.5714286
-0.46586815,-0.5714286
-0.46595824,-0.5714286
-0.46626946,-0.5714286
-0.46637592,-0.5714286
-0.4670925,-0.5714286
-0.46669534,-0.5714286
-0.46650288,-0.5714286
-0.46599096,-0.5714286
-0.46590295,-0.5714286
-0.4662121,-0.5714286
-0.4663964,-0.5714286
-0.4665049,-0.5714286
-0.4661793,-0.5714286
-0.46577802,-0.5714286
-0.4656798,-0.5714286
-0.46590498,-0.5714286
-0.4659582,-0.5714286
-0.4654914,-0.5714286
-0.4660197,-0.5714286
-0.46558967,-0.5714286
-0.46614864,-0.5714286
-0.4663718,-0.5714286
-0.46518835,-0.5714286
-0.4653747,-0.5714286
-0.46552825,-0.5714286
-0.46530715,-0.5714286
-0.46625715,-0.5714286
-0.46540543,-0.5714286
-0.46570027,-0.5714286
-0.4651802,-0.5714286
-0.46487102,-0.5714286
-0.46509418,-0.5714286
-0.46515152,-0.5714286
-0.46504095,-0.5714286
-0.46527845,-0.5714286
-0.46523753,-0.5714286
-0.464611,-0.5714286
-0.4653501,-0.5714286
-0.46523747,-0.5714286
-0.4654914,-0.5714286
-0.4656675,-0.5714286
-0.4649631,-0.5714286
-0.4657617,-0.5714286
-0.46626532,-0.5714286
-0.46644145,-0.5714286
-0.46642503,-0.5714286
-0.46646598,-0.5714286
-0.4657289,-0.5714286
-0.46616298,-0.5714286
-0.4657535,-0.5714286
-0.46552825,-0.5714286
-0.46452704,-0.5714286
-0.4664333,-0.5714286
-0.46557125,-0.5714286
-0.4663821,-0.5714286
-0.46623668,-0.5714286
-0.4662981,-0.5714286
-0.46648648,-0.5714286
-0.46645373,-0.5714286
-0.46643734,-0.5714286
-0.4647297,-0.5714286
-0.46570027,-0.5714286
-0.46581492,-0.5714286
-0.46522525,-0.5714286
-0.46482185,-0.5714286
-0.46523342,-0.5714286
-0.46590295,-0.5714286
-0.4665561,-0.5714286
-0.4667977,-0.5714286
-0.46597868,-0.5714286
-0.46574527,-0.5714286
-0.4663964,-0.5714286
-0.46642917,-0.5714286
-0.4669779,-0.5714286
-0.4664455,-0.5714286
-0.46733415,-0.5714286
-0.46674445,-0.5714286
-0.46682635,-0.5714286
-0.46645373,-0.5714286
-0.4658272,-0.5714286
-0.46649876,-0.5714286
-0.46644965,-0.5714286
-0.46616706,-0.5714286
-0.46591726,-0.5714286
-0.46601355,-0.5714286
-0.46374077,-0.5714286
-0.46248978,-0.5714286
-0.46142504,-0.5714286
-0.4618714,-0.5714286
-0.46181816,-0.5714286
-0.46294224,-0.5714286
-0.46415642,-0.5714286
-0.463964,-0.5714286
-0.4631265,-0.5714286
-0.46377555,-0.5714286
-0.46370184,-0.5714286
-0.4653399,-0.5714286
-0.46639228,-0.5714286
-0.46558353,-0.5714286
-0.46651104,-0.5714286
-0.46609744,-0.5714286
-0.4658845,-0.5714286
-0.4661548,-0.5714286
-0.4662162,-0.5714286
-0.46633908,-0.5714286
-0.46534398,-0.5714286
-0.4641687,-0.5714286
-0.4643059,-0.5714286
-0.46371415,-0.5714286
-0.46381244,-0.5714286
-0.46372235,-0.5714286
-0.4641605,-0.5714286
-0.46414006,-0.5714286
-0.4639885,-0.5714286
-0.4634398,-0.5714286
-0.46501637,-0.5714286
-0.4655569,-0.5714286
-0.46489763,-0.5714286
-0.4654627,-0.5714286
-0.4661548,-0.5714286
-0.46587223,-0.5714286
-0.4659214,-0.5714286
-0.46542382,-0.5714286
-0.46576986,-0.5714286
-0.4657535,-0.5714286
-0.46580675,-0.5714286
-0.46565932,-0.5714286
-0.46544224,-0.5714286
-0.4658354,-0.5714286
-0.4658763,-0.5714286
-0.46652335,-0.5714286
-0.46625307,-0.5714286
-0.46641278,-0.5714286
-0.4658927,-0.5714286
-0.46629608,-0.5714286
-0.46609336,-0.5714286
-0.4654136,-0.5714286
-0.4654914,-0.5714286
-0.4659398,-0.5714286
-0.4657617,-0.5714286
-0.46575755,-0.5714286
-0.4657617,-0.5714286
-0.46554056,-0.5714286
-0.46608514,-0.5714286
-0.46620393,-0.5714286
-0.46565932,-0.5714286
-0.46573707,-0.5714286
-0.46570432,-0.5714286
-0.4664824,-0.5714286
-0.4661425,-0.5714286
-0.46604833,-0.5714286
-0.4667752,-0.5714286
-0.4653747,-0.5714286
-0.46578628,-0.5714286
-0.46635133,-0.5714286
-0.4660135,-0.5714286
-0.4653358,-0.5714286
-0.46577802,-0.5714286
-0.46555898,-0.5714286
-0.472371,-0.5714286
-0.47414008,-0.5714286
-0.4739005,-0.5714286
-0.4742076,-0.5714286
-0.47438982,-0.5714286
-0.47500002,-0.5714286
-0.47398448,-0.5714286
-0.47362,-0.5714286
-0.47394758,-0.5714286
-0.47380018,-0.5714286
-0.47292385,-0.5714286
-0.4738759,-0.5714286
-0.47333333,-0.5714286
-0.4739312,-0.5714286
-0.4738575,-0.5714286
-0.4742998,-0.5714286
-0.47393736,-0.5714286
-0.47411138,-0.5714286
-0.47423834,-0.5714286
-0.47492018,-0.5714286
-0.47445944,-0.5714286
-0.473923,-0.5714286
-0.47441643,-0.5714286
-0.47456592,-0.5714286
-0.47382066,-0.5714286
-0.47407863,-0.5714286
-0.4737183,-0.5714286
-0.47436118,-0.5714286
-0.47422606,-0.5714286
-0.47346437,-0.5714286
-0.47369778,-0.5714286
-0.47388616,-0.5714286
-0.4742793,-0.5714286
-0.47443488,-0.5714286
-0.47472972,-0.5714286
-0.47415236,-0.5714286
-0.47428748,-0.5714286
-0.47465193,-0.5714286
-0.473792,-0.5714286
-0.47418302,-0.5714286
-0.47394758,-0.5714286
-0.47409913,-0.5714286
-0.47404993,-0.5714286
-0.47388205,-0.5714286
-0.47402945,-0.5714286
-0.47371417,-0.5714286
-0.4747502,-0.5714286
-0.47465602,-0.5714286
-0.47383294,-0.5714286
-0.47321254,-0.5714286
-0.47317362,-0.5714286
-0.47447175,-0.5714286
-0.47451678,-0.5714286
-0.4742629,-0.5714286
-0.47282556,-0.5714286
-0.47421786,-0.5714286
-0.47382477,-0.5714286
-0.4744103,-0.5714286
-0.47393942,-0.5714286
-0.47445124,-0.5714286
-0.4741892,-0.5714286
-0.473878,-0.5714286
-0.4739271,-0.5714286
-0.47408682,-0.5714286
-0.47404176,-0.5714286
-0.47454545,-0.5714286
-0.47454137,-0.5714286
-0.47423834,-0.5714286
-0.47383907,-0.5714286
-0.4740213,-0.5714286
-0.47423834,-0.5714286
-0.4743489,-0.5714286
-0.47457,-0.5714286
-0.4739435,-0.5714286
-0.4749222,-0.5714286
-0.47508192,-0.5714286
-0.4750573,-0.5714286
-0.47502866,-0.5714286
-0.47495085,-0.5714286
-0.47517195,-0.5714286
-0.47490174,-0.5714286
-0.47552416,-0.5714286
-0.47554058,-0.5714286
-0.47503686,-0.5714286
-0.47531533,-0.5714286
-0.47505528,-0.5714286
-0.47461095,-0.5714286
-0.47526613,-0.5714286
-0.4751679,-0.5714286
-0.47544843,-0.5714286
-0.47481573,-0.5714286
-0.47529075,-0.5714286
-0.47484848,-0.5714286
-0.47503686,-0.5714286
-0.47499177,-0.5714286
-0.47557738,-0.5714286
-0.47541362,-0.5714286
-0.4751679,-0.5714286
-0.47504914,-0.5714286
-0.47518837,-0.5714286
-0.47598895,-0.5714286
-0.47583127,-0.5714286
-0.47564495,-0.5714286
-0.47567156,-0.5714286
-0.47579852,-0.5714286
-0.47522932,-0.5714286
-0.4756388,-0.5714286
-0.47562653,-0.5714286
-0.47546682,-0.5714286
-0.4753194,-0.5714286
-0.47552416,-0.5714286
-0.47492632,-0.5714286
-0.47538492,-0.5714286
-0.47549137,-0.5714286
-0.47566953,-0.5714286
-0.47538903,-0.5714286
-0.47470108,-0.5714286
-0.47408476,-0.5714286
-0.4731245,-0.5714286
-0.47320023,-0.5714286
-0.47325552,-0.5714286
-0.47316545,-0.5714286
-0.47366092,-0.5714286
-0.47373465,-0.5714286
-0.47322688,-0.5714286
-0.47330466,-0.5714286
-0.4729525,-0.5714286
-0.47332925,-0.5714286
-0.474914,-0.5714286
-0.47519243,-0.5714286
-0.47479114,-0.5714286
-0.475516,-0.5714286
-0.4754136,-0.5714286
-0.47561017,-0.5714286
-0.47538903,-0.5714286
-0.47542584,-0.5714286
-0.47547093,-0.5714286
-0.4753358,-0.5714286
-0.47540134,-0.5714286
-0.47546688,-0.5714286
-0.47512284,-0.5714286
-0.47533166,-0.5714286
-0.47549552,-0.5714286
-0.47479525,-0.5714286
-0.47566953,-0.5714286
-0.47570026,-0.5714286
-0.47590497,-0.5714286
-0.47603193,-0.5714286
-0.4761364,-0.5714286
-0.4754791,-0.5714286
-0.47613433,-0.5714286
-0.47593367,-0.5714286
-0.4758927,-0.5714286
-0.47570434,-0.5714286
-0.47558352,-0.5714286
-0.46459872,-0.5714286
-0.45359132,-0.5714286
-0.4521335,-0.5714286
-0.4613636,-0.5714286
-0.46428746,-0.5714286
-0.46400493,-0.5714286
-0.46398035,-0.5714286
-0.463407,-0.5714286
-0.46365273,-0.5714286
-0.4635872,-0.5714286
-0.46475428,-0.5714286
-0.46582922,-0.5714286
-0.46614665,-0.5714286
-0.46563885,-0.5714286
-0.46610975,-0.5714286
-0.46659705,-0.5714286
-0.4659582,-0.5714286
-0.46670353,-0.5714286
-0.4668591,-0.5714286
-0.46704754,-0.5714286
-0.467027,-0.5714286
-0.46706802,-0.5714286
-0.4660565,-0.5714286
-0.46501637,-0.5714286
-0.46579853,-0.5714286
-0.46586403,-0.5714286
-0.46625715,-0.5714286
-0.46611792,-0.5714286
-0.4661384,-0.5714286
-0.4660565,-0.5714286
-0.466335,-0.5714286
-0.46625307,-0.5714286
-0.46571258,-0.5714286
-0.4659521,-0.5714286
-0.466335,-0.5714286
-0.4664824,-0.5714286
-0.46562657,-0.5714286
-0.46497542,-0.5714286
-0.46630222,-0.5714286
-0.46643734,-0.5714286
-0.466249,-0.5714286
-0.4660258,-0.5714286
-0.46525794,-0.5714286
-0.46628994,-0.5714286
-0.4657166,-0.5714286
-0.4657453,-0.5714286
-0.4658968,-0.5714286
-0.46588045,-0.5714286
-0.46566337,-0.5714286
-0.46574122,-0.5714286
-0.46568182,-0.5714286
-0.46531123,-0.5714286
-0.46604016,-0.5714286
-0.4659992,-0.5714286
-0.4660135,-0.5714286
-0.46624485,-0.5714286
-0.4660319,-0.5714286
-0.46578628,-0.5714286
-0.46565107,-0.5714286
-0.46601966,-0.5714286
-0.4652764,-0.5714286
-0.4654095,-0.5714286
-0.4659705,-0.5714286
-0.46556103,-0.5714286
-0.46544224,-0.5714286
-0.46585998,-0.5714286
-0.46594596,-0.5714286
-0.4661425,-0.5714286
-0.4659951,-0.5714286
-0.46608514,-0.5714286
-0.46667075,-0.5714286
-0.4655692,-0.5714286
-0.46619573,-0.5714286
-0.4662715,-0.5714286
-0.46633086,-0.5714286
-0.4659828,-0.5714286
-0.46619162,-0.5714286
-0.46626127,-0.5714286
-0.46658888,-0.5714286
-0.46714374,-0.5714286
-0.4662162,-0.5714286
-0.4667383,-0.5714286
-0.46670145,-0.5714286
-0.46710688,-0.5714286
-0.4669349,-0.5714286
-0.46695742,-0.5714286
-0.46703318,-0.5714286
-0.46715394,-0.5714286
-0.46740377,-0.5714286
-0.4669349,-0.5714286
-0.46613434,-0.5714286
-0.4663841,-0.5714286
-0.4665561,-0.5714286
-0.46642503,-0.5714286
-0.4663268,-0.5714286
-0.4662858,-0.5714286
-0.46594185,-0.5714286
-0.46644965,-0.5714286
-0.46572074,-0.5714286
-0.46539316,-0.5714286
-0.46558562,-0.5714286
-0.46597868,-0.5714286
-0.46556103,-0.5714286
-0.46574938,-0.5714286
-0.4656204,-0.5714286
-0.46597463,-0.5714286
-0.46598893,-0.5714286
-0.46646598,-0.5714286
-0.46578008,-0.5714286
-0.4647666,-0.5714286
-0.46565723,-0.5714286
-0.4660811,-0.5714286
-0.46601966,-0.5714286
-0.46603805,-0.5714286
-0.46602786,-0.5714286
-0.4660729,-0.5714286
-0.46577397,-0.5714286
-0.4660565,-0.5714286
-0.46565112,-0.5714286
-0.4658272,-0.5714286
-0.46639228,-0.5714286
-0.4657985,-0.5714286
-0.46574324,-0.5714286
-0.46578214,-0.5714286
-0.46646598,-0.5714286
-0.46607292,-0.5714286
-0.4660934,-0.5714286
-0.46610567,-0.5714286
-0.46559379,-0.5714286
-0.46593368,-0.5714286
-0.46604422,-0.5714286
-0.4686118,-0.5714286
-0.47432843,-0.5714286
-0.4744144,-0.5714286
-0.47463757,-0.5714286
-0.47490174,-0.5714286
-0.47500613,-0.5714286
-0.47480342,-0.5714286
-0.47423425,-0.5714286
-0.4747113,-0.5714286
-0.47436118,-0.5714286
-0.47507372,-0.5714286
-0.47474816,-0.5714286
-0.47502455,-0.5714286
-0.47502455,-0.5714286
-0.4747625,-0.5714286
-0.4748833,-0.5714286
-0.47368553,-0.5714286
-0.4744963,-0.5714286
-0.47456184,-0.5714286
-0.4744103,-0.5714286
-0.47412163,-0.5714286
-0.47364458,-0.5714286
-0.47341523,-0.5714286
-0.4727068,-0.5714286
-0.47259626,-0.5714286
-0.47263515,-0.5714286
-0.47176495,-0.5714286
-0.47211713,-0.5714286
-0.47127149,-0.5714286
-0.47195742,-0.5714286
-0.47180587,-0.5714286
-0.47331694,-0.5714286
-0.47383294,-0.5714286
-0.47423837,-0.5714286
-0.4744963,-0.5714286
-0.47393736,-0.5714286
-0.47373465,-0.5714286
-0.47430795,-0.5714286
-0.474095,-0.5714286
-0.47384518,-0.5714286
-0.4741892,-0.5714286
-0.47423217,-0.5714286
-0.47466215,-0.5714286
-0.4745332,-0.5714286
-0.47454137,-0.5714286
-0.4747543,-0.5714286
-0.47396395,-0.5714286
-0.47464785,-0.5714286
-0.47414008,-0.5714286
-0.47438577,-0.5714286
-0.47447583,-0.5714286
-0.47452497,-0.5714286
-0.47468057,-0.5714286
-0.47443488,-0.5714286
-0.4751679,-0.5714286
-0.47480342,-0.5714286
-0.47503686,-0.5714286
-0.47477272,-0.5714286
-0.47471744,-0.5714286
-0.47461507,-0.5714286
-0.47487098,-0.5714286
-0.47471744,-0.5714286
-0.47472155,-0.5714286
-0.47499177,-0.5714286
-0.4753481,-0.5714286
-0.4745516,-0.5714286
-0.47477478,-0.5714286
-0.47417283,-0.5714286
-0.4745209,-0.5714286
-0.47417688,-0.5714286
-0.40599918,-0.5714286
0.04011877,-0.5714286
-0.31149468,-0.5714286
-0.312758,-0.5714286
-0.31157863,-0.5714286
-0.31008187,-0.5714286
-0.31036448,-0.5714286
-0.31019655,-0.5714286
-0.30999592,-0.5714286
-0.3082678,-0.5714286
-0.30801395,-0.5714286
-0.3084275,-0.5714286
-0.30882064,-0.5714286
-0.3088739,-0.5714286
-0.30962732,-0.5714286
-0.31115887,-0.5714286
-0.31088448,-0.5714286
-0.31267816,-0.5714286
-0.31250614,-0.5714286
-0.3155344,-0.5714286
-0.3174263,-0.5714286
-0.3185749,-0.5714286
-0.319785,-0.5714286
-0.32090908,-0.5714286
-0.3219902,-0.5714286
-0.32323503,-0.5714286
-0.32440418,-0.5714286
-0.32455158,-0.5714286
-0.32414004,-0.5714286
-0.32537264,-0.5714286
-0.32555282,-0.5714286
-0.32546067,-0.5714286
-0.32607493,-0.5714286
-0.32596642,-0.5714286
-0.32599097,-0.5714286
-0.32555896,-0.5714286
-0.32737923,-0.5714286
-0.32669124,-0.5714286
-0.3280549,-0.5714286
-0.32795247,-0.5714286
-0.32735464,-0.5714286
-0.3276659,-0.5714286
-0.3270557,-0.5714286
-0.32862407,-0.5714286
-0.3291032,-0.5714286
-0.32966423,-0.5714286
-0.3287019,-0.5714286
-0.3292957,-0.5714286
-0.3290008,-0.5714286
-0.32952085,-0.5714286
-0.32984442,-0.5714286
-0.3302703,-0.5714286
-0.32989764,-0.5714286
-0.32968673,-0.5714286
-0.32851762,-0.5714286
-0.32981163,-0.5714286
-0.3294185,-0.5714286
-0.3296724,-0.5714286
-0.32987717,-0.5714286
-0.3303317,-0.5714286
-0.33033988,-0.5714286
-0.33015558,-0.5714286
-0.3290991,-0.5714286
-0.32952702,-0.5714286
-0.33049142,-0.5714286
-0.32984442,-0.5714286
-0.32955363,-0.5714286
-0.32814088,-0.5714286
-0.32892707,-0.5714286
-0.32979727,-0.5714286
-0.3289189,-0.5714286
-0.329699,-0.5714286
-0.33015355,-0.5714286
-0.330258,-0.5714286
-0.33038083,-0.5714286
-0.32996315,-0.5714286
-0.32955775,-0.5714286
-0.3289619,-0.5714286
-0.32901722,-0.5714286
-0.32925063,-0.5714286
-0.32964373,-0.5714286
-0.32894754,-0.5714286
-0.3302785,-0.5714286
-0.3296847,-0.5714286
-0.33002046,-0.5714286
-0.32240787,-0.5714286
-0.31090498,-0.5714286
-0.3070086,-0.5714286
-0.3186814,-0.5714286
-0.32055897,-0.5714286
-0.3201843,-0.5714286
-0.31945947,-0.5714286
-0.32067567,-0.5714286
-0.3214865,-0.5714286
-0.32087633,-0.5714286
-0.32068384,-0.5714286
-0.3200082,-0.5714286
-0.3207535,-0.5714286
-0.32077393,-0.5714286
-0.32070026,-0.5714286
-0.3206552,-0.5714286
-0.3216646,-0.5714286
-0.32216215,-0.5714286
-0.32146806,-0.5714286
-0.32149467,-0.5714286
-0.32085586,-0.5714286
-0.3208047,-0.5714286
-0.32125306,-0.5714286
-0.32138413,-0.5714286
-0.32185504,-0.5714286
-0.32204342,-0.5714286
-0.32201475,-0.5714286
-0.32266584,-0.5714286
-0.32300982,-0.5714286
-0.3223833,-0.5714286
-0.32219496,-0.5714286
-0.32225636,-0.5714286
-0.32328013,-0.5714286
-0.32285625,-0.5714286
-0.32209665,-0.5714286
-0.3230139,-0.5714286
-0.32250616,-0.5714286
-0.32173216,-0.5714286
-0.32179976,-0.5714286
-0.32264125,-0.5714286
-0.3234562,-0.5714286
-0.3232473,-0.5714286
-0.32282963,-0.5714286
-0.3225512,-0.5714286
-0.3226495,-0.5714286
-0.32321867,-0.5714286
-0.32358316,-0.5714286
-0.32307127,-0.5714286
-0.32355857,-0.5714286
-0.3232146,-0.5714286
-0.32384518,-0.5714286
-0.32329237,-0.5714286
-0.32328418,-0.5714286
-0.32184887,-0.5714286
-0.32299137,-0.5714286
-0.3219492,-0.5714286
-0.32309583,-0.5714286
-0.32158884,-0.5714286
-0.32154176,-0.5714286
-0.31996316,-0.5714286
-0.31930792,-0.5714286
-0.31816337,-0.5714286
-0.31795248,-0.5714286
-0.31858316,-0.5714286
-0.31919327,-0.5714286
-0.3223874,-0.5714286
-0.32195333,-0.5714286
-0.32258397,-0.5714286
-0.32366502,-0.5714286
-0.32328013,-0.5714286
-0.32396805,-0.5714286
-0.3236773,-0.5714286
-0.32281324,-0.5714286
-0.3237674,-0.5714286
-0.32314086,-0.5714286
-0.32257372,-0.5714286
-0.32238942,-0.5714286
-0.32359537,-0.5714286
-0.3230139,-0.5714286
-0.32390252,-0.5714286
-0.32373872,-0.5714286
-0.32513514,-0.5714286
-0.32425678,-0.5714286
-0.32457,-0.5714286
-0.32434893,-0.5714286
-0.32397422,-0.5714286
-0.32517815,-0.5714286
-0.32568797,-0.5714286
-0.3249795,-0.5714286
-0.3248362,-0.5714286
-0.32471338,-0.5714286
-0.32525796,-0.5714286
-0.32522932,-0.5714286
-0.3249099,-0.5714286
-0.32450446,-0.5714286
-0.3244165,-0.5714286
-0.3249181,-0.5714286
-0.3248444,-0.5714286
-0.32449633,-0.5714286
-0.32388207,-0.5714286
-0.32412776,-0.5714286
-0.32485262,-0.5714286
-0.32487717,-0.5714286
-0.32528663,-0.5714286
-0.32515562,-0.5714286
-0.3253931,-0.5714286
-0.3246007,-0.5714286
-0.3246253,-0.5714286
-0.3247174,-0.5714286
-0.32471746,-0.5714286
-0.32430387,-0.5714286
-0.32498774,-0.5714286
-0.3245639,-0.5714286
-0.3249468,-0.5714286
-0.32496312,-0.5714286
-0.32515153,-0.5714286
-0.32569408,-0.5714286
-0.3246069,-0.5714286
-0.32511464,-0.5714286
-0.32481572,-0.5714286
-0.32345822,-0.5714286
-0.32409498,-0.5714286
-0.32505324,-0.5714286
-0.32560194,-0.5714286
-0.32576168,-0.5714286
-0.38190004,-0.5714286
-0.46529073,-0.5714286
-0.46478295,-0.5714286
-0.46512696,-0.5714286
-0.46445534,-0.5714286
-0.46478504,-0.5714286
-0.4645864,-0.5714286
-0.46713346,-0.5714286
-0.47275594,-0.5714286
-0.47157246,-0.5714286
-0.47169942,-0.5714286
-0.47191647,-0.5714286
-0.4723301,-0.5714286
-0.4726249,-0.5714286
-0.4718305,-0.5714286
-0.47233826,-0.5714286
-0.47257984,-0.5714286
-0.47212943,-0.5714286
-0.47284603,-0.5714286
-0.47412777,-0.5714286
-0.4744103,-0.5714286
-0.47454545,-0.5714286
-0.4745209,-0.5714286
-0.47393125,-0.5714286
-0.47453725,-0.5714286
-0.4744779,-0.5714286
-0.47476047,-0.5714286
-0.47438577,-0.5714286
-0.47454545,-0.5714286
-0.47405407,-0.5714286
-0.47393528,-0.5714286
-0.4737797,-0.5714286
-0.47355446,-0.5714286
-0.4732105,-0.5714286
-0.4735381,-0.5714286
-0.47404993,-0.5714286
-0.47389436,-0.5714286
-0.47397217,-0.5714286
-0.4736671,-0.5714286
-0.47393942,-0.5714286
-0.47371417,-0.5714286
-0.47385746,-0.5714286
-0.47308353,-0.5714286
-0.47279486,-0.5714286
-0.4732678,-0.5714286
-0.4738043,-0.5714286
-0.47402945,-0.5714286
-0.47407246,-0.5714286
-0.47410318,-0.5714286
-0.4743735,-0.5714286
-0.47427517,-0.5714286
-0.47443902,-0.5714286
-0.47373465,-0.5714286
-0.47315314,-0.5714286
-0.47424653,-0.5714286
-0.47386572,-0.5714286
-0.47395575,-0.5714286
-0.4744472,-0.5714286
-0.47445944,-0.5714286
-0.47469902,-0.5714286
-0.47527438,-0.5714286
-0.47501844,-0.5714286
-0.47457615,-0.5714286
-0.4745086,-0.5714286
-0.4743735,-0.5714286
-0.47470924,-0.5714286
-0.4742301,-0.5714286
-0.4746929,-0.5714286
-0.47527027,-0.5714286
-0.4755569,-0.5714286
-0.4757064,-0.5714286
-0.47490788,-0.5714286
-0.47477272,-0.5714286
-0.4751638,-0.5714286
-0.47515148,-0.5714286
-0.47553644,-0.5714286
-0.47538698,-0.5714286
-0.47536445,-0.5714286
-0.47501224,-0.5714286
-0.47527027,-0.5714286
-0.4748403,-0.5714286
-0.47554463,-0.5714286
-0.47600123,-0.5714286
-0.47533166,-0.5714286
-0.47549957,-0.5714286
-0.4756757,-0.5714286
-0.47572482,-0.5714286
-0.47558153,-0.5714286
-0.4754095,-0.5714286
-0.4754341,-0.5714286
-0.47561017,-0.5714286
-0.47525796,-0.5714286
-0.47593367,-0.5714286
-0.47588453,-0.5714286
-0.47578216,-0.5714286
-0.47568387,-0.5714286
-0.47568184,-0.5714286
-0.4758804,-0.5714286
-0.47531942,-0.5714286
-0.47541767,-0.5714286
-0.4752764,-0.5714286
-0.47500408,-0.5714286
-0.4743735,-0.5714286
-0.47503686,-0.5714286
-0.4750676,-0.5714286
-0.47507778,-0.5714286
-0.47525796,-0.5714286
-0.47520068,-0.5714286
-0.47535628,-0.5714286
-0.47494265,-0.5714286
-0.47499388,-0.5714286
-0.47495496,-0.5714286
-0.4754095,-0.5714286
-0.475086,-0.5714286
-0.4753726,-0.5714286
-0.47595206,-0.5714286
-0.4754791,-0.5714286
-0.47557738,-0.5714286
-0.47542182,-0.5714286
-0.47511467,-0.5714286
-0.47528255,-0.5714286
-0.47508192,-0.5714286
-0.47375923,-0.5714286
-0.47291973,-0.5714286
-0.47309175,-0.5714286
-0.47317567,-0.5714286
-0.47316545,-0.5714286
-0.47347662,-0.5714286
-0.47366092,-0.5714286
-0.47289926,-0.5714286
-0.47348893,-0.5714286
-0.47332922,-0.5714286
-0.4741933,-0.5714286
-0.475043,-0.5714286
-0.4750164,-0.5714286
-0.47503686,-0.5714286
-0.47506756,-0.5714286
-0.47490788,-0.5714286
-0.47467446,-0.5714286
-0.4752457,-0.5714286
-0.47520068,-0.5714286
-0.4752989,-0.5714286
-0.47524163,-0.5714286
-0.47504914,-0.5714286
-0.4748198,-0.5714286
-0.47463146,-0.5714286
-0.47489357,-0.5714286
-0.4752867,-0.5714286
-0.4744595,-0.5714286
-0.4753972,-0.5714286
-0.47572482,-0.5714286
-0.4762715,-0.5714286
-0.47584358,-0.5714286
-0.47596437,-0.5714286
-0.4760033,-0.5714286
-0.47562653,-0.5714286
-0.47562653,-0.5714286
-0.47557738,-0.5714286
-0.47592753,-0.5714286
-0.47541767,-0.5714286
-0.46483618,-0.5714286
-0.45546684,-0.5714286
-0.45317364,-0.5714286
-0.46219495,-0.5714286
-0.46576783,-0.5714286
-0.46565107,-0.5714286
-0.4653358,-0.5714286
-0.46475843,-0.5714286
-0.46540543,-0.5714286
-0.4649959,-0.5714286
-0.46505326,-0.5714286
-0.465387,-0.5714286
-0.46543816,-0.5714286
-0.4651433,-0.5714286
-0.4650328,-0.5714286
-0.46522114,-0.5714286
-0.46506554,-0.5714286
-0.46597463,-0.5714286
-0.46530715,-0.5714286
-0.4658026,-0.5714286
-0.46577802,-0.5714286
-0.46585587,-0.5714286
-0.46552825,-0.5714286
-0.46535626,-0.5714286
-0.4652662,-0.5714286
-0.46535626,-0.5714286
-0.46453726,-0.5714286
-0.46578628,-0.5714286
-0.46589065,-0.5714286
-0.46575552,-0.5714286
-0.46490988,-0.5714286
-0.46527025,-0.5714286
-0.46497953,-0.5714286
-0.4657453,-0.5714286
-0.46612203,-0.5714286
-0.46544638,-0.5714286
-0.46632063,-0.5714286
-0.46638823,-0.5714286
-0.46614665,-0.5714286
-0.4657289,-0.5714286
-0.46545044,-0.5714286
-0.4649222,-0.5714286
-0.46528253,-0.5714286
-0.46636364,-0.5714286
-0.46653968,-0.5714286
-0.46498156,-0.5714286
-0.46690416,-0.5714286
-0.46700248,-0.5714286
-0.46736285,-0.5714286
-0.46684685,-0.5714286
-0.46686116,-0.5714286
-0.46644965,-0.5714286
-0.4664824,-0.5714286
-0.46686733,-0.5714286
-0.46672398,-0.5714286
-0.4669779,-0.5714286
-0.46688572,-0.5714286
-0.46579853,-0.5714286
-0.46469903,-0.5714286
-0.46505734,-0.5714286
-0.464611,-0.5714286
-0.46391892,-0.5714286
-0.46404788,-0.5714286
-0.46379608,-0.5714286
-0.4631982,-0.5714286
-0.46444717,-0.5714286
-0.46473792,-0.5714286
-0.4659705,-0.5714286
-0.46724203,-0.5714286
-0.4672359,-0.5714286
-0.46701473,-0.5714286
-0.4667486,-0.5714286
-0.46686324,-0.5714286
-0.4657924,-0.5714286
-0.46642917,-0.5714286
-0.4665909,-0.5714286
-0.4667977,-0.5714286
-0.46680588,-0.5714286
-0.46701065,-0.5714286
-0.4666155,-0.5714286
-0.4661753,-0.5714286
-0.46617115,-0.5714286
-0.4656675,-0.5714286
-0.46541765,-0.5714286
-0.46662775,-0.5714286
-0.46626127,-0.5714286
-0.46686733,-0.5714286
-0.4670557,-0.5714286
-0.46729317,-0.5714286
-0.46737102,-0.5714286
-0.4674754,-0.5714286
-0.46745703,-0.5714286
-0.4667363,-0.5714286
-0.466552,-0.5714286
-0.46707004,-0.5714286
-0.46699834,-0.5714286
-0.46646598,-0.5714286
-0.4664701,-0.5714286
-0.46621212,-0.5714286
-0.46637592,-0.5714286
-0.4663841,-0.5714286
-0.46626538,-0.5714286
-0.4651597,-0.5714286
-0.46716216,-0.5714286
-0.46670762,-0.5714286
-0.46686324,-0.5714286
-0.4669656,-0.5714286
-0.46674445,-0.5714286
-0.4667854,-0.5714286
-0.46717444,-0.5714286
-0.46689188,-0.5714286
-0.46632677,-0.5714286
-0.46685094,-0.5714286
-0.4666749,-0.5714286
-0.46683046,-0.5714286
-0.46648645,-0.5714286
-0.46624082,-0.5714286
-0.4664333,-0.5714286
-0.46610156,-0.5714286
-0.46597868,-0.5714286
-0.46608722,-0.5714286
-0.4651597,-0.5714286
-0.4666994,-0.5714286
-0.4667895,-0.5714286
-0.46676087,-0.5714286
-0.46675676,-0.5714286
-0.4665561,-0.5714286
-0.46670145,-0.5714286
-0.46640664,-0.5714286
-0.46641275,-0.5714286
-0.465819,-0.5714286
-0.46550366,-0.5714286
-0.46604422,-0.5714286
-0.46574324,-0.5714286
-0.47239557,-0.5714286
-0.47479525,-0.5714286
-0.47458643,-0.5714286
-0.47474203,-0.5714286
-0.47478294,-0.5714286
-0.47485667,-0.5714286
-0.47417283,-0.5714286
-0.47476047,-0.5714286
-0.47158888,-0.5714286
-0.45841113,-0.5714286
-0.45156425,-0.5714286
-0.46608514,-0.5714286
-0.46656018,-0.5714286
-0.46633086,-0.5714286
-0.46599096,-0.5714286
-0.46529073,-0.5714286
-0.46550366,-0.5714286
-0.46565107,-0.5714286
-0.46440622,-0.5714286
-0.4636732,-0.5714286
-0.4639148,-0.5714286
-0.46333537,-0.5714286
-0.46394962,-0.5714286
-0.46335378,-0.5714286
-0.46341932,-0.5714286
-0.46293613,-0.5714286
-0.46391892,-0.5714286
-0.46429563,-0.5714286
-0.46524978,-0.5714286
-0.46711916,-0.5714286
-0.46604422,-0.5714286
-0.46635133,-0.5714286
-0.4659132,-0.5714286
-0.46592548,-0.5714286
-0.46560195,-0.5714286
-0.46619573,-0.5714286
-0.4664742,-0.5714286
-0.46669123,-0.5714286
-0.4670925,-0.5714286
-0.46720314,-0.5714286
-0.46714988,-0.5714286
-0.46686122,-0.5714286
-0.46646807,-0.5714286
-0.46668306,-0.5714286
-0.46622238,-0.5714286
-0.46658474,-0.5714286
-0.46689188,-0.5714286
-0.46722358,-0.5714286
-0.467199,-0.5714286
-0.4666994,-0.5714286
-0.46644965,-0.5714286
-0.4663964,-0.5714286
-0.46640053,-0.5714286
-0.46676087,-0.5714286
-0.4666626,-0.5714286
-0.4670188,-0.5714286
-0.46710894,-0.5714286
-0.4668591,-0.5714286
-0.46717444,-0.5714286
-0.4661425,-0.5714286
-0.4656552,-0.5714286
-0.46581897,-0.5714286
-0.46617937,-0.5714286
-0.46502456,-0.5714286
-0.46579853,-0.5714286
-0.4661056,-0.5714286
-0.4662121,-0.5714286
-0.46565107,-0.5714286
-0.46573707,-0.5714286
-0.4656593,-0.5714286
-0.46548733,-0.5714286
-0.46531942,-0.5714286
-0.46513513,-0.5714286
-0.46520883,-0.5714286
-0.46536037,-0.5714286
-0.4658845,-0.5714286
-0.4658763,-0.5714286
-0.46612406,-0.5714286
-0.4659705,-0.5714286
-0.46619776,-0.5714286
-0.46597666,-0.5714286
-0.46632677,-0.5714286
-0.46596232,-0.5714286
-0.46621007,-0.5714286
-0.46596435,-0.5714286
-0.46594185,-0.5714286
-0.465389,-0.5714286
-0.46526414,-0.5714286
-0.46541765,-0.5714286
-0.46552825,-0.5714286
-0.46544224,-0.5714286
-0.46574938,-0.5714286
-0.46568385,-0.5714286
-0.46656024,-0.5714286
-0.46601966,-0.5714286
-0.4666257,-0.5714286
-0.467199,-0.5714286
-0.46684277,-0.5714286
-0.45950246,-0.5714286
-0.4538145,-0.5714286
-0.4510483,-0.5714286
-0.45535627,-0.5714286
-0.45960277,-0.5714286
-0.46076167,-0.5714286
-0.45956594,-0.5714286
-0.46093982,-0.5714286
-0.45777026,-0.5714286
-0.44965193,-0.5714286
-0.45107698,-0.5714286
-0.46079236,-0.5714286
-0.4612162,-0.5714286
-0.45997137,-0.5714286
-0.4609132,-0.5714286
-0.4607248,-0.5714286
-0.4606798,-0.5714286
-0.4654218,-0.5714286
-0.46480754,-0.5714286
-0.4643202,-0.5714286
-0.46563882,-0.5714286
-0.46563882,-0.5714286
-0.46568182,-0.5714286
-0.46584767,-0.5714286
-0.46550366,-0.5714286
-0.46599096,-0.5714286
-0.4666749,-0.5714286
-0.4658927,-0.5714286
-0.4665909,-0.5714286
-0.46608928,-0.5714286
-0.46505326,-0.5714286
-0.46520883,-0.5714286
-0.46505326,-0.5714286
-0.46504912,-0.5714286
-0.46507987,-0.5714286
-0.46519044,-0.5714286
-0.46477064,-0.5714286
-0.46500617,-0.5714286
-0.46474612,-0.5714286
-0.4659705,-0.5714286
-0.46793202,-0.5714286
-0.46702296,-0.5714286
-0.46740377,-0.5714286
-0.46741197,-0.5714286
-0.4670823,-0.5714286
-0.46643326,-0.5714286
-0.4664783,-0.5714286
-0.46593368,-0.5714286
-0.46641275,-0.5714286
-0.46671376,-0.5714286
-0.46709666,-0.5714286
-0.4673014,-0.5714286
-0.4673587,-0.5714286
-0.4672359,-0.5714286
-0.46761057,-0.5714286
-0.46679363,-0.5714286
-0.46751228,-0.5714286
-0.46652335,-0.5714286
-0.466896,-0.5714286
-0.46684682,-0.5714286
-0.46712124,-0.5714286
-0.46762076,-0.5714286
-0.4673587,-0.5714286
-0.4669656,-0.5714286
-0.4672727,-0.5714286
-0.46675676,-0.5714286
-0.46658474,-0.5714286
-0.4677846,-0.5714286
-0.4669697,-0.5714286
-0.4670557,-0.5714286
-0.46684277,-0.5714286
-0.4666749,-0.5714286
-0.46689188,-0.5714286
-0.46723178,-0.5714286
-0.4663329,-0.5714286
-0.46655405,-0.5714286
-0.46600124,-0.5714286
-0.4666155,-0.5714286
-0.466896,-0.5714286
-0.46577397,-0.5714286
-0.4659705,-0.5714286
-0.46626532,-0.5714286
-0.46585998,-0.5714286
-0.46630222,-0.5714286
-0.46646193,-0.5714286
-0.46607697,-0.5714286
-0.4667977,-0.5714286
-0.46769044,-0.5714286
-0.46653152,-0.5714286
-0.46690008,-0.5714286
-0.4667486,-0.5714286
-0.46691236,-0.5714286
-0.46656018,-0.5714286
-0.46624485,-0.5714286
-0.46710894,-0.5714286
-0.46531942,-0.5714286
-0.46618345,-0.5714286
-0.46608928,-0.5714286
-0.46504298,-0.5714286
-0.4653522,-0.5714286
-0.4660135,-0.5714286
-0.4660688,-0.5714286
-0.46588045,-0.5714286
-0.4659992,-0.5714286
-0.46548733,-0.5714286
-0.46511874,-0.5714286
-0.46483213,-0.5714286
-0.464914,-0.5714286
-0.46470517,-0.5714286
-0.4651167,-0.5714286
-0.46356264,-0.5714286
-0.46289924,-0.5714286
-0.4618878,-0.5714286
-0.462543,-0.5714286
-0.46224406,-0.5714286
-0.46504298,-0.5714286
-0.4664988,-0.5714286
-0.46661344,-0.5714286
-0.46642503,-0.5714286
-0.46658888,-0.5714286
-0.46641278,-0.5714286
-0.46659294,-0.5714286
-0.46628582,-0.5714286
-0.46596232,-0.5714286
-0.46694103,-0.5714286
-0.46665442,-0.5714286
-0.46667075,-0.5714286
-0.46701065,-0.5714286
-0.4672359,-0.5714286
-0.46722358,-0.5714286
-0.46700248,-0.5714286
-0.46648645,-0.5714286
-0.46707618,-0.5714286
-0.4667158,-0.5714286
-0.46737716,-0.5714286
-0.46729732,-0.5714286
-0.46694103,-0.5714286
-0.4669083,-0.5714286
-0.46669534,-0.5714286
-0.46667892,-0.5714286
-0.46649876,-0.5714286
-0.46699017,-0.5714286
-0.4668837,-0.5714286
-0.4677846,-0.5714286
-0.46748158,-0.5714286
-0.4672727,-0.5714286
-0.46708435,-0.5714286
-0.46697375,-0.5714286
-0.4660934,-0.5714286
-0.46642503,-0.5714286
-0.46679977,-0.5714286
-0.46676084,-0.5714286
-0.46591726,-0.5714286
-0.46688572,-0.5714286
-0.46634728,-0.5714286
-0.46663395,-0.5714286
-0.4672277,-0.5714286
-0.46741608,-0.5714286
-0.46740377,-0.5714286
-0.4673874,-0.5714286
-0.4673956,-0.5714286
-0.4670885,-0.5714286
-0.46731776,-0.5714286
-0.46740785,-0.5714286
-0.46750614,-0.5714286
-0.46766996,-0.5714286
-0.4681388,-0.5714286
-0.4681941,-0.5714286
-0.46798113,-0.5714286
-0.46762902,-0.5714286
-0.46793616,-0.5714286
-0.46600327,-0.5714286
-0.46775183,-0.5714286
-0.46731365,-0.5714286
-0.46711713,-0.5714286
-0.46695328,-0.5714286
-0.46718267,-0.5714286
-0.46741608,-0.5714286
-0.46728092,-0.5714286
-0.46724406,-0.5714286
-0.46717447,-0.5714286
-0.46770677,-0.5714286
-0.46803033,-0.5714286
-0.4686446,-0.5714286
-0.47561425,-0.5714286
-0.47536856,-0.5714286
-0.47580668,-0.5714286
-0.47602785,-0.5714286
-0.475819,-0.5714286
-0.47653154,-0.5714286
-0.47535214,-0.5714286
-0.47574526,-0.5714286
-0.4757494,-0.5714286
-0.47642505,-0.5714286
-0.47648242,-0.5714286
-0.47669533,-0.5714286
-0.47656018,-0.5714286
-0.47628993,-0.5714286
-0.47651106,-0.5714286
-0.47595206,-0.5714286
-0.4752027,-0.5714286
-0.476163,-0.5714286
-0.47652337,-0.5714286
-0.47633496,-0.5714286
-0.4762961,-0.5714286
-0.47658476,-0.5714286
-0.4764906,-0.5714286
-0.47592136,-0.5714286
-0.47681817,-0.5714286
-0.47596234,-0.5714286
-0.47605652,-0.5714286
-0.4760156,-0.5714286
-0.47655407,-0.5714286
-0.4764906,-0.5714286
-0.47663802,-0.5714286
-0.4767322,-0.5714286
-0.47660112,-0.5714286
-0.47675678,-0.5714286
-0.47684273,-0.5714286
-0.47601962,-0.5714286
-0.47614253,-0.5714286
-0.47603193,-0.5714286
-0.47580668,-0.5714286
-0.47608516,-0.5714286
-0.47595415,-0.5714286
-0.47597668,-0.5714286
-0.4756757,-0.5714286
-0.47564292,-0.5714286
-0.47540134,-0.5714286
-0.47628993,-0.5714286
-0.23434891,-0.5714286
-0.3140786,-0.5714286
-0.3131695,-0.5714286
-0.3126822,-0.5714286
-0.31255117,-0.5714286
-0.31179363,-0.5714286
-0.31167692,-0.5714286
-0.31142098,-0.5714286
-0.31021708,-0.5714286
-0.3093571,-0.5714286
-0.31014127,-0.5714286
-0.3101638,-0.5714286
-0.3109296,-0.5714286
-0.3109869,-0.5714286
-0.31167486,-0.5714286
-0.31211916,-0.5714286
-0.31330466,-0.5714286
-0.31413594,-0.5714286
-0.31579852,-0.5714286
-0.31944102,-0.5714286
-0.32094187,-0.5714286
-0.32225224,-0.5714286
-0.32337838,-0.5714286
-0.3244103,-0.5714286
-0.32356265,-0.5714286
-0.32527435,-0.5714286
-0.32641277,-0.5714286
-0.326984,-0.5714286
-0.3271069,-0.5714286
-0.3271417,-0.5714286
-0.32702705,-0.5714286
-0.32727888,-0.5714286
-0.32839477,-0.5714286
-0.3280426,-0.5714286
-0.32760036,-0.5714286
-0.32886162,-0.5714286
-0.32918307,-0.5714286
-0.32811219,-0.5714286
-0.32877967,-0.5714286
-0.32995492,-0.5714286
-0.3304054,-0.5714286
-0.33127767,-0.5714286
-0.3305774,-0.5714286
-0.33151516,-0.5714286
-0.32993242,-0.5714286
-0.33035624,-0.5714286
-0.32976043,-0.5714286
-0.3303317,-0.5714286
-0.3301351,-0.5714286
-0.33109337,-0.5714286
-0.3315786,-0.5714286
-0.33105245,-0.5714286
-0.33146808,-0.5714286
-0.3312408,-0.5714286
-0.3316585,-0.5714286
-0.33080673,-0.5714286
-0.33130836,-0.5714286
-0.33168715,-0.5714286
-0.33228502,-0.5714286
-0.33191645,-0.5714286
-0.33236694,-0.5714286
-0.33132267,-0.5714286
-0.3306818,-0.5714286
-0.3316912,-0.5714286
-0.3320188,-0.5714286
-0.3307248,-0.5714286
-0.3300492,-0.5714286
-0.3307043,-0.5714286
-0.3310483,-0.5714286
-0.33105648,-0.5714286
-0.33039314,-0.5714286
-0.33054054,-0.5714286
-0.32937756,-0.5714286
-0.32981578,-0.5714286
-0.33039927,-0.5714286
-0.330475,-0.5714286
-0.3320188,-0.5714286
-0.332932,-0.5714286
-0.33264947,-0.5714286
-0.33272317,-0.5714286
-0.3323587,-0.5714286
-0.33204752,-0.5714286
-0.33204752,-0.5714286
-0.33235052,-0.5714286
-0.33128992,-0.5714286
-0.33202294,-0.5714286
-0.33315724,-0.5714286
-0.33336607,-0.5714286
-0.33375922,-0.5714286
-0.33355856,-0.5714286
-0.33264536,-0.5714286
-0.3311548,-0.5714286
-0.33209664,-0.5714286
-0.33246928,-0.5714286
-0.33142507,-0.5714286
-0.33257577,-0.5714286
-0.3327478,-0.5714286
-0.33303443,-0.5714286
-0.3334398,-0.5714286
-0.3335381,-0.5714286
-0.33412775,-0.5714286
-0.3341605,-0.5714286
-0.33329648,-0.5714286
-0.32365683,-0.5714286
-0.31393734,-0.5714286
-0.3122932,-0.5714286
-0.3227764,-0.5714286
-0.32481164,-0.5714286
-0.3253624,-0.5714286
-0.32509008,-0.5714286
-0.32461914,-0.5714286
-0.32519245,-0.5714286
-0.32421377,-0.5714286
-0.32497132,-0.5714286
-0.32490173,-0.5714286
-0.3244144,-0.5714286
-0.32477275,-0.5714286
-0.325344,-0.5714286
-0.32579032,-0.5714286
-0.32383293,-0.5714286
-0.32421377,-0.5714286
-0.32512283,-0.5714286
-0.32639435,-0.5714286
-0.32536855,-0.5714286
-0.32567978,-0.5714286
-0.3257658,-0.5714286
-0.32593367,-0.5714286
-0.32611385,-0.5714286
-0.3259275,-0.5714286
-0.32569614,-0.5714286
-0.32592958,-0.5714286
-0.325172,-0.5714286
-0.32504505,-0.5714286
-0.3258272,-0.5714286
-0.3257924,-0.5714286
-0.32472563,-0.5714286
-0.32610562,-0.5714286
-0.32616708,-0.5714286
-0.32545456,-0.5714286
-0.32463965,-0.5714286
-0.3256388,-0.5714286
-0.32628176,-0.5714286
-0.3258108,-0.5714286
-0.3270188,-0.5714286
-0.32651514,-0.5714286
-0.3264496,-0.5714286
-0.32540542,-0.5714286
-0.32511055,-0.5714286
-0.326466,-0.5714286
-0.32569408,-0.5714286
-0.32641688,-0.5714286
-0.32642508,-0.5714286
-0.3263268,-0.5714286
-0.32538083,-0.5714286
-0.3258231,-0.5714286
-0.3262367,-0.5714286
-0.32594594,-0.5714286
-0.32747746,-0.5714286
-0.32816136,-0.5714286
-0.32808354,-0.5714286
-0.32809988,-0.5714286
-0.3277068,-0.5714286
-0.32699016,-0.5714286
-0.32717034,-0.5714286
-0.3266093,-0.5714286
-0.32665846,-0.5714286
-0.32691646,-0.5714286
-0.32680592,-0.5714286
-0.3261425,-0.5714286
-0.3262162,-0.5714286
-0.32692462,-0.5714286
-0.32776824,-0.5714286
-0.32749793,-0.5714286
-0.3273997,-0.5714286
-0.3282371,-0.5714286
-0.32814088,-0.5714286
-0.32809582,-0.5714286
-0.32780504,-0.5714286
-0.32767197,-0.5714286
-0.32818183,-0.5714286
-0.32795247,-0.5714286
-0.32807124,-0.5714286
-0.32828417,-0.5714286
-0.3279914,-0.5714286
-0.3276986,-0.5714286
-0.32737923,-0.5714286
-0.3264701,-0.5714286
-0.32628378,-0.5714286
-0.32714987,-0.5714286
-0.32753068,-0.5714286
-0.32779282,-0.5714286
-0.32726452,-0.5714286
-0.32716215,-0.5714286
-0.3290991,-0.5714286
-0.32885337,-0.5714286
-0.3286527,-0.5714286
-0.32718676,-0.5714286
-0.32722768,-0.5714286
-0.3270557,-0.5714286
-0.3262285,-0.5714286
-0.32682228,-0.5714286
-0.32740375,-0.5714286
-0.3260729,-0.5714286
-0.32648036,-0.5714286
-0.32721126,-0.5714286
-0.32792383,-0.5714286
-0.32733417,-0.5714286
-0.3278829,-0.5714286
-0.3286548,-0.5714286
-0.32841113,-0.5714286
-0.32864454,-0.5714286
-0.32823095,-0.5714286
-0.46783784,-0.5714286
-0.46765968,-0.5714286
-0.46744472,-0.5714286
-0.46731776,-0.5714286
-0.46760854,-0.5714286
-0.46731776,-0.5714286
-0.4663329,-0.5714286
-0.4649631,-0.5714286
-0.46539316,-0.5714286
-0.46470514,-0.5714286
-0.4649386,-0.5714286
-0.46452087,-0.5714286
-0.46502864,-0.5714286
-0.46434888,-0.5714286
-0.46495086,-0.5714286
-0.46499184,-0.5714286
-0.46578628,-0.5714286
-0.4664947,-0.5714286
-0.46588454,-0.5714286
-0.46689188,-0.5714286
-0.46718267,-0.5714286
-0.46773955,-0.5714286
-0.4674693,-0.5714286
-0.4678931,-0.5714286
-0.46750614,-0.5714286
-0.46758804,-0.5714286
-0.46744883,-0.5714286
-0.46718058,-0.5714286
-0.46617937,-0.5714286
-0.466249,-0.5714286
-0.46653968,-0.5714286
-0.46672606,-0.5714286
-0.4731941,-0.5714286
-0.47573298,-0.5714286
-0.4757125,-0.5714286
-0.47612408,-0.5714286
-0.4766769,-0.5714286
-0.4763063,-0.5714286
-0.4763759,-0.5714286
-0.47604424,-0.5714286
-0.47638822,-0.5714286
-0.47620395,-0.5714286
-0.47626534,-0.5714286
-0.4762367,-0.5714286
-0.47470924,-0.5714286
-0.47424242,-0.5714286
-0.47423425,-0.5714286
-0.47412777,-0.5714286
-0.4746437,-0.5714286
-0.47451678,-0.5714286
-0.47421378,-0.5714286
-0.4735463,-0.5714286
-0.47400495,-0.5714286
-0.47412777,-0.5714286
-0.47543612,-0.5714286
-0.47628176,-0.5714286
-0.4765663,-0.5714286
-0.47653154,-0.5714286
-0.47572893,-0.5714286
-0.47643322,-0.5714286
-0.47646806,-0.5714286
-0.47647417,-0.5714286
-0.47666666,-0.5714286
-0.4765397,-0.5714286
-0.4764906,-0.5714286
-0.4771867,-0.5714286
-0.47753686,-0.5714286
-0.47691238,-0.5714286
-0.47711715,-0.5714286
-0.47727272,-0.5714286
-0.47726044,-0.5714286
-0.47639436,-0.5714286
-0.47710896,-0.5714286
-0.4771867,-0.5714286
-0.47725224,-0.5714286
-0.47670758,-0.5714286
-0.47700244,-0.5714286
-0.47633904,-0.5714286
-0.47704342,-0.5714286
-0.47728503,-0.5714286
-0.47714373,-0.5714286
-0.4768837,-0.5714286
-0.47654176,-0.5714286
-0.4769963,-0.5714286
-0.4766994,-0.5714286
-0.47681406,-0.5714286
-0.47681817,-0.5714286
-0.4762326,-0.5714286
-0.47667077,-0.5714286
-0.4765172,-0.5714286
-0.47625718,-0.5714286
-0.47683048,-0.5714286
-0.47681817,-0.5714286
-0.47670764,-0.5714286
-0.47683048,-0.5714286
-0.47648647,-0.5714286
-0.47633088,-0.5714286
-0.47614253,-0.5714286
-0.47609338,-0.5714286
-0.4763227,-0.5714286
-0.47637182,-0.5714286
-0.47669533,-0.5714286
-0.47643736,-0.5714286
-0.4762367,-0.5714286
-0.4761138,-0.5714286
-0.476163,-0.5714286
-0.47646192,-0.5714286
-0.4760156,-0.5714286
-0.47607288,-0.5714286
-0.47685096,-0.5714286
-0.4764169,-0.5714286
-0.47719288,-0.5714286
-0.47642094,-0.5714286
-0.47684684,-0.5714286
-0.47688776,-0.5714286
-0.4765397,-0.5714286
-0.47624075,-0.5714286
-0.47646806,-0.5714286
-0.47628993,-0.5714286
-0.47633496,-0.5714286
-0.47602785,-0.5714286
-0.47618347,-0.5714286
-0.4760893,-0.5714286
-0.47617933,-0.5714286
-0.47667077,-0.5714286
-0.47644964,-0.5714286
-0.4759091,-0.5714286
-0.47611794,-0.5714286
-0.4759009,-0.5714286
-0.47546688,-0.5714286
-0.4762715,-0.5714286
-0.47605652,-0.5714286
-0.476163,-0.5714286
-0.47632676,-0.5714286
-0.47645578,-0.5714286
-0.47571865,-0.5714286
-0.47614253,-0.5714286
-0.4760893,-0.5714286
-0.47603193,-0.5714286
-0.47617322,-0.5714286
-0.47621623,-0.5714286
-0.47557124,-0.5714286
-0.47594592,-0.5714286
-0.47637594,-0.5714286
-0.47616708,-0.5714286
-0.4754832,-0.5714286
-0.4761855,-0.5714286
-0.47600737,-0.5714286
-0.47520474,-0.5714286
-0.47568798,-0.5714286
-0.47581697,-0.5714286
-0.47603604,-0.5714286
-0.47601962,-0.5714286
-0.47598282,-0.5714286
-0.4756634,-0.5714286
-0.47594592,-0.5714286
-0.4760401,-0.5714286
-0.47565523,-0.5714286
-0.47602376,-0.5714286
-0.4757535,-0.5714286
-0.4759009,-0.5714286
-0.475647,-0.5714286
-0.47577804,-0.5714286
-0.4755569,-0.5714286
-0.47463146,-0.5714286
-0.47546068,-0.5714286
-0.47549957,-0.5714286
-0.4752662,-0.5714286
-0.47613022,-0.5714286
-0.4757494,-0.5714286
-0.4757125,-0.5714286
-0.47572893,-0.5714286
-0.47559583,-0.5714286
-0.47495085,-0.5714286
-0.4751802,-0.5714286
-0.47553438,-0.5714286
-0.47499177,-0.5714286
-0.4751679,-0.5714286
-0.47583944,-0.5714286
-0.46622851,-0.5714286
-0.45659703,-0.5714286
-0.45494473,-0.5714286
-0.4635135,-0.5714286
-0.4664087,-0.5714286
-0.46646598,-0.5714286
-0.46635544,-0.5714286
-0.46545044,-0.5714286
-0.4661548,-0.5714286
-0.46608722,-0.5714286
-0.46660936,-0.5714286
-0.46630222,-0.5714286
-0.4666462,-0.5714286
-0.4664783,-0.5714286
-0.46742016,-0.5714286
-0.46695334,-0.5714286
-0.4670393,-0.5714286
-0.46701065,-0.5714286
-0.4669083,-0.5714286
-0.467113,-0.5714286
-0.46721542,-0.5714286
-0.4670188,-0.5714286
-0.4665725,-0.5714286
-0.46588045,-0.5714286
-0.46659705,-0.5714286
-0.4659705,-0.5714286
-0.46573302,-0.5714286
-0.4664783,-0.5714286
-0.46624076,-0.5714286
-0.4662981,-0.5714286
-0.46596435,-0.5714286
-0.46626532,-0.5714286
-0.46581492,-0.5714286
-0.46602786,-0.5714286
-0.46634728,-0.5714286
-0.46577397,-0.5714286
-0.46636978,-0.5714286
-0.46593368,-0.5714286
-0.46603194,-0.5714286
-0.4653317,-0.5714286
-0.46569413,-0.5714286
-0.46565107,-0.5714286
-0.46497136,-0.5714286
-0.4658354,-0.5714286
-0.4652293,-0.5714286
-0.46553645,-0.5714286
-0.46600735,-0.5714286
-0.46622035,-0.5714286
-0.46646193,-0.5714286
-0.46838453,-0.5714286
-0.46801597,-0.5714286
-0.46784192,-0.5714286
-0.46729732,-0.5714286
-0.4678317,-0.5714286
-0.46731576,-0.5714286
-0.46748978,-0.5714286
-0.46756142,-0.5714286
-0.46692058,-0.5714286
-0.46574324,-0.5714286
-0.4659992,-0.5714286
-0.46561426,-0.5714286
-0.46461302,-0.5714286
-0.4659705,-0.5714286
-0.46597868,-0.5714286
-0.46569204,-0.5714286
-0.46468472,-0.5714286
-0.46387798,-0.5714286
-0.46432436,-0.5714286
-0.46578628,-0.5714286
-0.46641275,-0.5714286
-0.46759626,-0.5714286
-0.46763718,-0.5714286
-0.46769044,-0.5714286
-0.4677314,-0.5714286
-0.46760443,-0.5714286
-0.4676126,-0.5714286
-0.4677682,-0.5714286
-0.46789926,-0.5714286
-0.46676907,-0.5714286
-0.46754706,-0.5714286
-0.46656635,-0.5714286
-0.46756756,-0.5714286
-0.46766174,-0.5714286
-0.46769452,-0.5714286
-0.46843365,-0.5714286
-0.46835995,-0.5714286
-0.4686691,-0.5714286
-0.4684521,-0.5714286
-0.4682371,-0.5714286
-0.46816337,-0.5714286
-0.46759626,-0.5714286
-0.46749383,-0.5714286
-0.46744472,-0.5714286
-0.4675389,-0.5714286
-0.46770677,-0.5714286
-0.46707618,-0.5714286
-0.4678624,-0.5714286
-0.46810403,-0.5714286
-0.4675553,-0.5714286
-0.46723178,-0.5714286
-0.46689188,-0.5714286
-0.46719494,-0.5714286
-0.46637592,-0.5714286
-0.46771908,-0.5714286
-0.46734643,-0.5714286
-0.46758598,-0.5714286
-0.46782556,-0.5714286
-0.4681613,-0.5714286
-0.46789926,-0.5714286
-0.4680344,-0.5714286
-0.46821454,-0.5714286
-0.4680876,-0.5714286
-0.46794838,-0.5714286
-0.46800983,-0.5714286
-0.4677846,-0.5714286
-0.46764538,-0.5714286
-0.4678092,-0.5714286
-0.46766174,-0.5714286
-0.46701065,-0.5714286
-0.46751434,-0.5714286
-0.46790338,-0.5714286
-0.4670946,-0.5714286
-0.46833745,-0.5714286
-0.46810198,-0.5714286
-0.46880218,-0.5714286
-0.46831286,-0.5714286
-0.46831697,-0.5714286
-0.4678092,-0.5714286
-0.4670946,-0.5714286
-0.4676495,-0.5714286
-0.46695742,-0.5714286
-0.4743489,-0.5714286
-0.47592545,-0.5714286
-0.47567973,-0.5714286
-0.4759705,-0.5714286
-0.47598282,-0.5714286
-0.47634724,-0.5714286
-0.4758477,-0.5714286
-0.47583944,-0.5714286
-0.47614253,-0.5714286
-0.47534397,-0.5714286
-0.4755897,-0.5714286
-0.47568798,-0.5714286
-0.47638822,-0.5714286
-0.47617933,-0.5714286
-0.4761118,-0.5714286
-0.47598282,-0.5714286
-0.47549552,-0.5714286
-0.47590497,-0.5714286
-0.47613022,-0.5714286
-0.4760524,-0.5714286
-0.47617933,-0.5714286
-0.47582716,-0.5714286
-0.47633502,-0.5714286
-0.47629604,-0.5714286
-0.47612408,-0.5714286
-0.47602785,-0.5714286
-0.47559786,-0.5714286
-0.4762367,-0.5714286
-0.4754791,-0.5714286
-0.47594187,-0.5714286
-0.47579035,-0.5714286
-0.47609335,-0.5714286
-0.47654176,-0.5714286
-0.47662982,-0.5714286
-0.47654384,-0.5714286
-0.4754095,-0.5714286
-0.47599512,-0.5714286
-0.47597465,-0.5714286
-0.47608516,-0.5714286
-0.47595006,-0.5714286
-0.47624075,-0.5714286
-0.47651106,-0.5714286
-0.4764906,-0.5714286
-0.4767199,-0.5714286
-0.47679976,-0.5714286
-0.4762531,-0.5714286
-0.4763227,-0.5714286
-0.47611386,-0.5714286
-0.47717038,-0.5714286
-0.47662982,-0.5714286
-0.47682637,-0.5714286
-0.47659293,-0.5714286
-0.47674856,-0.5714286
-0.47662777,-0.5714286
-0.4758354,-0.5714286
-0.47585997,-0.5714286
-0.47594187,-0.5714286
-0.47628176,-0.5714286
-0.47618753,-0.5714286
-0.47669125,-0.5714286
-0.4765172,-0.5714286
-0.47692874,-0.5714286
-0.47708845,-0.5714286
-0.47646192,-0.5714286
-0.47606468,-0.5714286
-0.47651106,-0.5714286
-0.47670355,-0.5714286
-0.47659707,-0.5714286
-0.47648036,-0.5714286
-0.47701883,-0.5714286
-0.47708026,-0.5714286
-0.47700655,-0.5714286
-0.4770823,-0.5714286
-0.47593367,-0.5714286
-0.47677726,-0.5714286
-0.47674853,-0.5714286
-0.47688776,-0.5714286
-0.476724,-0.5714286
-0.4764701,-0.5714286
-0.47632065,-0.5714286
-0.47648242,-0.5714286
-0.47628176,-0.5714286
-0.4764926,-0.5714286
-0.47587222,-0.5714286
-0.47653154,-0.5714286
-0.47610977,-0.5714286
-0.47681817,-0.5714286
-0.4757801,-0.5714286
-0.47640458,-0.5714286
-0.47572482,-0.5714286
-0.4759705,-0.5714286
-0.4760627,-0.5714286
-0.47522932,-0.5714286
-0.47599918,-0.5714286
-0.4757125,-0.5714286
-0.47544843,-0.5714286
-0.47591317,-0.5714286
-0.4757064,-0.5714286
-0.47630224,-0.5714286
-0.47579035,-0.5714286
-0.47599512,-0.5714286
-0.47614866,-0.5714286
-0.47533992,-0.5714286
-0.4759705,-0.5714286
-0.47561833,-0.5714286
-0.47606882,-0.5714286
-0.47579035,-0.5714286
-0.47600123,-0.5714286
-0.4760135,-0.5714286
-0.47583127,-0.5714286
-0.47536856,-0.5714286
-0.47527438,-0.5714286
-0.4754832,-0.5714286
-0.47530302,-0.5714286
-0.4755528,-0.5714286
-0.47550982,-0.5714286
-0.47488126,-0.5714286
-0.47366092,-0.5714286
-0.47385135,-0.5714286
-0.47375512,-0.5714286
-0.4737428,-0.5714286
-0.4726945,-0.5714286
-0.4724263,-0.5714286
-0.47235465,-0.5714286
-0.47309583,-0.5714286
-0.4729771,-0.5714286
-0.47400495,-0.5714286
-0.47372234,-0.5714286
-0.47385135,-0.5714286
-0.473878,-0.5714286
-0.4735954,-0.5714286
-0.47354215,-0.5714286
-0.47339067,-0.5714286
-0.4735012,-0.5714286
-0.47359952,-0.5714286
-0.4746765,-0.5714286
-0.47662163,-0.5714286
-0.4762838,-0.5714286
-0.47648647,-0.5714286
-0.47587222,-0.5714286
-0.47584358,-0.5714286
-0.4761425,-0.5714286
-0.47506145,-0.5714286
-0.4756634,-0.5714286
-0.47581494,-0.5714286
-0.4759869,-0.5714286
-0.47609335,-0.5714286
-0.4765889,-0.5714286
-0.4765684,-0.5714286
-0.4756941,-0.5714286
-0.47588453,-0.5714286
-0.47595823,-0.5714286
-0.47614253,-0.5714286
-0.47587222,-0.5714286
-0.46657246,-0.5714286
-0.45572484,-0.5714286
-0.45342344,-0.5714286
-0.4636978,-0.5714286
-0.4662981,-0.5714286
-0.46568385,-0.5714286
-0.46605036,-0.5714286
-0.465473,-0.5714286
-0.46659705,-0.5714286
-0.4661466,-0.5714286
-0.46569616,-0.5714286
-0.4657924,-0.5714286
-0.4658968,-0.5714286
-0.46585587,-0.5714286
-0.46565107,-0.5714286
-0.46659297,-0.5714286
-0.4664578,-0.5714286
-0.4666749,-0.5714286
-0.46640664,-0.5714286
-0.46660522,-0.5714286
-0.46678135,-0.5714286
-0.46607292,-0.5714286
-0.4659869,-0.5714286
-0.46570432,-0.5714286
-0.464914,-0.5714286
-0.46633086,-0.5714286
-0.46658474,-0.5714286
-0.46715394,-0.5714286
-0.46728092,-0.5714286
-0.46774366,-0.5714286
-0.46792385,-0.5714286
-0.4673096,-0.5714286
-0.46680588,-0.5714286
-0.46666667,-0.5714286
-0.46603602,-0.5714286
-0.46570432,-0.5714286
-0.46626946,-0.5714286
-0.46635956,-0.5714286
-0.46687552,-0.5714286
-0.46738946,-0.5714286
-0.46768227,-0.5714286
-0.46705976,-0.5714286
-0.46687958,-0.5714286
-0.4666421,-0.5714286
-0.46714374,-0.5714286
-0.4659705,-0.5714286
-0.4664865,-0.5714286
-0.46694103,-0.5714286
-0.4673403,-0.5714286
-0.46881655,-0.5714286
-0.46889848,-0.5714286
-0.4693059,-0.5714286
-0.4689025,-0.5714286
-0.46831286,-0.5714286
-0.4687674,-0.5714286
-0.46873462,-0.5714286
-0.4687183,-0.5714286
-0.46826375,-0.5714286
-0.46839473,-0.5714286
-0.4691216,-0.5714286
-0.4689619,-0.5714286
-0.4687551,-0.5714286
-0.46859336,-0.5714286
-0.46909705,-0.5714286
-0.46870187,-0.5714286
-0.46933046,-0.5714286
-0.46895987,-0.5714286
-0.4686855,-0.5714286
-0.46918917,-0.5714286
-0.46899673,-0.5714286
-0.46941644,-0.5714286
-0.46869168,-0.5714286
-0.46890664,-0.5714286
-0.46938577,-0.5714286
-0.468792,-0.5714286
-0.33365685,-0.5714286
-0.30477887,-0.5714286
-0.32128993,-0.5714286
-0.3213841,-0.5714286
-0.32189187,-0.5714286
-0.32208437,-0.5714286
-0.3218243,-0.5714286
-0.32207206,-0.5714286
-0.32307535,-0.5714286
-0.3238657,-0.5714286
-0.3242629,-0.5714286
-0.32433254,-0.5714286
-0.32450858,-0.5714286
0.09614664,-0.5714286
0.21453325,-0.5714286
0.20876746,-0.5714286
0.1945045,-0.5714286
0.1838391,-0.5714286
0.18013926,-0.5714286
0.17873463,-0.5714286
0.17696963,-0.5714286
0.17810403,-0.5714286
0.17892711,-0.5714286
0.189226,-0.5714286
0.18869783,-0.5714286
-0.265172,-0.5714286
-0.30917072,-0.5714286
-0.30979115,-0.5714286
-0.31079853,-0.5714286
-0.31055284,-0.5714286
-0.31146806,-0.5714286
-0.3111998,-0.5714286
1.063796,-0.5714286
1.1667362,-0.5714286
0.6101024,-0.5714286
0.5669819,-0.5714286
0.5695045,-0.5714286
0.57180583,-0.5714286
0.5638289,-0.5714286
0.56548315,-0.5714286
0.56245697,-0.5714286
0.5624201,-0.5714286
0.56363636,-0.5714286
0.5594512,-0.5714286
0.5549098,-0.5714286
0.56153566,-0.5714286
0.5635749,-0.5714286
0.5601556,-0.5714286
0.5601228,-0.5714286
0.56141686,-0.5714286
0.5483047,-0.5714286
0.5507739,-0.5714286
0.55528873,-0.5714286
0.5495946,-0.5714286
0.55153143,-0.5714286
0.5503071,-0.5714286
0.5521376,-0.5714286
0.5405713,-0.5714286
0.5392015,-0.5714286
0.539828,-0.5714286
0.5432249,-0.5714286
0.54063267,-0.5714286
0.53262484,-0.5714286
0.532887,-0.5714286
0.53762084,-0.5714286
0.53944725,-0.5714286
0.53855854,-0.5714286
0.54376537,-0.5714286
0.54683053,-0.5714286
0.54864454,-0.5714286
0.54042995,-0.5714286
0.53858316,-0.5714286
0.5402416,-0.5714286
0.5380139,-0.5714286
0.5385667,-0.5714286
0.5368838,-0.5714286
0.5403562,-0.5714286
0.5368386,-0.5714286
0.54158884,-0.5714286
0.53924245,-0.5714286
0.5416339,-0.5714286
0.53766584,-0.5714286
0.53824323,-0.5714286
0.53917277,-0.5714286
0.53335375,-0.5714286
0.5344062,-0.5714286
0.53269655,-0.5714286
0.52948815,-0.5714286
0.5269287,-0.5714286
0.53042585,-0.5714286
0.5314291,-0.5714286
0.5307002,-0.5714286
0.5347113,-0.5714286
0.5301064,-0.5714286
0.526032,-0.5714286
0.53305894,-0.5714286
0.5287531,-0.5714286
0.688323,-0.5714286
0.68715596,-0.5714286
0.68962723,-0.5714286
0.68937755,-0.5714286
0.68939,-0.5714286
0.6917158,-0.5714286
0.68208843,-0.5714286
0.6856102,-0.5714286
0.6876372,-0.5714286
0.68846023,-0.5714286
0.6810565,-0.5714286
0.6835627,-0.5714286
0.6871131,-0.5714286
0.6851658,-0.5714286
0.68370605,-0.5714286
0.6829075,-0.5714286
0.6832187,-0.5714286
0.68038076,-0.5714286
0.6766953,-0.5714286
0.6808047,-0.5714286
0.67619574,-0.5714286
0.6776658,-0.5714286
0.67337435,-0.5714286
0.6660994,-0.5714286
0.65318805,-0.5714286
0.6559951,-0.5714286
0.6513186,-0.5714286
0.65143734,-0.5714286
0.64690006,-0.5714286
0.6462162,-0.5714286
0.6484951,-0.5714286
0.6485912,-0.5714286
0.6504013,-0.5714286
0.6512654,-0.5714286
0.65256345,-0.5714286
0.6437715,-0.5714286
0.6464292,-0.5714286
0.5901311,-0.5714286
0.4781326,-0.5714286
0.47973588,-0.5714286
0.48090905,-0.5714286
0.48160324,-0.5714286
0.47705162,-0.5714286
0.47963142,-0.5714286
0.48012286,-0.5714286
0.48093978,-0.5714286
0.481552,-0.5714286
0.48256758,-0.5714286
0.47995085,-0.5714286
0.4818673,-0.5714286
0.48396194,-0.5714286
0.48404995,-0.5714286
0.48355448,-0.5714286
0.4827314,-0.5714286
0.48091325,-0.5714286
0.48257986,-0.5714286
0.48179767,-0.5714286
0.48246926,-0.5714286
0.4848096,-0.5714286
0.48502862,-0.5714286
0.48402947,-0.5714286
0.4931409,-0.5714286
0.5057862,-0.5714286
0.5046971,-0.5714286
0.5034644,-0.5714286
0.5006081,-0.5714286
0.50312656,-0.5714286
0.5084439,-0.5714286
0.5011547,-0.5714286
0.49667478,-0.5714286
0.49133092,-0.5714286
0.4914251,-0.5714286
0.4924488,-0.5714286
0.49390668,-0.5714286
0.49692875,-0.5714286
0.4956818,-0.5714286
0.49531943,-0.5714286
0.49382472,-0.5714286
-0.06819003,-0.5714286
-0.31973794,-0.5714286
-0.32061422,-0.5714286
-0.32038084,-0.5714286
-0.31990987,-0.5714286
-0.31943083,-0.5714286
-0.32037467,-0.5714286
-0.3205733,-0.5714286
-0.32119575,-0.5714286
-0.3215479,-0.5714286
-0.32049963,-0.5714286
-0.32032555,-0.5714286
-0.3206511,-0.5714286
-0.31945536,-0.5714286
-0.3198157,-0.5714286
-0.32110158,-0.5714286
-0.32169533,-0.5714286
-0.3214865,-0.5714286
-0.32164615,-0.5714286
-0.32168916,-0.5714286
-0.3213964,-0.5714286
-0.32171583,-0.5714286
-0.32198402,-0.5714286
-0.3219042,-0.5714286
-0.32076782,-0.5714286
-0.32112616,-0.5714286
-0.32061428,-0.5714286
-0.3207453,-0.5714286
-0.321077,-0.5714286
-0.32130224,-0.5714286
-0.3216462,-0.5714286
-0.32207614,-0.5714286
-0.32212943,-0.5714286
-0.32227275,-0.5714286
-0.3218018,-0.5714286
-0.32098895,-0.5714286
-0.3212203,-0.5714286
-0.32105651,-0.5714286
-0.3217404,-0.5714286
-0.3215479,-0.5714286
-0.3219963,-0.5714286
-0.32202703,-0.5714286
-0.32174447,-0.5714286
-0.3208231,-0.5714286
-0.3208784,-0.5714286
-0.32048732,-0.5714286
-0.32145372,-0.5714286
-0.32135546,-0.5714286
-0.32142505,-0.5714286
-0.32213145,-0.5714286
-0.32268223,-0.5714286
-0.32309175,-0.5714286
-0.32235876,-0.5714286
-0.32391483,-0.5714286
-0.3230467,-0.5714286
-0.32292384,-0.5714286
-0.3222604,-0.5714286
-0.32332516,-0.5714286
-0.3227887,-0.5714286
-0.3233415,-0.5714286
-0.3233538,-0.5714286
-0.32332516,-0.5714286
-0.32155612,-0.5714286
-0.3235176,-0.5714286
-0.32377562,-0.5714286
-0.3241646,-0.5714286
-0.32373467,-0.5714286
-0.32218674,-0.5714286
-0.32351762,-0.5714286
-0.32349303,-0.5714286
-0.32337427,-0.5714286
-0.32300985,-0.5714286
-0.32352582,-0.5714286
-0.32340294,-0.5714286
-0.3235299,-0.5714286
-0.32389438,-0.5714286
-0.32432842,-0.5714286
-0.32470107,-0.5714286
-0.32466832,-0.5714286
-0.3247625,-0.5714286
-0.32490167,-0.5714286
-0.32364866,-0.5714286
-0.32454547,-0.5714286
-0.32298115,-0.5714286
-0.3233968,-0.5714286
-0.3254668,-0.5714286
-0.32456183,-0.5714286
-0.32477066,-0.5714286
-0.32560605,-0.5714286
-0.32558152,-0.5714286
-0.32527027,-0.5714286
-0.32457003,-0.5714286
-0.32478294,-0.5714286
-0.32321867,-0.5714286
-0.3228317,-0.5714286
-0.32329237,-0.5714286
-0.32366505,-0.5714286
-0.32346848,-0.5714286
-0.32402128,-0.5714286
-0.32416052,-0.5714286
-0.32223177,-0.5714286
-0.32243654,-0.5714286
-0.32219902,-0.5714286
-0.32309175,-0.5714286
-0.3230344,-0.5714286
-0.32202294,-0.5714286
-0.32255936,-0.5714286
-0.32208028,-0.5714286
-0.3245168,-0.5714286
-0.32526207,-0.5714286
-0.32572484,-0.5714286
-0.32595825,-0.5714286
-0.32554057,-0.5714286
-0.3256675,-0.5714286
-0.32548526,-0.5714286
-0.32580262,-0.5714286
-0.32565725,-0.5714286
-0.3262531,-0.5714286
-0.3253931,-0.5714286
-0.32438573,-0.5714286
-0.32547912,-0.5714286
-0.3257166,-0.5714286
-0.32575348,-0.5714286
-0.3264701,-0.5714286
-0.32592958,-0.5714286
-0.32654792,-0.5714286
-0.32617322,-0.5714286
-0.32596642,-0.5714286
-0.3250819,-0.5714286
-0.3261384,-0.5714286
-0.32685503,-0.5714286
-0.32645783,-0.5714286
-0.34945333,-0.5714286
-0.46633902,-0.5714286
-0.46615887,-0.5714286
-0.46571252,-0.5714286
-0.46557736,-0.5714286
-0.46536446,-0.5714286
-0.4650553,-0.5714286
-0.4659582,-0.5714286
-0.46509418,-0.5714286
-0.4663268,-0.5714286
-0.46724814,-0.5714286
-0.46708024,-0.5714286
-0.46710894,-0.5714286
-0.46718267,-0.5714286
-0.46719286,-0.5714286
-0.4672809,-0.5714286
-0.46742424,-0.5714286
-0.46765766,-0.5714286
-0.46733415,-0.5714286
-0.46775597,-0.5714286
-0.4676085,-0.5714286
-0.46759212,-0.5714286
-0.4674324,-0.5714286
-0.4676413,-0.5714286
-0.46783784,-0.5714286
-0.46690416,-0.5714286
-0.46758395,-0.5714286
-0.46668717,-0.5714286
-0.46766585,-0.5714286
-0.46752256,-0.5714286
-0.466896,-0.5714286
-0.46685094,-0.5714286
-0.46679363,-0.5714286
-0.46723178,-0.5714286
-0.46720514,-0.5714286
-0.46763512,-0.5714286
-0.4674754,-0.5714286
-0.4677846,-0.5714286
-0.4748853,-0.5714286
-0.4748403,-0.5714286
-0.47498158,-0.5714286
-0.47549754,-0.5714286
-0.47560197,-0.5714286
-0.47577804,-0.5714286
-0.47522116,-0.5714286
-0.47535214,-0.5714286
-0.47557124,-0.5714286
-0.4757371,-0.5714286
-0.47562245,-0.5714286
-0.47570434,-0.5714286
-0.4758804,-0.5714286
-0.475774,-0.5714286
-0.47570434,-0.5714286
-0.4754095,-0.5714286
-0.47571254,-0.5714286
-0.47561425,-0.5714286
-0.4754791,-0.5714286
-0.47611794,-0.5714286
-0.47609335,-0.5714286
-0.4760033,-0.5714286
-0.4757207,-0.5714286
-0.47566953,-0.5714286
-0.47579852,-0.5714286
-0.47523955,-0.5714286
-0.4753276,-0.5714286
-0.47602376,-0.5714286
-0.47613022,-0.5714286
-0.47597668,-0.5714286
-0.47602376,-0.5714286
-0.47558153,-0.5714286
-0.4759091,-0.5714286
-0.47608724,-0.5714286
-0.47545046,-0.5714286
-0.4758108,-0.5714286
-0.47576573,-0.5714286
-0.4757862,-0.5714286
-0.47536242,-0.5714286
-0.4756941,-0.5714286
-0.47568798,-0.5714286
-0.47564495,-0.5714286
-0.4758927,-0.5714286
-0.47606468,-0.5714286
-0.47536856,-0.5714286
-0.47429565,-0.5714286
-0.47421378,-0.5714286
-0.47586817,-0.5714286
-0.47610977,-0.5714286
-0.47603807,-0.5714286
-0.47625306,-0.5714286
-0.47620395,-0.5714286
-0.47608107,-0.5714286
-0.47618756,-0.5714286
-0.4756327,-0.5714286
-0.47601962,-0.5714286
-0.47608107,-0.5714286
-0.4764783,-0.5714286
-0.4761138,-0.5714286
-0.47629812,-0.5714286
-0.47549137,-0.5714286
-0.47538492,-0.5714286
-0.47564292,-0.5714286
-0.4744226,-0.5714286
-0.47437754,-0.5714286
-0.4752498,-0.5714286
-0.47556922,-0.5714286
-0.4757494,-0.5714286
-0.4758968,-0.5714286
-0.4759787,-0.5714286
-0.47568798,-0.5714286
-0.4757125,-0.5714286
-0.47577804,-0.5714286
-0.4750901,-0.5714286
-0.47550368,-0.5714286
-0.4757494,-0.5714286
-0.47558153,-0.5714286
-0.4754341,-0.5714286
-0.47556922,-0.5714286
-0.47579035,-0.5714286
-0.47554874,-0.5714286
-0.4747113,-0.5714286
-0.47418514,-0.5714286
-0.47422194,-0.5714286
-0.4744103,-0.5714286
-0.47485873,-0.5714286
-0.47479114,-0.5714286
-0.47546682,-0.5714286
-0.4753399,-0.5714286
-0.4753972,-0.5714286
-0.47538903,-0.5714286
-0.4756675,-0.5714286
-0.47445536,-0.5714286
-0.47454548,-0.5714286
-0.4747666,-0.5714286
-0.47527027,-0.5714286
-0.47503686,-0.5714286
-0.47552827,-0.5714286
-0.47564495,-0.5714286
-0.47553232,-0.5714286
-0.47560197,-0.5714286
-0.4751597,-0.5714286
-0.47504914,-0.5714286
-0.47503686,-0.5714286
-0.47495902,-0.5714286
-0.47522113,-0.5714286
-0.4751904,-0.5714286
-0.475516,-0.5714286
-0.47541362,-0.5714286
-0.47540542,-0.5714286
-0.4753604,-0.5714286
-0.47491807,-0.5714286
-0.47480342,-0.5714286
-0.474267,-0.5714286
-0.47325554,-0.5714286
-0.47283372,-0.5714286
-0.4727764,-0.5714286
-0.4733538,-0.5714286
-0.4731941,-0.5714286
-0.47326374,-0.5714286
-0.47275186,-0.5714286
-0.4727068,-0.5714286
-0.47296068,-0.5714286
-0.4732801,-0.5714286
-0.4755078,-0.5714286
-0.47545862,-0.5714286
-0.47573096,-0.5714286
-0.47640458,-0.5714286
-0.47654384,-0.5714286
-0.47656018,-0.5714286
-0.47575352,-0.5714286
-0.4767322,-0.5714286
-0.47614253,-0.5714286
-0.47604424,-0.5714286
-0.47614864,-0.5714286
-0.47597668,-0.5714286
-0.47614658,-0.5714286
-0.47616705,-0.5714286
-0.47625718,-0.5714286
-0.4759705,-0.5714286
-0.47562245,-0.5714286
-0.47604835,-0.5714286
-0.47660935,-0.5714286
-0.47619575,-0.5714286
-0.4761261,-0.5714286
-0.47614253,-0.5714286
-0.47630224,-0.5714286
-0.4761118,-0.5714286
-0.47556105,-0.5714286
-0.4755897,-0.5714286
-0.47583127,-0.5714286
-0.46251842,-0.5714286
-0.45676497,-0.5714286
-0.45165846,-0.5714286
-0.46366504,-0.5714286
-0.46659705,-0.5714286
-0.46674034,-0.5714286
-0.4664087,-0.5714286
-0.46614665,-0.5714286
-0.46622238,-0.5714286
-0.46653563,-0.5714286
-0.4663268,-0.5714286
-0.46633902,-0.5714286
-0.46675062,-0.5714286
-0.46593365,-0.5714286
-0.46613637,-0.5714286
-0.46631038,-0.5714286
-0.46606266,-0.5714286
-0.46539718,-0.5714286
-0.4659132,-0.5714286
-0.4657985,-0.5714286
-0.46393123,-0.5714286
-0.46424446,-0.5714286
-0.46386978,-0.5714286
-0.46398035,-0.5714286
-0.4637469,-0.5714286
-0.46404588,-0.5714286
-0.4637101,-0.5714286
-0.46385136,-0.5714286
-0.46447176,-0.5714286
-0.4653931,-0.5714286
-0.4665909,-0.5714286
-0.46673217,-0.5714286
-0.46699834,-0.5714286
-0.46687958,-0.5714286
-0.46638,-0.5714286
-0.4663923,-0.5714286
-0.46632677,-0.5714286
-0.466335,-0.5714286
-0.46678132,-0.5714286
-0.46669534,-0.5714286
-0.4669656,-0.5714286
-0.46676907,-0.5714286
-0.46658474,-0.5714286
-0.46640664,-0.5714286
-0.46608514,-0.5714286
-0.46519044,-0.5714286
-0.46586403,-0.5714286
-0.46694106,-0.5714286
-0.46731776,-0.5714286
-0.4664988,-0.5714286
-0.46735257,-0.5714286
-0.46739966,-0.5714286
-0.46700248,-0.5714286
-0.46732596,-0.5714286
-0.46717444,-0.5714286
-0.46711713,-0.5714286
-0.4671376,-0.5714286
-0.46669534,-0.5714286
-0.46707618,-0.5714286
-0.46729732,-0.5714286
-0.46687552,-0.5714286
-0.46613637,-0.5714286
-0.46620804,-0.5714286
-0.4664578,-0.5714286
-0.46571258,-0.5714286
-0.46651104,-0.5714286
-0.46628994,-0.5714286
-0.46638823,-0.5714286
-0.4672359,-0.5714286
-0.4670393,-0.5714286
-0.46675676,-0.5714286
-0.46659705,-0.5714286
-0.46675265,-0.5714286
-0.46722975,-0.5714286
-0.46696153,-0.5714286
-0.46658888,-0.5714286
-0.46594596,-0.5714286
-0.4663841,-0.5714286
-0.4661425,-0.5714286
-0.4659828,-0.5714286
-0.4660319,-0.5714286
-0.46687347,-0.5714286
-0.46670762,-0.5714286
-0.46640047,-0.5714286
-0.46697384,-0.5714286
-0.46691647,-0.5714286
-0.46761057,-0.5714286
-0.46769658,-0.5714286
-0.4676986,-0.5714286
-0.467629,-0.5714286
-0.46721542,-0.5714286
-0.46730345,-0.5714286
-0.46800572,-0.5714286
-0.46800572,-0.5714286
-0.467285,-0.5714286
-0.4680631,-0.5714286
-0.4690254,-0.5714286
-0.46809992,-0.5714286
-0.46805897,-0.5714286
-0.46733007,-0.5714286
-0.4675512,-0.5714286
-0.46788695,-0.5714286
-0.46802828,-0.5714286
-0.46792385,-0.5714286
-0.46776414,-0.5714286
-0.46856675,-0.5714286
-0.46865684,-0.5714286
-0.46847665,-0.5714286
-0.46837023,-0.5714286
-0.46825963,-0.5714286
-0.46842346,-0.5714286
-0.4688145,-0.5714286
-0.4684644,-0.5714286
-0.46819413,-0.5714286
-0.46854627,-0.5714286
-0.4684398,-0.5714286
-0.46867323,-0.5714286
-0.46786648,-0.5714286
-0.46741197,-0.5714286
-0.46731776,-0.5714286
-0.46746105,-0.5714286
-0.4670557,-0.5714286
-0.467588,-0.5714286
-0.46738946,-0.5714286
-0.4682555,-0.5714286
-0.467844,-0.5714286
-0.46877968,-0.5714286
-0.46876538,-0.5714286
-0.46852168,-0.5714286
-0.4688514,-0.5714286
-0.46893528,-0.5714286
-0.46863636,-0.5714286
-0.46821052,-0.5714286
-0.46855652,-0.5714286
-0.4687674,-0.5714286
-0.473792,-0.5714286
-0.4762224,-0.5714286
-0.47626534,-0.5714286
-0.47660932,-0.5714286
-0.4768919,-0.5714286
-0.47626123,-0.5714286
-0.47696146,-0.5714286
-0.47643736,-0.5714286
-0.47714165,-0.5714286
-0.47671583,-0.5714286
-0.47705162,-0.5714286
-0.4765663,-0.5714286
-0.47698608,-0.5714286
-0.4770393,-0.5714286
-0.47705978,-0.5714286
-0.47678953,-0.5714286
-0.4765889,-0.5714286
-0.47569615,-0.5714286
-0.47439805,-0.5714286
-0.4746806,-0.5714286
-0.47484437,-0.5714286
-0.47469288,-0.5714286
-0.47481984,-0.5714286
-0.474914,-0.5714286
-0.47498158,-0.5714286
-0.47509825,-0.5714286
-0.47402945,-0.5714286
-0.4750942,-0.5714286
-0.47702086,-0.5714286
-0.47640046,-0.5714286
-0.47665232,-0.5714286
-0.47643322,-0.5714286
-0.4767731,-0.5714286
-0.47698194,-0.5714286
-0.47706795,-0.5714286
-0.47660935,-0.5714286
-0.4768796,-0.5714286
-0.4769533,-0.5714286
-0.47697377,-0.5714286
-0.47665846,-0.5714286
-0.47668713,-0.5714286
-0.47693282,-0.5714286
-0.47723588,-0.5714286
-0.4758272,-0.5714286
-0.4764537,-0.5714286
-0.47572076,-0.5714286
-0.4764742,-0.5714286
-0.47667894,-0.5714286
-0.47678953,-0.5714286
-0.47654384,-0.5714286
-0.4766503,-0.5714286
-0.47662163,-0.5714286
-0.4765889,-0.5714286
-0.47643122,-0.5714286
-0.47574326,-0.5714286
-0.47624078,-0.5714286
-0.47583944,-0.5714286
-0.4761364,-0.5714286
-0.47601146,-0.5714286
-0.47646192,-0.5714286
-0.47617117,-0.5714286
-0.4755467,-0.5714286
-0.47538087,-0.5714286
-0.4759214,-0.5714286
-0.47515562,-0.5714286
-0.47545457,-0.5714286
-0.47560808,-0.5714286
-0.47581494,-0.5714286
-0.4756265,-0.5714286
-0.47553232,-0.5714286
-0.47564706,-0.5714286
-0.47570026,-0.5714286
-0.47560197,-0.5714286
-0.47480342,-0.5714286
-0.47496313,-0.5714286
-0.4749693,-0.5714286
-0.4751597,-0.5714286
-0.4751597,-0.5714286
-0.47538903,-0.5714286
-0.47545046,-0.5714286
-0.4754463,-0.5714286
-0.4749959,-0.5714286
-0.47560602,-0.5714286
-0.47463965,-0.5714286
-0.4755078,-0.5714286
-0.4753235,-0.5714286
-0.4754341,-0.5714286
-0.4759091,-0.5714286
-0.4759664,-0.5714286
-0.47577396,-0.5714286
-0.475473,-0.5714286
-0.47525185,-0.5714286
-0.47511056,-0.5714286
-0.47495496,-0.5714286
-0.47300574,-0.5714286
-0.47317567,-0.5714286
-0.47309583,-0.5714286
-0.47299758,-0.5714286
-0.47291768,-0.5714286
-0.4733415,-0.5714286
-0.47249383,-0.5714286
-0.4733538,-0.5714286
-0.4727805,-0.5714286
-0.4737101,-0.5714286
-0.47520885,-0.5714286
-0.47499388,-0.5714286
-0.47512284,-0.5714286
-0.47488943,-0.5714286
-0.475129,-0.5714286
-0.4753276,-0.5714286
-0.4753112,-0.5714286
-0.47542998,-0.5714286
-0.47486895,-0.5714286
-0.4749263,-0.5714286
-0.47539312,-0.5714286
-0.4751433,-0.5714286
-0.4753972,-0.5714286
-0.47500408,-0.5714286
-0.4749222,-0.5714286
-0.47459048,-0.5714286
-0.47520885,-0.5714286
-0.47420147,-0.5714286
-0.47513923,-0.5714286
-0.47546682,-0.5714286
-0.47578216,-0.5714286
-0.47558352,-0.5714286
-0.4751044,-0.5714286
-0.4752539,-0.5714286
-0.4754259,-0.5714286
-0.4753358,-0.5714286
-0.475217,-0.5714286
-0.47538087,-0.5714286
-0.4750205,-0.5714286
-0.4749836,-0.5714286
-0.4750901,-0.5714286
-0.47525796,-0.5714286
-0.47525796,-0.5714286
-0.47472563,-0.5714286
-0.4749468,-0.5714286
-0.47456184,-0.5714286
-0.47473586,-0.5714286
-0.47468674,-0.5714286
-0.47529075,-0.5714286
-0.47513515,-0.5714286
-0.47550368,-0.5714286
-0.47539926,-0.5714286
-0.47549552,-0.5714286
-0.4751474,-0.5714286
-0.47418302,-0.5714286
-0.46689188,-0.5714286
-0.45595413,-0.5714286
-0.45222768,-0.5714286
-0.46203524,-0.5714286
-0.46571252,-0.5714286
-0.46615067,-0.5714286
-0.46586815,-0.5714286
-0.46550778,-0.5714286
-0.46570432,-0.5714286
-0.46611387,-0.5714286
-0.46498156,-0.5714286
-0.46530715,-0.5714286
-0.46573707,-0.5714286
-0.46562657,-0.5714286
-0.46620804,-0.5714286
-0.46607494,-0.5714286
-0.46611387,-0.5714286
-0.46634728,-0.5714286
-0.46568796,-0.5714286
-0.46619162,-0.5714286
-0.46664616,-0.5714286
-0.46661344,-0.5714286
-0.4663063,-0.5714286
-0.4659521,-0.5714286
-0.46610567,-0.5714286
-0.46550778,-0.5714286
-0.4649222,-0.5714286
-0.46545455,-0.5714286
-0.46537268,-0.5714286
-0.4651597,-0.5714286
-0.46611792,-0.5714286
-0.46634728,-0.5714286
-0.46659705,-0.5714286
-0.46644965,-0.5714286
-0.46627763,-0.5714286
-0.46605238,-0.5714286
-0.46592957,-0.5714286
-0.4659869,-0.5714286
-0.46511054,-0.5714286
-0.46658474,-0.5714286
-0.46737513,-0.5714286
-0.46710894,-0.5714286
-0.46734238,-0.5714286
-0.46730134,-0.5714286
-0.4668837,-0.5714286
-0.46727887,-0.5714286
-0.466982,-0.5714286
-0.46690416,-0.5714286
-0.46695334,-0.5714286
-0.4676085,-0.5714286
-0.46792385,-0.5714286
-0.4681245,-0.5714286
-0.46812037,-0.5714286
-0.4675389,-0.5714286
-0.46751842,-0.5714286
-0.4680958,-0.5714286
-0.46758395,-0.5714286
-0.4667015,-0.5714286
-0.46570638,-0.5714286
-0.46611795,-0.5714286
-0.4655692,-0.5714286
-0.46514744,-0.5714286
-0.464957,-0.5714286
-0.46506143,-0.5714286
-0.4642465,-0.5714286
-0.46489763,-0.5714286
-0.4646601,-0.5714286
-0.46573302,-0.5714286
-0.4671683,-0.5714286
-0.46600738,-0.5714286
-0.4657801,-0.5714286
-0.46504912,-0.5714286
-0.46524978,-0.5714286
-0.46484444,-0.5714286
-0.4647973,-0.5714286
-0.46769658,-0.5714286
-0.46651104,-0.5714286
-0.46742627,-0.5714286
-0.4666257,-0.5714286
-0.46736687,-0.5714286
-0.4669656,-0.5714286
-0.46605238,-0.5714286
-0.46626127,-0.5714286
-0.46552414,-0.5714286
-0.46624693,-0.5714286
-0.4655692,-0.5714286
-0.4658661,-0.5714286
-0.46667892,-0.5714286
-0.46655405,-0.5714286
-0.4668714,-0.5714286
-0.4669656,-0.5714286
-0.46683046,-0.5714286
-0.4671683,-0.5714286
-0.46700653,-0.5714286
-0.46677724,-0.5714286
-0.46619162,-0.5714286
-0.46652746,-0.5714286
-0.4663145,-0.5714286
-0.4668489,-0.5714286
-0.46619985,-0.5714286
-0.4661671,-0.5714286
-0.46607494,-0.5714286
-0.4654095,-0.5714286
-0.46613023,-0.5714286
-0.46591726,-0.5714286
-0.46568796,-0.5714286
-0.46628174,-0.5714286
-0.46662164,-0.5714286
-0.46686733,-0.5714286
-0.4669656,-0.5714286
-0.46680588,-0.5714286
-0.46674037,-0.5714286
-0.46649876,-0.5714286
-0.46635544,-0.5714286
-0.46595004,-0.5714286
-0.4666626,-0.5714286
-0.46639436,-0.5714286
-0.46639228,-0.5714286
-0.46600327,-0.5714286
-0.4662715,-0.5714286
-0.4665786,-0.5714286
-0.46592548,-0.5714286
-0.4664947,-0.5714286
-0.46612617,-0.5714286
-0.4661548,-0.5714286
-0.4667977,-0.5714286
-0.466982,-0.5714286
-0.46701476,-0.5714286
-0.46722358,-0.5714286
-0.46717447,-0.5714286
-0.46714988,-0.5714286
-0.4672727,-0.5714286
-0.467113,-0.5714286
-0.46641687,-0.5714286
-0.46651515,-0.5714286
-0.4665786,-0.5714286
-0.4674324,-0.5714286
-0.47386363,-0.5714286
-0.4735831,-0.5714286
-0.47363228,-0.5714286
-0.47324732,-0.5714286
-0.4743448,-0.5714286
-0.47413594,-0.5714286
-0.47424242,-0.5714286
-0.4744963,-0.5714286
-0.4746724,-0.5714286
-0.4738145,-0.5714286
-0.47447583,-0.5714286
-0.4739189,-0.5714286
-0.47426903,-0.5714286
-0.3144881,-0.5714286
-0.3135197,-0.5714286
-0.3093919,-0.5714286
-0.30627763,-0.5714286
-0.3054218,-0.5714286
-0.30522522,-0.5714286
-0.304525,-0.5714286
-0.3046724,-0.5714286
-0.30504918,-0.5714286
-0.27990583,-0.5714286
-0.27247542,-0.5714286
-0.27250612,-0.5714286
-0.27289516,-0.5714286
-0.27496725,-0.5714286
-0.2769615,-0.5714286
-0.277629,-0.5714286
-0.27876738,-0.5714286
-0.2787797,-0.5714286
-0.27938986,-0.5714286
-0.2797625,-0.5714286
-0.28049138,-0.5714286
-0.28212532,-0.5714286
-0.29008597,-0.5714286
-0.28119782,-0.5714286
-0.28257987,-0.5714286
-0.28453723,-0.5714286
-0.31792384,-0.5714286
-0.3179648,-0.5714286
-0.3177969,-0.5714286
-0.3189005,-0.5714286
-0.3170925,-0.5714286
-0.31912372,-0.5714286
-0.32016584,-0.5714286
-0.32037672,-0.5714286
-0.32139432,-0.5714286
-0.32068792,-0.5714286
-0.32243654,-0.5714286
-0.3223096,-0.5714286
-0.32235873,-0.5714286
-0.32135546,-0.5714286
-0.32178953,-0.5714286
-0.32248157,-0.5714286
-0.30804667,-0.5714286
-0.28496316,-0.5714286
-0.30855855,-0.5714286
-0.32326168,-0.5714286
0.8568796,-0.5714286
1.9762572,-0.56785715
2.0573301,-0.56785715
2.0738697,-0.56785715
2.076124,-0.56785715
0.94783175,-0.5714286
-0.17701066,-0.5714286
-0.17809987,-0.5714286
-0.178407,-0.5714286
0.69979113,-0.5714286
2.0594962,-0.56785715
2.0478442,-0.56785715
2.0452764,-0.56785715
2.071001,-0.56785715
1.2846069,-0.5714286
-0.17923011,-0.5714286
-0.17878993,-0.5714286
-0.18012694,-0.5714286
-0.18002045,-0.5714286
1.2784706,-0.5714286
2.0650125,-0.56785715
2.0432804,-0.56785715
2.041677,-0.56785715
2.0398486,-0.56785715
1.6422398,-0.56785715
-0.1810606,-0.5714286
-0.18128173,-0.5714286
-0.1814496,-0.5714286
0.971982,-0.5714286
2.0379486,-0.56785715
2.0213597,-0.56785715
2.016249,-0.56785715
2.0367894,-0.56785715
1.1202949,-0.56785715
-0.18204544,-0.5714286
-0.18247746,-0.5714286
-0.1820086,-0.5714286
-0.18193695,-0.5714286
-0.18078212,-0.5714286
-0.25047505,-0.5714286
-0.32611796,-0.5714286
-0.32547298,-0.5714286
-0.32516786,-0.5714286
-0.32604426,-0.5714286
-0.32615477,-0.5714286
-0.3266257,-0.5714286
-0.31356263,-0.5714286
-0.2878501,-0.5714286
0.6999509,-0.5714286
2.0288084,-0.56785715
2.1141276,-0.56785715
2.039097,-0.56785715
2.0275264,-0.56785715
2.02853,-0.56785715
2.028483,-0.56785715
2.0335424,-0.56785715
2.0044167,-0.56785715
2.006069,-0.56785715
2.014312,-0.56785715
2.0126414,-0.56785715
2.008059,-0.56785715
2.0092301,-0.56785715
1.9781818,-0.56785715
1.9828993,-0.56785715
1.995897,-0.56785715
0.9758107,-0.5714286
-0.28984642,-0.5714286
0.06438572,-0.5714286
1.9539864,-0.56785715
1.9978255,-0.56785715
1.9859376,-0.56785715
1.9705528,-0.56785715
1.9728808,-0.56785715
1.984914,-0.56785715
1.985258,-0.56785715
1.9852334,-0.56785715
1.9760404,-0.56785715
1.9659214,-0.56785715
1.9553727,-0.56785715
1.9685421,-0.56785715
1.972973,-0.56785715
1.9718593,-0.56785715
1.9673629,-0.56785715
1.9516706,-0.56785715
1.9504013,-0.56785715
1.9602005,-0.56785715
1.9624896,-0.56785715
1.9596521,-0.56785715
1.9549018,-0.56785715
1.958317,-0.56785715
1.9490579,-0.56785715
1.9494164,-0.56785715
1.9618468,-0.56785715
1.9598608,-0.56785715
1.9584397,-0.56785715
1.9570946,-0.56785715
1.5765234,-0.5714286
-0.17881651,-0.5714286
-0.2715602,-0.5714286
-0.31891075,-0.5714286
-0.3189885,-0.5714286
-0.3187224,-0.5714286
-0.3190254,-0.5714286
-0.319181,-0.5714286
-0.31980753,-0.5714286
-0.31869367,-0.5714286
-0.31900492,-0.5714286
-0.31992218,-0.5714286
-0.32001227,-0.5714286
-0.32048526,-0.5714286
-0.3194881,-0.5714286
-0.31955773,-0.5714286
-0.3194021,-0.5714286
-0.319742,-0.5714286
-0.319914,-0.5714286
-0.31938162,-0.5714286
-0.32011876,-0.5714286
-0.3208272,-0.5714286
-0.31997132,-0.5714286
-0.3201556,-0.5714286
-0.32071254,-0.5714286
-0.32124692,-0.5714286
-0.3212367,-0.5714286
-0.32102782,-0.5714286
-0.3210012,-0.5714286
-0.32110158,-0.5714286
-0.32085997,-0.5714286
-0.3201433,-0.5714286
-0.28600737,-0.5714286
-0.28350124,-0.5714286
-0.30170766,-0.5714286
-0.2662244,-0.5714286
-0.21795659,-0.5714286
-0.32045045,-0.5714286
-0.3205938,-0.5714286
-0.32134724,-0.5714286
-0.32087228,-0.5714286
-0.32098895,-0.5714286
-0.32081896,-0.5714286
-0.3210074,-0.5714286
-0.32156634,-0.5714286
-0.32136974,-0.5714286
-0.32092753,-0.5714286
-0.32038695,-0.5714286
-0.32118753,-0.5714286
-0.3209828,-0.5714286
-0.32103196,-0.5714286
-0.32183456,-0.5714286
-0.32167077,-0.5714286
-0.32101148,-0.5714286
-0.3208477,-0.5714286
-0.32074937,-0.5714286
-0.32124078,-0.5714286
-0.28267813,-0.5714286
-0.21162984,-0.5714286
-0.24805486,-0.5714286
-0.32144552,-0.5714286
-0.3208477,-0.5714286
-0.32235876,-0.5714286
-0.22213145,-0.5714286
-0.21206796,-0.5714286
-0.212371,-0.5714286
-0.3120516,-0.5714286
-0.32219496,-0.5714286
-0.3224529,-0.5714286
-0.321898,-0.5714286
-0.31963965,-0.5714286
-0.31928745,-0.5714286
-0.2622973,-0.5714286
-0.14588043,-0.5714286
-0.17361176,-0.5714286
-0.16785826,-0.5714286
-0.07135752,-0.5714286
-0.0745823,-0.5714286
-0.07621619,-0.5714286
-0.09546682,-0.5714286
-0.115866095,-0.5714286
-0.11350124,-0.5714286
-0.09079853,-0.5714286
-0.097350515,-0.5714286
0.07530711,-0.5714286
0.2878501,-0.5714286
0.45563892,-0.5714286
0.46019247,-0.5714286
0.44667897,-0.5714286
0.4397993,-0.5714286
0.44049546,-0.5714286
0.43367323,-0.5714286
0.43146187,-0.5714286
0.4316892,-0.5714286
0.4313718,-0.5714286
0.44694507,-0.5714286
0.44873056,-0.5714286
0.08859133,-0.5714286
-0.073775604,-0.5714286
-0.07185502,-0.5714286
-0.0710258,-0.5714286
-0.07105651,-0.5714286
-0.07604422,-0.5714286
-0.07251021,-0.5714286
0.30934888,-0.5714286
1.4183496,-0.5714286
0.91295654,-0.5714286
0.7989475,-0.5714286
0.7970926,-0.5714286
0.79984444,-0.5714286
0.8004362,-0.5714286
0.7565192,-0.5714286
0.7612531,-0.5714286
0.76267195,-0.5714286
0.76515543,-0.5714286
0.7714988,-0.5714286
0.7751268,-0.5714286
0.78056514,-0.5714286
0.78166676,-0.5714286
0.785995,-0.5714286
0.7774037,-0.5714286
0.7833129,-0.5714286
0.7791892,-0.5714286
0.7860688,-0.5714286
0.77991414,-0.5714286
0.7724284,-0.5714286
0.7710319,-0.5714286
0.74615896,-0.5714286
0.73021305,-0.5714286
0.7650737,-0.5714286
0.771548,-0.5714286
0.76776004,-0.5714286
0.7733723,-0.5714286
0.773841,-0.5714286
0.7750082,-0.5714286
0.7744676,-0.5714286
0.7861343,-0.5714286
0.77675277,-0.5714286
0.7483948,-0.5714286
0.74419326,-0.5714286
0.74868137,-0.5714286
0.7512039,-0.5714286
0.7482187,-0.5714286
0.75000614,-0.5714286
0.75610965,-0.5714286
0.75771505,-0.5714286
0.7616421,-0.5714286
0.7746846,-0.5714286
0.7705365,-0.5714286
0.7684808,-0.5714286
0.76649266,-0.5714286
0.76711714,-0.5714286
0.7703521,-0.5714286
0.7676003,-0.5714286
0.7648075,-0.5714286
0.76506144,-0.5714286
0.7629976,-0.5714286
0.756511,-0.5714286
0.76415235,-0.5714286
0.761597,-0.5714286
0.76124907,-0.5714286
0.7652948,-0.5714286
0.75987315,-0.5714286
0.7664251,-0.5714286
0.7608599,-0.5714286
0.7579403,-0.5714286
0.75364035,-0.5714286
0.7547093,-0.5714286
0.7619349,-0.5714286
0.7566134,-0.5714286
0.7592443,-0.5714286
0.75506145,-0.5714286
0.752629,-0.5714286
0.75210685,-0.5714286
0.7557658,-0.5714286
0.752674,-0.5714286
0.7551965,-0.5714286
0.75454557,-0.5714286
0.7569124,-0.5714286
0.7512652,-0.5714286
0.7558108,-0.5714286
0.75203323,-0.5714286
0.750127,-0.5714286
0.75585175,-0.5714286
0.7515233,-0.5714286
0.7519164,-0.5714286
0.7543815,-0.5714286
0.7585382,-0.5714286
0.75326365,-0.5714286
0.749177,-0.5714286
0.75014126,-0.5714286
0.7519471,-0.5714286
0.6846008,-0.5714286
0.6153686,-0.5714286
0.6118182,-0.5714286
0.6122543,-0.5714286
0.6070188,-0.5714286
0.6015541,-0.5714286
0.60706383,-0.5714286
0.610213,-0.5714286
0.60969293,-0.5714286
0.6073751,-0.5714286
0.60729116,-0.5714286
0.6075757,-0.5714286
0.60700655,-0.5714286
0.60434073,-0.5714286
0.6057186,-0.5714286
0.60501224,-0.5714286
0.6059705,-0.5714286
0.60906637,-0.5714286
0.60584766,-0.5714286
0.60857487,-0.5714286
0.6090541,-0.5714286
0.6077334,-0.5714286
0.6019103,-0.5714286
0.5968468,-0.5714286
0.5983907,-0.5714286
0.5967322,-0.5714286
0.60104424,-0.5714286
0.6059378,-0.5714286
0.60236275,-0.5714286
0.6035462,-0.5714286
0.60034406,-0.5714286
0.6048935,-0.5714286
0.6027436,-0.5714286
0.61261666,-0.5714286
0.6170761,-0.5714286
0.62417686,-0.5714286
0.62017804,-0.5714286
0.612023,-0.5714286
0.6118591,-0.5714286
0.6122359,-0.5714286
0.6110401,-0.5714286
0.59787065,-0.5714286
0.5980344,-0.5714286
0.5993694,-0.5714286
0.5865193,-0.5714286
0.58903354,-0.5714286
0.59401107,-0.5714286
0.59786236,-0.5714286
0.59183663,-0.5714286
0.59839475,-0.5714286
0.593016,-0.5714286
0.59737104,-0.5714286
0.59355444,-0.5714286
0.5970147,-0.5714286
0.5897706,-0.5714286
0.59049547,-0.5714286
0.5942199,-0.5714286
0.6025922,-0.5714286
0.59633297,-0.5714286
0.57384527,-0.5714286
0.57147014,-0.5714286
0.5857863,-0.5714286
0.58799344,-0.5714286
0.58294845,-0.5714286
0.5687183,-0.5714286
0.57575345,-0.5714286
0.58320636,-0.5714286
0.5922032,-0.5714286
0.59110975,-0.5714286
0.58772725,-0.5714286
0.5998895,-0.5714286
0.5980589,-0.5714286
0.58459467,-0.5714286
0.59008604,-0.5714286
0.59095013,-0.5714286
0.5802825,-0.5714286
0.59519655,-0.5714286
0.5845987,-0.5714286
0.56637174,-0.5714286
0.5893653,-0.5714286
0.5942998,-0.5714286
0.5874692,-0.5714286
0.581593,-0.5714286
0.581253,-0.5714286
0.5901782,-0.5714286
0.59138817,-0.5714286
0.5920107,-0.5714286
0.5878787,-0.5714286
0.5829689,-0.5714286
0.5842588,-0.5714286
0.58691233,-0.5714286
0.59316343,-0.5714286
0.5941441,-0.5714286
0.59461504,-0.5714286
0.5949099,-0.5714286
0.59326375,-0.5714286
0.59332925,-0.5714286
0.5893059,-0.5714286
0.58782965,-0.5714286
0.5839557,-0.5714286
0.5883947,-0.5714286
0.59222966,-0.5714286
0.59429157,-0.5714286
0.5958845,-0.5714286
0.5937838,-0.5714286
0.59968877,-0.5714286
0.5945946,-0.5714286
0.5959746,-0.5714286
0.59740794,-0.5714286
0.59664005,-0.5714286
0.5948402,-0.5714286
0.5923281,-0.5714286
0.5918469,-0.5714286
0.5892076,-0.5714286
0.590516,-0.5714286
0.5928419,-0.5714286
0.5943366,-0.5714286
0.59651726,-0.5714286
0.5016585,-0.5714286
0.43076986,-0.5714286
0.43175063,-0.5714286
0.42863235,-0.5714286
0.42536855,-0.5714286
0.42205563,-0.5714286
0.42938578,-0.5714286
0.4266871,-0.5714286
0.42448398,-0.5714286
0.42174447,-0.5714286
0.41820022,-0.5714286
0.4149017,-0.5714286
0.42413592,-0.5714286
0.42987713,-0.5714286
0.42418107,-0.5714286
0.4308354,-0.5714286
0.4283988,-0.5714286
0.42609948,-0.5714286
0.4317977,-0.5714286
0.4334603,-0.5714286
0.42480746,-0.5714286
0.42618555,-0.5714286
0.43404582,-0.5714286
0.4365397,-0.5714286
0.4352396,-0.5714286
0.42725232,-0.5714286
0.43171373,-0.5714286
0.43237725,-0.5714286
0.4304095,-0.5714286
0.42721543,-0.5714286
0.41770887,-0.5714286
0.41934893,-0.5714286
0.43185508,-0.5714286
0.4397257,-0.5714286
0.44144958,-0.5714286
0.43770275,-0.5714286
0.43136978,-0.5714286
0.42519242,-0.5714286
0.43160927,-0.5714286
0.43453732,-0.5714286
0.44029891,-0.5714286
-0.3494595,-0.5714286
-0.35685095,-0.5714286
-0.35667896,-0.5714286
-0.35637596,-0.5714286
-0.35706386,-0.5714286
-0.35739967,-0.5714286
-0.3577191,-0.5714286
-0.3581818,-0.5714286
-0.35896394,-0.5714286
-0.35880837,-0.5714286
-0.35938984,-0.5714286
-0.3596396,-0.5714286
-0.36282557,-0.5714286
-0.36333337,-0.5714286
-0.35958233,-0.5714286
-0.36028868,-0.5714286
-0.3599058,-0.5714286
-0.35908273,-0.5714286
-0.35901102,-0.5714286
-0.3599181,-0.5714286
-0.36554465,-0.5714286
-0.36847666,-0.5714286
-0.3657699,-0.5714286
-0.3628993,-0.5714286
-0.3646069,-0.5714286
-0.36364454,-0.5714286
-0.36289924,-0.5714286
-0.36205775,-0.5714286
-0.36071664,-0.5714286
-0.36179775,-0.5714286
-0.36288086,-0.5714286
-0.35918918,-0.5714286
-0.36063468,-0.5714286
-0.36070436,-0.5714286
-0.36201474,-0.5714286
-0.36171174,-0.5714286
-0.36348078,-0.5714286
-0.36068797,-0.5714286
-0.36185098,-0.5714286
-0.36273545,-0.5714286
-0.36780715,-0.5714286
-0.36672404,-0.5714286
-0.3676658,-0.5714286
-0.36896804,-0.5714286
-0.37078625,-0.5714286
-0.36541155,-0.5714286
-0.35986486,-0.5714286
-0.35949218,-0.5714286
-0.35807946,-0.5714286
-0.36214986,-0.5714286
-0.3657821,-0.5714286
-0.37076166,-0.5714286
-0.37068796,-0.5714286
-0.36616296,-0.5714286
-0.36184683,-0.5714286
-0.36188576,-0.5714286
-0.35728908,-0.5714286
-0.3588739,-0.5714286
-0.3598485,-0.5714286
-0.36679363,-0.5714286
-0.3671826,-0.5714286
-0.37062243,-0.5714286
-0.36740375,-0.5714286
-0.37357903,-0.5714286
-0.36870393,-0.5714286
-0.36947176,-0.5714286
-0.36739558,-0.5714286
-0.37348282,-0.5714286
-0.3907064,-0.5714286
-0.38481572,-0.5714286
-0.37923422,-0.5714286
-0.37558967,-0.5714286
-0.3754504,-0.5714286
-0.37567565,-0.5714286
-0.38049144,-0.5714286
-0.38055286,-0.5714286
-0.38095415,-0.5714286
-0.38282555,-0.5714286
-0.38547295,-0.5714286
-0.3851065,-0.5714286
-0.38275185,-0.5714286
-0.38308355,-0.5714286
-0.38350946,-0.5714286
-0.37966424,-0.5714286
-0.38014743,-0.5714286
-0.3817117,-0.5714286
-0.3827723,-0.5714286
-0.38245702,-0.5714286
-0.38144964,-0.5714286
-0.3826413,-0.5714286
-0.37794018,-0.5714286
-0.38022113,-0.5714286
-0.38013512,-0.5714286
-0.38047916,-0.5714286
-0.38379198,-0.5714286
-0.37988326,-0.5714286
-0.3743673,-0.5714286
-0.36978298,-0.5714286
-0.36785012,-0.5714286
-0.36989763,-0.5714286
-0.3755897,-0.5714286
-0.37885752,-0.5714286
-0.37522113,-0.5714286
-0.37050778,-0.5714286
-0.36737922,-0.5714286
-0.3781204,-0.5714286
-0.38018018,-0.5714286
-0.37945533,-0.5714286
-0.38395986,-0.5714286
-0.3829054,-0.5714286
-0.38292384,-0.5714286
-0.37438574,-0.5714286
-0.37503687,-0.5714286
-0.37824732,-0.5714286
-0.3805078,-0.5714286
-0.38132676,-0.5714286
-0.3802375,-0.5714286
-0.37396398,-0.5714286
-0.37150285,-0.5714286
-0.36848897,-0.5714286
-0.36716217,-0.5714286
-0.36778054,-0.5714286
-0.36730343,-0.5714286
-0.3672523,-0.5714286
-0.36601552,-0.5714286
-0.36713755,-0.5714286
-0.36860362,-0.5714286
-0.36649266,-0.5714286
-0.37020886,-0.5714286
-0.36683455,-0.5714286
-0.3694431,-0.5714286
-0.37078625,-0.5714286
-0.3664865,-0.5714286
-0.36599508,-0.5714286
-0.3660729,-0.5714286
-0.36598277,-0.5714286
-0.367326,-0.5714286
-0.36756757,-0.5714286
-0.36522725,-0.5714286
-0.3663391,-0.5714286
-0.37066343,-0.5714286
-0.3712899,-0.5714286
-0.37442258,-0.5714286
-0.3800123,-0.5714286
-0.38429976,-0.5714286
-0.3878297,-0.5714286
-0.3864947,-0.5714286
-0.38509828,-0.5714286
-0.3847174,-0.5714286
-0.38267812,-0.5714286
-0.3816749,-0.5714286
-0.37760028,-0.5714286
-0.38344392,-0.5714286
-0.38226655,-0.5714286
-0.379181,-0.5714286
-0.38210687,-0.5714286
-0.38731778,-0.5714286
-0.38118345,-0.5714286
-0.38429362,-0.5714286
-0.3856552,-0.5714286
-0.38191646,-0.5714286
-0.38327393,-0.5714286
-0.38295662,-0.5714286
-0.3792445,-0.5714286
-0.380129,-0.5714286
-0.38223588,-0.5714286
-0.38685912,-0.5714286
-0.38630223,-0.5714286
-0.39202702,-0.5714286
-0.38712117,-0.5714286
-0.3816421,-0.5714286
-0.37683046,-0.5714286
-0.37434894,-0.5714286
-0.3785258,-0.5714286
-0.38273954,-0.5714286
-0.38384926,-0.5714286
-0.3863063,-0.5714286
-0.38301802,-0.5714286
-0.3785627,-0.5714286
-0.38027027,-0.5714286
-0.37994266,-0.5714286
-0.37789926,-0.5714286
-0.37396806,-0.5714286
-0.39578623,-0.5714286
-0.41624483,-0.5714286
-0.41212535,-0.5714286
-0.4028501,-0.5714286
-0.4017322,-0.5714286
-0.40295658,-0.5714286
-0.40265763,-0.5714286
-0.40291768,-0.5714286
-0.40233415,-0.5714286
-0.4023751,-0.5714286
-0.3833047,-0.5714286
-0.29968882,-0.5714286
-0.30015358,-0.5714286
-0.30052826,-0.5714286
-0.2999959,-0.5714286
-0.35081485,-0.5714286
-0.40362406,-0.5714286
-0.4034357,-0.5714286
-0.4030098,-0.5714286
-0.40261668,-0.5714286
-0.40329853,-0.5714286
-0.40378994,-0.5714286
-0.40394762,-0.5714286
-0.40313882,-0.5714286
-0.4038616,-0.5714286
-0.40407044,-0.5714286
-0.40460074,-0.5714286
-0.40325552,-0.5714286
-0.3260872,-0.5714286
-0.27015972,-0.5714286
-0.27461916,-0.5714286
-0.25726658,-0.5714286
-0.2282064,-0.5714286
-0.22556101,-0.5714286
-0.23605238,-0.5714286
-0.24246928,-0.5714286
-0.24969287,-0.5714286
-0.24993038,-0.5714286
-0.2460524,-0.5714286
-0.26497543,-0.5714286
-0.2668714,-0.5714286
0.05711301,-0.5714286
0.2430959,-0.5714286
0.31584358,-0.5714286
0.30698195,-0.5714286
0.3004136,-0.5714286
0.29624486,-0.5714286
0.29347256,-0.5714286
0.29326364,-0.5714286
0.2702887,-0.5714286
0.27192053,-0.5714286
0.28201878,-0.5714286
0.25056505,-0.5714286
-0.22938167,-0.5714286
-0.22534397,-0.5714286
-0.22615892,-0.5714286
-0.2252887,-0.5714286
-0.22730958,-0.5714286
-0.2275061,-0.5714286
-0.22727273,-0.5714286
-0.22723179,-0.5714286
0.90760446,-0.5714286
0.630258,-0.5714286
0.61346436,-0.5714286
0.61569417,-0.5714286
0.62090087,-0.5714286
0.6162203,-0.5714286
0.62208843,-0.5714286
0.61915636,-0.5714286
0.6118386,-0.5714286
0.61220723,-0.5714286
0.6158845,-0.5714286
0.6205855,-0.5714286
0.62075543,-0.5714286
0.61834985,-0.5714286
0.6094472,-0.5714286
0.61207,-0.5714286
0.60703933,-0.5714286
0.60104424,-0.5714286
0.61103195,-0.5714286
0.6068059,-0.5714286
0.5994963,-0.5714286
0.59853405,-0.5714286
0.60097045,-0.5714286
0.5984357,-0.5714286
0.6022235,-0.5714286
0.6072031,-0.5714286
0.60171163,-0.5714286
0.6019779,-0.5714286
0.5979279,-0.5714286
0.6043939,-0.5714286
0.6054217,-0.5714286
0.6070844,-0.5714286
1.106339,-0.5714286
0.7612612,-0.5714286
0.76961505,-0.5714286
0.7721069,-0.5714286
0.7643284,-0.5714286
0.7562613,-0.5714286
0.7616871,-0.5714286
0.76248974,-0.5714286
0.7610279,-0.5714286
0.76771504,-0.5714286
0.7670966,-0.5714286
0.76120394,-0.5714286
0.759355,-0.5714286
0.76240784,-0.5714286
0.76479524,-0.5714286
0.75140667,-0.5714286
0.7550061,-0.5714286
0.7567608,-0.5714286
0.76711726,-0.5714286
0.7613022,-0.5714286
0.7620065,-0.5714286
0.7551289,-0.5714286
0.7537837,-0.5714286
0.7576126,-0.5714286
0.75970924,-0.5714286
0.7561875,-0.5714286
0.74835384,-0.5714286
0.74576986,-0.5714286
0.74481577,-0.5714286
0.739656,-0.5714286
0.740344,-0.5714286
0.7442876,-0.5714286
0.74726874,-0.5714286
0.747199,-0.5714286
0.73739153,-0.5714286
0.73534393,-0.5714286
0.7410382,-0.5714286
0.74557745,-0.5714286
0.7317937,-0.5714286
0.7358517,-0.5714286
0.7375758,-0.5714286
0.73528874,-0.5714286
0.73257166,-0.5714286
0.73288304,-0.5714286
0.72971743,-0.5714286
0.7367138,-0.5714286
0.7352826,-0.5714286
0.73574114,-0.5714286
0.7345824,-0.5714286
0.74214983,-0.5714286
0.7415929,-0.5714286
0.7357616,-0.5714286
0.73269045,-0.5714286
0.7332105,-0.5714286
0.7293776,-0.5714286
0.7300615,-0.5714286
0.7322974,-0.5714286
0.72547495,-0.5714286
0.73292994,-0.5714286
0.7373956,-0.5714286
0.7368878,-0.5714286
0.7303644,-0.5714286
0.73582304,-0.5714286
0.73498774,-0.5714286
0.733962,-0.5714286
0.73734653,-0.5714286
0.7337018,-0.5714286
0.7329853,-0.5714286
0.7323464,-0.5714286
0.735475,-0.5714286
0.738231,-0.5714286
0.7317404,-0.5714286
0.7343858,-0.5714286
0.72711915,-0.5714286
0.7323403,-0.5714286
0.7329526,-0.5714286
0.72395176,-0.5714286
0.72756755,-0.5714286
0.73447996,-0.5714286
0.7296027,-0.5714286
0.7322932,-0.5714286
0.7299509,-0.5714286
0.72378385,-0.5714286
0.7194595,-0.5714286
0.7212223,-0.5714286
0.7204608,-0.5714286
0.728493,-0.5714286
0.7292873,-0.5714286
0.7248198,-0.5714286
0.72621626,-0.5714286
0.7208783,-0.5714286
0.7233662,-0.5714286
0.7254484,-0.5714286
0.7295004,-0.5714286
0.72364044,-0.5714286
0.73122036,-0.5714286
0.7305569,-0.5714286
0.7318058,-0.5714286
0.68116707,-0.5714286
0.70392716,-0.5714286
0.7209051,-0.5714286
0.71724004,-0.5714286
0.70087224,-0.5714286
0.70663804,-0.5714286
0.71346843,-0.5714286
0.71444094,-0.5714286
0.71354204,-0.5714286
0.7145536,-0.5714286
0.7206695,-0.5714286
0.7145251,-0.5714286
0.71465194,-0.5714286
0.70709664,-0.5714286
0.7089803,-0.5714286
0.62269044,-0.5714286
0.5451597,-0.5714286
0.539357,-0.5714286
0.538403,-0.5714286
0.5358149,-0.5714286
0.5468223,-0.5714286
0.5625389,-0.5714286
0.55469704,-0.5714286
0.55515563,-0.5714286
0.5524877,-0.5714286
0.55296075,-0.5714286
0.55383295,-0.5714286
0.55022526,-0.5714286
0.54836607,-0.5714286
0.5551065,-0.5714286
0.5514455,-0.5714286
0.5542547,-0.5714286
0.551335,-0.5714286
0.54813266,-0.5714286
0.54628175,-0.5714286
0.5442179,-0.5714286
0.55057335,-0.5714286
0.5507903,-0.5714286
0.5509705,-0.5714286
0.5554238,-0.5714286
0.55279696,-0.5714286
0.5504627,-0.5714286
0.54665846,-0.5714286
0.5411998,-0.5714286
0.54877555,-0.5714286
0.5518714,-0.5714286
0.5533088,-0.5714286
0.5538146,-0.5714286
0.5572727,-0.5714286
0.55782557,-0.5714286
0.55501646,-0.5714286
0.5600123,-0.5714286
0.55659294,-0.5714286
0.5488944,-0.5714286
0.55468875,-0.5714286
0.55262905,-0.5714286
-0.17286652,-0.5714286
-0.24148035,-0.5714286
-0.24082309,-0.5714286
-0.24085586,-0.5714286
-0.24017198,-0.5714286
-0.25132677,-0.5714286
-0.25329646,-0.5714286
-0.2550123,-0.5714286
-0.2544349,-0.5714286
-0.25672603,-0.5714286
-0.25707206,-0.5714286
-0.252457,-0.5714286
-0.25045455,-0.5714286
-0.24906632,-0.5714286
-0.25285015,-0.5714286
-0.2542465,-0.5714286
-0.24949631,-0.5714286
-0.24600737,-0.5714286
-0.2460524,-0.5714286
-0.248923,-0.5714286
-0.2521949,-0.5714286
-0.25529483,-0.5714286
-0.2542383,-0.5714286
-0.2519533,-0.5714286
-0.25413597,-0.5714286
-0.25397626,-0.5714286
-0.25057328,-0.5714286
-0.24693696,-0.5714286
-0.25261262,-0.5714286
-0.25187552,-0.5714286
-0.24534401,-0.5714286
-0.24600329,-0.5714286
-0.24518017,-0.5714286
-0.25031328,-0.5714286
-0.25486898,-0.5714286
-0.2517629,-0.5714286
-0.24781938,-0.5714286
-0.24776003,-0.5714286
-0.25092545,-0.5714286
-0.24599507,-0.5714286
-0.24552208,-0.5714286
-0.2501392,-0.5714286
-0.24834156,-0.5714286
-0.24203521,-0.5714286
-0.24130632,-0.5714286
-0.24521497,-0.5714286
-0.24595822,-0.5714286
-0.24164209,-0.5714286
-0.24515149,-0.5714286
-0.2459869,-0.5714286
-0.24708025,-0.5714286
-0.244441,-0.5714286
-0.24545453,-0.5714286
-0.24734032,-0.5714286
-0.24707207,-0.5714286
-0.2475184,-0.5714286
-0.2512531,-0.5714286
-0.25736693,-0.5714286
-0.25764126,-0.5714286
-0.25855654,-0.5714286
-0.25456184,-0.5714286
-0.2528194,-0.5714286
-0.25330874,-0.5714286
-0.24960075,-0.5714286
-0.24876535,-0.5714286
-0.24807942,-0.5714286
-0.22900487,-0.5714286
-0.23382883,-0.5714286
-0.23047501,-0.5714286
-0.22380427,-0.5714286
-0.22577804,-0.5714286
-0.23598279,-0.5714286
-0.23441032,-0.5714286
-0.23094593,-0.5714286
-0.23619574,-0.5714286
-0.23577806,-0.5714286
-0.2404177,-0.5714286
-0.24551594,-0.5714286
-0.24103196,-0.5714286
-0.23786241,-0.5714286
-0.24178545,-0.5714286
-0.24268223,-0.5714286
-0.23967445,-0.5714286
-0.23742627,-0.5714286
-0.23964986,-0.5714286
-0.24273138,-0.5714286
-0.23923422,-0.5714286
-0.24306509,-0.5714286
-0.24596643,-0.5714286
-0.23979524,-0.5714286
-0.24248768,-0.5714286
-0.2462244,-0.5714286
-0.24486488,-0.5714286
-0.24703522,-0.5714286
-0.2951515,-0.5714286
-0.38951272,-0.5714286
-0.38341933,-0.5714286
-0.3620107,-0.5714286
-0.36514336,-0.5714286
-0.36361176,-0.5714286
-0.3612326,-0.5714286
-0.36016583,-0.5714286
-0.36124903,-0.5714286
-0.36110154,-0.5714286
-0.3609132,-0.5714286
-0.36095825,-0.5714286
-0.36100736,-0.5714286
-0.3642629,-0.5714286
-0.36569205,-0.5714286
-0.36041358,-0.5714286
-0.36043,-0.5714286
-0.3617322,-0.5714286
-0.36183456,-0.5714286
-0.3596888,-0.5714286
-0.36128992,-0.5714286
-0.36177728,-0.5714286
-0.36169943,-0.5714286
-0.3628624,-0.5714286
-0.36071867,-0.5714286
-0.3610258,-0.5714286
-0.3603194,-0.5714286
-0.36063883,-0.5714286
-0.36137185,-0.5714286
-0.36111382,-0.5714286
-0.36019245,-0.5714286
-0.36028257,-0.5714286
-0.36002457,-0.5714286
-0.35952497,-0.5714286
-0.35862818,-0.5714286
-0.358104,-0.5714286
-0.35764128,-0.5714286
-0.36103195,-0.5714286
-0.36143738,-0.5714286
-0.36127353,-0.5714286
-0.35972974,-0.5714286
-0.3604668,-0.5714286
-0.36398855,-0.5714286
-0.36348894,-0.5714286
-0.3611732,-0.5714286
-0.3633497,-0.5714286
-0.36477885,-0.5714286
-0.36342755,-0.5714286
-0.36253688,-0.5714286
-0.36074942,-0.5714286
-0.35845205,-0.5714286
-0.35895166,-0.5714286
-0.36222768,-0.5714286
-0.3632023,-0.5714286
-0.36330876,-0.5714286
-0.36274573,-0.5714286
-0.36438572,-0.5714286
-0.365475,-0.5714286
-0.36192873,-0.5714286
-0.36253682,-0.5714286
-0.36300576,-0.5714286
-0.36325142,-0.5714286
-0.36278456,-0.5714286
-0.3634193,-0.5714286
-0.36554667,-0.5714286
-0.36465603,-0.5714286
-0.3628993,-0.5714286
-0.36816135,-0.5714286
-0.37356266,-0.5714286
-0.3765315,-0.5714286
-0.37364456,-0.5714286
-0.37526414,-0.5714286
-0.37504506,-0.5714286
-0.3733968,-0.5714286
-0.37139234,-0.5714286
-0.37478292,-0.5714286
-0.3750983,-0.5714286
-0.3704054,-0.5714286
-0.38443083,-0.5714286
-0.37907863,-0.5714286
-0.3784193,-0.5714286
-0.37994266,-0.5714286
-0.36735052,-0.5714286
-0.36389026,-0.5714286
-0.3698403,-0.5714286
-0.37499183,-0.5714286
-0.38100326,-0.5714286
-0.3859521,-0.5714286
-0.38616702,-0.5714286
-0.38498157,-0.5714286
-0.38586,-0.5714286
-0.38840294,-0.5714286
-0.39065522,-0.5714286
-0.39111793,-0.5714286
-0.39236692,-0.5714286
-0.39414412,-0.5714286
-0.39269656,-0.5714286
-0.39057326,-0.5714286
-0.38883293,-0.5714286
-0.3845577,-0.5714286
-0.38018426,-0.5714286
-0.38207617,-0.5714286
-0.37627763,-0.5714286
-0.3712408,-0.5714286
-0.3659664,-0.5714286
-0.36504918,-0.5714286
-0.36490992,-0.5714286
-0.3627396,-0.5714286
-0.36381453,-0.5714286
-0.3701474,-0.5714286
-0.3713268,-0.5714286
-0.3702457,-0.5714286
-0.37038496,-0.5714286
-0.37110567,-0.5714286
-0.37306306,-0.5714286
-0.37162575,-0.5714286
-0.37174445,-0.5714286
-0.3716216,-0.5714286
-0.3709992,-0.5714286
-0.3716769,-0.5714286
-0.3714988,-0.5714286
-0.3696683,-0.5714286
-0.37011462,-0.5714286
-0.37116295,-0.5714286
-0.37158474,-0.5714286
-0.37546068,-0.5714286
-0.37402537,-0.5714286
-0.3741462,-0.5714286
-0.37181816,-0.5714286
-0.37158886,-0.5714286
-0.3716646,-0.5714286
-0.37105244,-0.5714286
-0.37280712,-0.5714286
-0.3730303,-0.5714286
-0.37767407,-0.5714286
-0.3837306,-0.5714286
-0.39200655,-0.5714286
-0.39730343,-0.5714286
-0.40413597,-0.5714286
-0.41613433,-0.5714286
-0.41910726,-0.5714286
-0.41588044,-0.5714286
-0.412629,-0.5714286
-0.41176498,-0.5714286
-0.4099877,-0.5714286
-0.4061425,-0.5714286
-0.40325552,-0.5714286
-0.39497545,-0.5714286
-0.3888882,-0.5714286
-0.3822973,-0.5714286
-0.37616298,-0.5714286
-0.37547913,-0.5714286
-0.37459457,-0.5714286
-0.3738698,-0.5714286
-0.37396803,-0.5714286
-0.37460282,-0.5714286
-0.37430388,-0.5714286
-0.37243244,-0.5714286
-0.37323508,-0.5714286
-0.37347254,-0.5714286
-0.37341115,-0.5714286
-0.37273952,-0.5714286
-0.37292796,-0.5714286
-0.37088454,-0.5714286
-0.37224,-0.5714286
-0.37181,-0.5714286
-0.37129402,-0.5714286
-0.37073708,-0.5714286
-0.3708763,-0.5714286
-0.37042993,-0.5714286
-0.3703624,-0.5714286
-0.3696847,-0.5714286
-0.37038898,-0.5714286
-0.37178132,-0.5714286
-0.37589678,-0.5714286
-0.3817977,-0.5714286
-0.3917486,-0.5714286
-0.39112204,-0.5714286
-0.38405,-0.5714286
-0.37831697,-0.5714286
-0.37237915,-0.5714286
-0.37961918,-0.5714286
-0.3868468,-0.5714286
-0.38845617,-0.5714286
-0.3977682,-0.5714286
-0.22969283,-0.5714286
-0.25755936,-0.5714286
-0.253792,-0.5714286
-0.2504013,-0.5714286
-0.2501904,-0.5714286
-0.24982184,-0.5714286
-0.2506327,-0.5714286
-0.25199836,-0.5714286
-0.2530221,-0.5714286
-0.2508026,-0.5714286
-0.25233415,-0.5714286
-0.06042383,-0.5714286
0.11390255,-0.5714286
0.30547917,-0.5714286
0.32384115,-0.5714286
0.30392712,-0.5714286
0.2971867,-0.5714286
0.28721943,-0.5714286
0.2808559,-0.5714286
0.27819008,-0.5714286
0.27714986,-0.5714286
0.27571252,-0.5714286
0.27558357,-0.5714286
0.28276822,-0.5714286
0.02382673,-0.5714286
-0.23340294,-0.5714286
-0.23536855,-0.5714286
-0.22784401,-0.5714286
-0.24200653,-0.5714286
-0.23704341,-0.5714286
-0.23444308,-0.5714286
-0.018998766,-0.5714286
1.3060031,-0.5714286
0.77148646,-0.5714286
0.6149509,-0.5714286
0.6115029,-0.5714286
0.60992014,-0.5714286
0.6166523,-0.5714286
0.61447173,-0.5714286
0.6102784,-0.5714286
0.61581904,-0.5714286
0.61104417,-0.5714286
0.6155979,-0.5714286
0.6120966,-0.5714286
0.613878,-0.5714286
0.60491806,-0.5714286
0.6086896,-0.5714286
0.6113063,-0.5714286
0.6099467,-0.5714286
0.6045946,-0.5714286
0.5973587,-0.5714286
0.5988821,-0.5714286
0.6039988,-0.5714286
0.60750616,-0.5714286
0.60622436,-0.5714286
0.6023423,-0.5714286
0.60556513,-0.5714286
0.6088001,-0.5714286
0.6069717,-0.5714286
0.6119534,-0.5714286
0.6065643,-0.5714286
0.60205567,-0.5714286
0.60849714,-0.5714286
0.60912776,-0.5714286
0.60277236,-0.5714286
0.60627764,-0.5714286
0.61023337,-0.5714286
0.60939807,-0.5714286
0.5989128,-0.5714286
0.60923016,-0.5714286
0.6082392,-0.5714286
0.6072788,-0.5714286
0.6018918,-0.5714286
0.60609335,-0.5714286
0.5991196,-0.5714286
0.61175066,-0.5714286
0.61458236,-0.5714286
0.6149795,-0.5714286
0.6034889,-0.5714286
0.59391075,-0.5714286
0.59673834,-0.5714286
0.5983292,-0.5714286
0.599652,-0.5714286
0.59683865,-0.5714286
0.5978214,-0.5714286
0.59365475,-0.5714286
0.59393525,-0.5714286
0.5913841,-0.5714286
0.5904361,-0.5714286
0.58716625,-0.5714286
0.5927723,-0.5714286
0.59735256,-0.5714286
0.596982,-0.5714286
0.597715,-0.5714286
0.5966913,-0.5714286
0.5930303,-0.5714286
0.59893537,-0.5714286
0.59992623,-0.5714286
0.5969614,-0.5714286
0.59208226,-0.5714286
0.5912612,-0.5714286
0.5892589,-0.5714286
0.59456587,-0.5714286
0.59270275,-0.5714286
0.5974939,-0.5714286
0.59537673,-0.5714286
0.6013206,-0.5714286
0.5966995,-0.5714286
0.59133893,-0.5714286
0.5955733,-0.5714286
0.5935626,-0.5714286
0.59646606,-0.5714286
0.5989987,-0.5714286
0.5947298,-0.5714286
0.60119987,-0.5714286
0.60215396,-0.5714286
0.5957371,-0.5714286
0.59667486,-0.5714286
0.59707004,-0.5714286
0.5969164,-0.5714286
0.58782554,-0.5714286
0.57113844,-0.5714286
0.5953358,-0.5714286
0.59567153,-0.5714286
0.5973915,-0.5714286
0.59463143,-0.5714286
0.5896478,-0.5714286
0.59352994,-0.5714286
0.5975307,-0.5714286
0.5946274,-0.5714286
0.5922072,-0.5714286
0.5952826,-0.5714286
0.5912653,-0.5714286
0.59680176,-0.5714286
0.59428746,-0.5714286
0.59760857,-0.5714286
0.5932473,-0.5714286
0.5914169,-0.5714286
0.5921376,-0.5714286
0.5985872,-0.5714286
0.5989598,-0.5714286
0.5878583,-0.5714286
0.5856921,-0.5714286
0.5869472,-0.5714286
0.58296484,-0.5714286
0.5781695,-0.5714286
0.5826904,-0.5714286
0.5835995,-0.5714286
0.5896437,-0.5714286
0.5831982,-0.5714286
0.5850123,-0.5714286
0.5899385,-0.5714286
0.5921745,-0.5714286
0.59266585,-0.5714286
0.58326787,-0.5714286
0.5886487,-0.5714286
0.58703935,-0.5714286
0.5894472,-0.5714286
0.58108723,-0.5714286
0.5797788,-0.5714286
0.5881388,-0.5714286
0.582932,-0.5714286
0.5859992,-0.5714286
0.581204,-0.5714286
0.58565724,-0.5714286
0.5923711,-0.5714286
0.58213353,-0.5714286
0.57984644,-0.5714286
0.57248974,-0.5714286
0.5724857,-0.5714286
0.57121205,-0.5714286
0.5749919,-0.5714286
0.5728133,-0.5714286
0.578231,-0.5714286
0.57741606,-0.5714286
0.5764251,-0.5714286
0.5790787,-0.5714286
0.58043826,-0.5714286
0.58176905,-0.5714286
0.5823219,-0.5714286
0.57516795,-0.5714286
0.57874286,-0.5714286
0.586511,-0.5714286
0.5869492,-0.5714286
0.55151105,-0.5714286
0.54933053,-0.5714286
0.5697605,-0.5714286
0.587543,-0.5714286
0.57936525,-0.5714286
0.58397216,-0.5714286
0.58966416,-0.5714286
0.58976245,-0.5714286
0.5875799,-0.5714286
0.58315724,-0.5714286
0.5840254,-0.5714286
0.5799263,-0.5714286
0.5843079,-0.5714286
0.58413184,-0.5714286
0.5788862,-0.5714286
0.578149,-0.5714286
0.5776167,-0.5714286
0.5809521,-0.5714286
0.5765029,-0.5714286
0.575344,-0.5714286
0.57512283,-0.5714286
0.57522523,-0.5714286
0.58050364,-0.5714286
0.582113,-0.5714286
0.5785258,-0.5714286
0.57818174,-0.5714286
0.58284193,-0.5714286
0.5744431,-0.5714286
0.5683783,-0.5714286
0.56982803,-0.5714286
0.5694554,-0.5714286
0.56865275,-0.5714286
0.5677191,-0.5714286
0.5712469,-0.5714286
0.5695946,-0.5714286
0.5868797,-0.5714286
0.59519655,-0.5714286
0.58150697,-0.5714286
0.58116305,-0.5714286
0.5864087,-0.5714286
0.57878387,-0.5714286
0.57628167,-0.5714286
0.56899875,-0.5714286
0.5609398,-0.5714286
0.57043606,-0.5714286
0.5706634,-0.5714286
0.565127,-0.5714286
0.56382066,-0.5714286
0.5678255,-0.5714286
0.567109,-0.5714286
0.5628337,-0.5714286
0.56619173,-0.5714286
0.5685135,-0.5714286
0.56236285,-0.5714286
0.5595782,-0.5714286
0.55834967,-0.5714286
0.5412531,-0.5714286
0.5439885,-0.5714286
0.5469614,-0.5714286
0.5459951,-0.5714286
0.5442199,-0.5714286
0.5475798,-0.5714286
0.46570027,-0.5714286
0.38928756,-0.5714286
0.39028668,-0.5714286
0.37991813,-0.5714286
0.38269657,-0.5714286
0.3844881,-0.5714286
0.38955164,-0.5714286
0.38885137,-0.5714286
0.38739967,-0.5714286
0.38959453,-0.5714286
0.38711914,-0.5714286
0.38095003,-0.5714286
0.38265768,-0.5714286
0.38747337,-0.5714286
0.38639438,-0.5714286
0.39077803,-0.5714286
0.38576782,-0.5714286
0.3885954,-0.5714286
0.38932025,-0.5714286
0.3874202,-0.5714286
0.38950446,-0.5714286
0.39521495,-0.5714286
0.4185258,-0.5714286
0.42622858,-0.5714286
0.41990575,-0.5714286
0.4269575,-0.5714286
0.42362815,-0.5714286
0.41749388,-0.5714286
0.4209992,-0.5714286
0.42401716,-0.5714286
0.4236364,-0.5714286
0.42307132,-0.5714286
0.41956595,-0.5714286
0.4230876,-0.5714286
0.41946357,-0.5714286
0.41804674,-0.5714286
0.42103603,-0.5714286
0.4259091,-0.5714286
0.41542995,-0.5714286
0.4149017,-0.5714286
0.39866096,-0.5714286
-0.37128586,-0.5714286
-0.37452087,-0.5714286
-0.37425062,-0.5714286
-0.3749304,-0.5714286
-0.37659094,-0.5714286
-0.37195945,-0.5714286
-0.37513107,-0.5714286
-0.36275798,-0.5714286
-0.37436932,-0.5714286
-0.37305894,-0.5714286
-0.36667484,-0.5714286
-0.3737838,-0.5714286
-0.3749017,-0.5714286
-0.37488943,-0.5714286
-0.3740745,-0.5714286
-0.37457004,-0.5714286
-0.37404585,-0.5714286
-0.37442264,-0.5714286
-0.36621618,-0.5714286
-0.36762488,-0.5714286
-0.368018,-0.5714286
-0.36165848,-0.5714286
-0.35392505,-0.5714286
-0.35273957,-0.5714286
-0.35459048,-0.5714286
-0.35820228,-0.5714286
-0.354871,-0.5714286
-0.36726046,-0.5714286
-0.3677027,-0.5714286
-0.36925468,-0.5714286
-0.36624694,-0.5714286
-0.3676658,-0.5714286
-0.36602372,-0.5714286
-0.37076983,-0.5714286
-0.37129816,-0.5714286
-0.3609828,-0.5714286
-0.3614128,-0.5714286
-0.36306307,-0.5714286
-0.37020883,-0.5714286
-0.37064287,-0.5714286
-0.3702027,-0.5714286
-0.372887,-0.5714286
-0.37119168,-0.5714286
-0.36904177,-0.5714286
-0.3666462,-0.5714286
-0.36456186,-0.5714286
-0.37185505,-0.5714286
-0.3646396,-0.5714286
-0.35991403,-0.5714286
-0.37893122,-0.5714286
-0.37951472,-0.5714286
-0.37502047,-0.5714286
-0.37329236,-0.5714286
-0.3726167,-0.5714286
-0.3726167,-0.5714286
-0.37234643,-0.5714286
-0.36993244,-0.5714286
-0.37433252,-0.5714286
-0.38042995,-0.5714286
-0.38462323,-0.5714286
-0.38601965,-0.5714286
-0.38096645,-0.5714286
-0.37560195,-0.5714286
-0.37462735,-0.5714286
-0.37869164,-0.5714286
-0.37915233,-0.5714286
-0.38369778,-0.5714286
-0.37369367,-0.5714286
-0.3755119,-0.5714286
-0.3670516,-0.5714286
-0.3720311,-0.5714286
-0.37285423,-0.5714286
-0.36789927,-0.5714286
-0.36966828,-0.5714286
-0.37499386,-0.5714286
-0.37377563,-0.5714286
-0.37377766,-0.5714286
-0.37900493,-0.5714286
-0.37976658,-0.5714286
-0.37979117,-0.5714286
-0.37727273,-0.5714286
-0.37579444,-0.5714286
-0.37300166,-0.5714286
-0.37529483,-0.5714286
-0.37579444,-0.5714286
-0.37584355,-0.5714286
-0.37355855,-0.5714286
-0.37291566,-0.5714286
-0.3730897,-0.5714286
-0.374484,-0.5714286
-0.3743489,-0.5714286
-0.37571254,-0.5714286
-0.37334153,-0.5714286
-0.38298526,-0.5714286
-0.391466,-0.5714286
-0.38431206,-0.5714286
-0.3781122,-0.5714286
-0.37722358,-0.5714286
-0.37529895,-0.5714286
0.21996734,-0.5714286
-0.22392303,-0.5714286
-0.21822482,-0.5714286
-0.21572483,-0.5714286
-0.2130467,-0.5714286
-0.20605244,-0.5714286
-0.2049959,-0.5714286
-0.20612405,-0.5714286
-0.20479526,-0.5714286
-0.20563063,-0.5714286
-0.20587222,-0.5714286
-0.20512286,-0.5714286
-0.20602785,-0.5714286
-0.20660321,-0.5714286
-0.21170148,-0.5714286
-0.21245292,-0.5714286
-0.2147359,-0.5714286
-0.21412775,-0.5714286
-0.20336197,-0.5714286
-0.20213348,-0.5714286
-0.204009,-0.5714286
-0.20184274,-0.5714286
-0.20475432,-0.5714286
-0.20368958,-0.5714286
-0.20941852,-0.5714286
-0.21248156,-0.5714286
-0.21217856,-0.5714286
-0.21018839,-0.5714286
-0.21434887,-0.5714286
-0.21075754,-0.5714286
-0.20948814,-0.5714286
-0.21025798,-0.5714286
-0.21128991,-0.5714286
-0.20945945,-0.5714286
-0.21149057,-0.5714286
-0.21064499,-0.5714286
-0.21164618,-0.5714286
-0.21297711,-0.5714286
-0.21262898,-0.5714286
-0.21124898,-0.5714286
-0.21189187,-0.5714286
-0.2117322,-0.5714286
-0.2140008,-0.5714286
-0.2170516,-0.5714286
-0.21449633,-0.5714286
-0.21732801,-0.5714286
-0.21662161,-0.5714286
-0.21559788,-0.5714286
-0.21352988,-0.5714286
-0.21459872,-0.5714286
-0.2141216,-0.5714286
-0.21455163,-0.5714286
-0.21560197,-0.5714286
-0.21397625,-0.5714286
-0.2126454,-0.5714286
-0.21343364,-0.5714286
-0.21286243,-0.5714286
-0.21335383,-0.5714286
-0.21461922,-0.5714286
-0.21697788,-0.5714286
-0.2175717,-0.5714286
-0.21562247,-0.5714286
-0.2182678,-0.5714286
-0.21740782,-0.5714286
-0.216896,-0.5714286
-0.21764128,-0.5714286
-0.21683046,-0.5714286
-0.21633907,-0.5714286
-0.21644963,-0.5714286
-0.21568385,-0.5714286
-0.21668306,-0.5714286
-0.21748768,-0.5714286
-0.21762078,-0.5714286
-0.2195946,-0.5714286
-0.21879607,-0.5714286
-0.21877763,-0.5714286
-0.21903561,-0.5714286
-0.21808967,-0.5714286
-0.21717854,-0.5714286
-0.21825553,-0.5714286
-0.21796681,-0.5714286
-0.21611795,-0.5714286
-0.2182637,-0.5714286
-0.21665846,-0.5714286
-0.21772113,-0.5714286
-0.21917279,-0.5714286
-0.21840295,-0.5714286
-0.21711709,-0.5714286
-0.22127764,-0.5714286
-0.21850121,-0.5714286
-0.21732186,-0.5714286
-0.21782552,-0.5714286
-0.21544226,-0.5714286
-0.21718675,-0.5714286
-0.21745293,-0.5714286
-0.21512692,-0.5714286
-0.21529484,-0.5714286
-0.21593368,-0.5714286
-0.21348894,-0.5714286
-0.21758805,-0.5714286
-0.22087634,-0.5714286
-0.21718262,-0.5714286
-0.21940625,-0.5714286
-0.21625307,-0.5714286
-0.21690008,-0.5714286
-0.21584769,-0.5714286
-0.21548319,-0.5714286
-0.21696153,-0.5714286
-0.21701473,-0.5714286
-0.2179648,-0.5714286
-0.21752252,-0.5714286
-0.21770269,-0.5714286
-0.22418097,-0.5714286
-0.22404584,-0.5714286
-0.22461917,-0.5714286
-0.2243796,-0.5714286
-0.2286671,-0.5714286
-0.2330139,-0.5714286
-0.23591524,-0.5714286
-0.23360568,-0.5714286
-0.24111792,-0.5714286
-0.24405406,-0.5714286
-0.2395782,-0.5714286
-0.23848894,-0.5714286
-0.2334357,-0.5714286
-0.23787062,-0.5714286
-0.24009213,-0.5714286
-0.23941441,-0.5714286
-0.2386159,-0.5714286
-0.23825145,-0.5714286
-0.2385176,-0.5714286
-0.2343243,-0.5714286
-0.2312162,-0.5714286
-0.23227273,-0.5714286
-0.23589069,-0.5714286
-0.2384398,-0.5714286
-0.23881246,-0.5714286
-0.23969698,-0.5714286
-0.23565108,-0.5714286
-0.23988125,-0.5714286
-0.24266994,-0.5714286
-0.24306306,-0.5714286
-0.2432125,-0.5714286
-0.24003683,-0.5714286
-0.24135134,-0.5714286
-0.24347666,-0.5714286
-0.24487717,-0.5714286
-0.24178135,-0.5714286
-0.24063882,-0.5714286
-0.23963149,-0.5714286
-0.15386978,-0.5714286
-0.11164005,-0.5714286
-0.11817362,-0.5714286
-0.11831283,-0.5714286
-0.114136,-0.5714286
-0.11251025,-0.5714286
-0.10752254,-0.5714286
-0.10835791,-0.5714286
-0.10387794,-0.5714286
-0.10127764,-0.5714286
-0.10184278,-0.5714286
-0.10230343,-0.5714286
0.22153969,-0.5714286
0.40296686,-0.5714286
0.47402543,-0.5714286
0.46094596,-0.5714286
0.4434705,-0.5714286
0.43405408,-0.5714286
0.43574324,-0.5714286
0.433231,-0.5714286
0.4240827,-0.5714286
0.4229054,-0.5714286
0.42781326,-0.5714286
0.43644965,-0.5714286
0.3850082,-0.5714286
-0.08570637,-0.5714286
-0.08832106,-0.5714286
-0.08585997,-0.5714286
-0.088140875,-0.5714286
-0.0895905,-0.5714286
-0.09857493,-0.5714286
-0.10118549,-0.5714286
1.1451229,-0.5714286
1.3073772,-0.5714286
0.7736486,-0.5714286
0.74341524,-0.5714286
0.7432638,-0.5714286
0.7444143,-0.5714286
0.74449,-0.5714286
0.74783784,-0.5714286
0.74596447,-0.5714286
0.74207217,-0.5714286
0.74196976,-0.5714286
0.73733425,-0.5714286
0.7471375,-0.5714286
0.7299079,-0.5714286
0.73007977,-0.5714286
0.7467977,-0.5714286
0.74445945,-0.5714286
0.73549765,-0.5714286
0.736075,-0.5714286
0.7349795,-0.5714286
0.7349795,-0.5714286
0.73246926,-0.5714286
0.7320516,-0.5714286
0.7327149,-0.5714286
0.7299386,-0.5714286
0.7386281,-0.5714286
0.73857504,-0.5714286
0.7340541,-0.5714286
0.7341154,-0.5714286
0.7358354,-0.5714286
0.7418735,-0.5714286
0.74214983,-0.5714286
0.7423424,-0.5714286
0.7284234,-0.5714286
0.7325921,-0.5714286
0.722973,-0.5714286
0.7323772,-0.5714286
0.7413267,-0.5714286
0.73218673,-0.5714286
0.7326044,-0.5714286
0.7276904,-0.5714286
0.7179239,-0.5714286
0.73701465,-0.5714286
0.59322685,-0.5714286
0.5814537,-0.5714286
0.58620393,-0.5714286
0.592457,-0.5714286
0.5940868,-0.5714286
0.5878828,-0.5714286
0.58643734,-0.5714286
0.5784849,-0.5714286
0.5864312,-0.5714286
0.57862407,-0.5714286
0.5845455,-0.5714286
0.59133905,-0.5714286
0.58991,-0.5714286
0.58986896,-0.5714286
0.58950865,-0.5714286
0.58910936,-0.5714286
0.5850737,-0.5714286
0.5865152,-0.5714286
0.5889005,-0.5714286
0.5875839,-0.5714286
0.5882862,-0.5714286
0.583751,-0.5714286
0.58876336,-0.5714286
0.5906389,-0.5714286
0.58788705,-0.5714286
0.58551604,-0.5714286
0.5884275,-0.5714286
0.5899201,-0.5714286
0.5845823,-0.5714286
0.58492017,-0.5714286
0.58861995,-0.5714286
0.5831409,-0.5714286
0.5817752,-0.5714286
0.5838084,-0.5714286
0.585733,-0.5714286
0.59363633,-0.5714286
0.60470927,-0.5714286
0.60655403,-0.5714286
0.5942056,-0.5714286
0.59284604,-0.5714286
0.59604424,-0.5714286
0.591982,-0.5714286
0.5922686,-0.5714286
0.59057736,-0.5714286
0.59018433,-0.5714286
0.5898833,-0.5714286
0.5926249,-0.5714286
0.59195334,-0.5714286
0.59498155,-0.5714286
0.5967117,-0.5714286
0.5927457,-0.5714286
0.5909459,-0.5714286
0.586855,-0.5714286
0.5872604,-0.5714286
0.592113,-0.5714286
0.59102374,-0.5714286
0.593403,-0.5714286
0.58909094,-0.5714286
0.5873013,-0.5714286
0.5860361,-0.5714286
0.587715,-0.5714286
0.59486485,-0.5714286
0.58543,-0.5714286
0.5849508,-0.5714286
0.5875921,-0.5714286
0.590389,-0.5714286
0.592199,-0.5714286
0.58893114,-0.5714286
0.5893039,-0.5714286
0.5920393,-0.5714286
0.5895455,-0.5714286
0.5876474,-0.5714286
0.58785427,-0.5714286
0.5900164,-0.5714286
0.5893326,-0.5714286
0.5933047,-0.5714286
0.5921049,-0.5714286
0.5943775,-0.5714286
0.59261674,-0.5714286
0.5908232,-0.5714286
0.5821171,-0.5714286
0.5824898,-0.5714286
0.5817445,-0.5714286
0.58335793,-0.5714286
0.5828951,-0.5714286
0.58712125,-0.5714286
0.5143693,-0.5714286
0.42091733,-0.5714286
0.4250184,-0.5714286
0.42633912,-0.5714286
0.4235872,-0.5714286
0.42493448,-0.5714286
0.42027032,-0.5714286
0.4247174,-0.5714286
0.4259295,-0.5714286
0.42557737,-0.5714286
0.42379192,-0.5714286
0.4248526,-0.5714286
0.42459458,-0.5714286
0.42875922,-0.5714286
0.43104833,-0.5714286
0.42799756,-0.5714286
0.42791155,-0.5714286
0.43147424,-0.5714286
0.425559,-0.5714286
0.42990786,-0.5714286
0.43311626,-0.5714286
0.43328422,-0.5714286
0.43071866,-0.5714286
0.4301475,-0.5714286
0.42921385,-0.5714286
0.42758387,-0.5714286
0.42681196,-0.5714286
0.42376733,-0.5714286
0.4194512,-0.5714286
0.419914,-0.5714286
0.42136362,-0.5714286
0.42127356,-0.5714286
0.4221007,-0.5714286
0.4206675,-0.5714286
0.4220638,-0.5714286
0.41891074,-0.5714286
0.42058975,-0.5714286
0.41875514,-0.5714286
0.4195946,-0.5714286
0.4239496,-0.5714286
0.42003277,-0.5714286
-0.19963966,-0.5714286
-0.3665602,-0.5714286
-0.37023956,-0.5714286
-0.3676781,-0.5714286
-0.36121625,-0.5714286
-0.36121625,-0.5714286
-0.36379194,-0.5714286
-0.3619103,-0.5714286
-0.3665786,-0.5714286
-0.36994675,-0.5714286
-0.37319818,-0.5714286
-0.3736364,-0.5714286
-0.36841112,-0.5714286
-0.361208,-0.5714286
-0.36026412,-0.5714286
-0.36072484,-0.5714286
-0.36280915,-0.5714286
-0.36309582,-0.5714286
-0.36850944,-0.5714286
-0.37590495,-0.5714286
-0.36103195,-0.5714286
-0.36543405,-0.5714286
-0.36778256,-0.5714286
-0.36617523,-0.5714286
-0.36649266,-0.5714286
-0.37270272,-0.5714286
-0.37436527,-0.5714286
-0.37332925,-0.5714286
-0.3704177,-0.5714286
-0.36454138,-0.5714286
-0.3666421,-0.5714286
-0.37108108,-0.5714286
-0.37773135,-0.5714286
-0.38338655,-0.5714286
-0.38740787,-0.5714286
-0.3824079,-0.5714286
-0.37545455,-0.5714286
-0.37230957,-0.5714286
-0.37251437,-0.5714286
-0.3736036,-0.5714286
-0.37087226,-0.5714286
-0.3682023,-0.5714286
-0.36371008,-0.5714286
-0.3627764,-0.5714286
-0.3634644,-0.5714286
-0.36195332,-0.5714286
-0.36398444,-0.5714286
-0.36434278,-0.5714286
-0.37071666,-0.5714286
-0.37240788,-0.5714286
-0.3722523,-0.5714286
-0.37089682,-0.5714286
-0.3696847,-0.5714286
-0.37023956,-0.5714286
-0.36985672,-0.5714286
-0.37080258,-0.5714286
-0.3704607,-0.5714286
-0.37308353,-0.5714286
-0.37366915,-0.5714286
-0.37273955,-0.5714286
-0.37225634,-0.5714286
-0.36993042,-0.5714286
-0.36753893,-0.5714286
-0.3675922,-0.5714286
-0.36928338,-0.5714286
-0.37207615,-0.5714286
-0.37223586,-0.5714286
-0.37145576,-0.5714286
-0.3727334,-0.5714286
-0.3711589,-0.5714286
-0.37019655,-0.5714286
-0.37241402,-0.5714286
-0.3719246,-0.5714286
-0.3707924,-0.5714286
-0.3777477,-0.5714286
-0.38211304,-0.5714286
-0.3768366,-0.5714286
-0.37152743,-0.5714286
-0.36954546,-0.5714286
-0.3737101,-0.5714286
-0.37513098,-0.5714286
-0.37093982,-0.5714286
-0.37006965,-0.5714286
-0.37143326,-0.5714286
-0.3704013,-0.5714286
-0.36989763,-0.5714286
-0.37045866,-0.5714286
-0.37183458,-0.5714286
-0.3737101,-0.5714286
-0.37181816,-0.5714286
-0.37457,-0.5714286
-0.3727969,-0.5714286
-0.37564498,-0.5714286
-0.377199,-0.5714286
-0.37660116,-0.5714286
-0.37831083,-0.5714286
-0.3754504,-0.5714286
-0.3846806,-0.5714286
-0.37972975,-0.5714286
-0.37628376,-0.5714286
-0.37764534,-0.5714286
-0.38316956,-0.5714286
-0.38351762,-0.5714286
-0.37964782,-0.5714286
-0.3818059,-0.5714286
-0.3816052,-0.5714286
-0.3799263,-0.5714286
-0.37733823,-0.5714286
-0.377371,-0.5714286
-0.37754714,-0.5714286
-0.37896803,-0.5714286
-0.37673628,-0.5714286
-0.3735995,-0.5714286
-0.37084767,-0.5714286
-0.37103602,-0.5714286
-0.3750491,-0.5714286
-0.3798526,-0.5714286
-0.38274366,-0.5714286
-0.3835872,-0.5714286
-0.3833292,-0.5714286
-0.38338655,-0.5714286
-0.3831204,-0.5714286
-0.38383907,-0.5714286
-0.38350937,-0.5714286
-0.38348895,-0.5714286
-0.384742,-0.5714286
-0.3816544,-0.5714286
-0.38337225,-0.5714286
-0.38363022,-0.5714286
-0.38424242,-0.5714286
-0.38367733,-0.5714286
-0.38389847,-0.5714286
-0.38259214,-0.5714286
-0.38340294,-0.5714286
-0.38486484,-0.5714286
-0.38411546,-0.5714286
-0.3838288,-0.5714286
-0.38323098,-0.5714286
-0.38313267,-0.5714286
-0.38361594,-0.5714286
-0.382932,-0.5714286
-0.38306713,-0.5714286
-0.38350734,-0.5714286
-0.38202703,-0.5714286
-0.38416463,-0.5714286
-0.38298112,-0.5714286
-0.3843366,-0.5714286
-0.38450244,-0.5714286
-0.3824017,-0.5714286
-0.3827805,-0.5714286
-0.38203523,-0.5714286
-0.38194102,-0.5714286
-0.3828583,-0.5714286
-0.382414,-0.5714286
-0.38339886,-0.5714286
-0.38519654,-0.5714286
-0.38516378,-0.5714286
-0.38355857,-0.5714286
-0.3830262,-0.5714286
-0.3831941,-0.5714286
-0.37195334,-0.5714286
-0.36670762,-0.5714286
-0.37891892,-0.5714286
-0.38284197,-0.5714286
-0.38045454,-0.5714286
-0.36929157,-0.5714286
-0.3704382,-0.5714286
-0.37194923,-0.5714286
-0.37064287,-0.5714286
-0.3858108,-0.5714286
-0.38516584,-0.5714286
-0.3800082,-0.5714286
-0.373751,-0.5714286
-0.3712162,-0.5714286
-0.3707084,-0.5714286
-0.37017605,-0.5714286
-0.3694431,-0.5714286
-0.3700737,-0.5714286
-0.3705119,-0.5714286
-0.37042996,-0.5714286
-0.3690868,-0.5714286
-0.37095207,-0.5714286
-0.37396803,-0.5714286
-0.3751433,-0.5714286
-0.37410322,-0.5714286
-0.37326786,-0.5714286
-0.37288082,-0.5714286
-0.37266585,-0.5714286
-0.37186733,-0.5714286
-0.37194923,-0.5714286
-0.3710237,-0.5714286
-0.3708272,-0.5714286
-0.3944717,-0.5714286
-0.39654788,-0.5714286
-0.38514742,-0.5714286
-0.37227887,-0.5714286
-0.37107292,-0.5714286
-0.38057736,-0.5714286
-0.38388205,-0.5714286
-0.3863575,-0.5714286
-0.38808358,-0.5714286
-0.38346025,-0.5714286
-0.38186324,-0.5714286
-0.38219494,-0.5714286
-0.38130838,-0.5714286
-0.38097054,-0.5714286
-0.3827273,-0.5714286
-0.38144964,-0.5714286
-0.38461095,-0.5714286
-0.384611,-0.5714286
-0.38486895,-0.5714286
-0.38430795,-0.5714286
-0.38175675,-0.5714286
-0.38509828,-0.5714286
-0.38826376,-0.5714286
-0.38474613,-0.5714286
-0.38281325,-0.5714286
-0.38539925,-0.5714286
-0.38831085,-0.5714286
-0.38742012,-0.5714286
-0.38670757,-0.5714286
-0.38275185,-0.5714286
-0.3807248,-0.5714286
-0.38071868,-0.5714286
-0.3823669,-0.5714286
-0.38454953,-0.5714286
-0.38590497,-0.5714286
-0.3837674,-0.5714286
-0.38245702,-0.5714286
-0.38339886,-0.5714286
-0.3840008,-0.5714286
-0.38476247,-0.5714286
-0.3866626,-0.5714286
-0.38986894,-0.5714286
-0.38667488,-0.5714286
-0.3811855,-0.5714286
-0.37320635,-0.5714286
-0.3779791,-0.5714286
-0.45067978,-0.5714286
-0.46617937,-0.5714286
-0.45090088,-0.5714286
-0.45174447,-0.5714286
-0.44633907,-0.5714286
-0.44922197,-0.5714286
-0.4492137,-0.5714286
-0.44997135,-0.5714286
-0.4470209,-0.5714286
-0.4484439,-0.5714286
-0.44618344,-0.5714286
-0.4427887,-0.5714286
-0.4399181,-0.5714286
-0.44815722,-0.5714286
-0.4476454,-0.5714286
-0.44527432,-0.5714286
-0.44279483,-0.5714286
-0.4402252,-0.5714286
-0.44259217,-0.5714286
-0.4458067,-0.5714286
-0.44628996,-0.5714286
-0.44808352,-0.5714286
-0.44546682,-0.5714286
-0.44717446,-0.5714286
-0.4495291,-0.5714286
-0.4498321,-0.5714286
-0.4504177,-0.5714286
-0.45002046,-0.5714286
-0.44975838,-0.5714286
-0.4240725,-0.5714286
-0.4038821,-0.5714286
-0.40342754,-0.5714286
-0.40321252,-0.5714286
-0.4034582,-0.5714286
-0.40248975,-0.5714286
-0.40200242,-0.5714286
-0.40119576,-0.5714286
-0.39905813,-0.5714286
-0.39824936,-0.5714286
-0.3984603,-0.5714286
-0.3996274,-0.5714286
-0.39859542,-0.5714286
-0.40192875,-0.5714286
-0.40300578,-0.5714286
-0.40237713,-0.5714286
-0.4015643,-0.5714286
-0.39790747,-0.5714286
-0.39632675,-0.5714286
-0.39761057,-0.5714286
-0.39403763,-0.5714286
-0.39726043,-0.5714286
-0.39743245,-0.5714286
-0.3991401,-0.5714286
-0.39875925,-0.5714286
-0.39709666,-0.5714286
-0.3990786,-0.5714286
-0.39759827,-0.5714286
-0.39873877,-0.5714286
-0.39844388,-0.5714286
-0.39856264,-0.5714286
-0.39875925,-0.5714286
-0.39945942,-0.5714286
-0.39900082,-0.5714286
-0.39972156,-0.5714286
-0.3998096,-0.5714286
-0.3980344,-0.5714286
-0.39870188,-0.5714286
-0.39852583,-0.5714286
-0.39812446,-0.5714286
-0.3983006,-0.5714286
-0.39904177,-0.5714286
-0.39782146,-0.5714286
-0.39871007,-0.5714286
-0.39941648,-0.5714286
-0.39893737,-0.5714286
-0.39799345,-0.5714286
-0.39877972,-0.5714286
-0.3984971,-0.5714286
-0.39816952,-0.5714286
-0.39764944,-0.5714286
-0.3976208,-0.5714286
-0.39769864,-0.5714286
-0.39830464,-0.5714286
-0.39865682,-0.5714286
-0.3989189,-0.5714286
-0.39898038,-0.5714286
-0.39866096,-0.5714286
-0.3993243,-0.5714286
-0.39924648,-0.5714286
-0.39731574,-0.5714286
-0.39831692,-0.5714286
-0.39875925,-0.5714286
-0.3966708,-0.5714286
-0.39764127,-0.5714286
-0.39906633,-0.5714286
-0.39939806,-0.5714286
-0.39866912,-0.5714286
-0.39973387,-0.5714286
-0.4002887,-0.5714286
-0.40043816,-0.5714286
-0.40030304,-0.5714286
-0.3999693,-0.5714286
-0.3986077,-0.5714286
-0.399787,-0.5714286
-0.39961508,-0.5714286
-0.39984852,-0.5714286
-0.39947584,-0.5714286
-0.3994103,-0.5714286
-0.39954543,-0.5714286
-0.39997545,-0.5714286
-0.40022117,-0.5714286
-0.40001225,-0.5714286
-0.39950043,-0.5714286
-0.3992875,-0.5714286
-0.39998156,-0.5714286
-0.39927107,-0.5714286
-0.40002045,-0.5714286
-0.3998198,-0.5714286
-0.39952087,-0.5714286
-0.3991892,-0.5714286
-0.3991339,-0.5714286
-0.39874282,-0.5714286
-0.39779484,-0.5714286
-0.39861795,-0.5714286
-0.39924243,-0.5714286
-0.39901313,-0.5714286
-0.39930385,-0.5714286
-0.39961508,-0.5714286
-0.39837837,-0.5714286
-0.39704344,-0.5714286
-0.39633906,-0.5714286
-0.2686855,-0.5714286
-0.25092137,-0.5714286
-0.25460687,-0.5714286
-0.25529075,-0.5714286
-0.2562449,-0.5714286
-0.25601557,-0.5714286
-0.25661752,-0.5714286
-0.25830466,-0.5714286
-0.25771087,-0.5714286
-0.25573093,-0.5714286
-0.2573751,-0.5714286
-0.20745291,-0.5714286
0.019963145,-0.5714286
0.22237717,-0.5714286
0.30063885,-0.5714286
0.28519246,-0.5714286
0.27366096,-0.5714286
0.26589066,-0.5714286
0.26097664,-0.5714286
0.25910324,-0.5714286
0.25183862,-0.5714286
0.25098285,-0.5714286
0.25177318,-0.5714286
0.2593407,-0.5714286
0.19888823,-0.5714286
-0.24974203,-0.5714286
-0.250905,-0.5714286
-0.25089064,-0.5714286
-0.25140047,-0.5714286
-0.25078624,-0.5714286
-0.2513329,-0.5714286
-0.25210893,-0.5714286
0.8175491,-0.5714286
1.0932187,-0.5714286
0.63273543,-0.5714286
0.59266585,-0.5714286
1.727457,-0.5714286
0.8798404,-0.5714286
0.59160936,-0.5714286
0.59065115,-0.5714286
0.58541775,-0.5714286
0.58506143,-0.5714286
0.5874447,-0.5714286
0.5850778,-0.5714286
0.5772645,-0.5714286
0.5839435,-0.5714286
0.5888943,-0.5714286
0.5875102,-0.5714286
0.5862961,-0.5714286
0.5845741,-0.5714286
0.5863759,-0.5714286
0.5825267,-0.5714286
0.58196145,-0.5714286
0.5842547,-0.5714286
0.58173215,-0.5714286
0.583665,-0.5714286
0.58179355,-0.5714286
0.58373874,-0.5714286
0.5843817,-0.5714286
0.58468884,-0.5714286
0.58393526,-0.5714286
0.5833497,-0.5714286
0.58032346,-0.5714286
0.5792445,-0.5714286
0.5772154,-0.5714286
0.5879054,-0.5714286
0.5849222,-0.5714286
0.58640456,-0.5714286
0.5850778,-0.5714286
0.5766544,-0.5714286
0.57758605,-0.5714286
0.5815275,-0.5714286
0.59226453,-0.5714286
0.5858232,-0.5714286
0.5794431,-0.5714286
0.5849754,-0.5714286
0.5863104,-0.5714286
0.58576983,-0.5714286
0.58990586,-0.5714286
0.58632267,-0.5714286
0.5859828,-0.5714286
0.5852211,-0.5714286
1.0616052,-0.5714286
0.7209705,-0.5714286
0.73136973,-0.5714286
0.7314906,-0.5714286
0.73073703,-0.5714286
0.7300655,-0.5714286
0.72973585,-0.5714286
0.71746105,-0.5714286
0.7342445,-0.5714286
0.73926276,-0.5714286
0.72598696,-0.5714286
0.7248567,-0.5714286
0.73013103,-0.5714286
0.73730546,-0.5714286
0.7204731,-0.5714286
0.72297704,-0.5714286
0.7210443,-0.5714286
0.7188329,-0.5714286
0.7204464,-0.5714286
0.7136937,-0.5714286
0.71381664,-0.5714286
0.7125636,-0.5714286
0.71017194,-0.5714286
0.7091852,-0.5714286
0.712893,-0.5714286
0.7146929,-0.5714286
0.7095332,-0.5714286
0.70450854,-0.5714286
0.71576995,-0.5714286
0.71906626,-0.5714286
0.7201514,-0.5714286
0.71542186,-0.5714286
0.71437347,-0.5714286
0.7133537,-0.5714286
0.7126535,-0.5714286
0.711204,-0.5714286
0.7094595,-0.5714286
0.70492214,-0.5714286
0.7102457,-0.5714286
0.70629,-0.5714286
0.71074945,-0.5714286
0.70917696,-0.5714286
0.70677733,-0.5714286
0.7086486,-0.5714286
0.6999017,-0.5714286
0.7117444,-0.5714286
0.7012653,-0.5714286
0.70362,-0.5714286
0.7069615,-0.5714286
0.7046561,-0.5714286
0.71581084,-0.5714286
0.7042097,-0.5714286
0.7044184,-0.5714286
0.71351355,-0.5714286
0.70393735,-0.5714286
0.7028686,-0.5714286
0.7033006,-0.5714286
0.7046375,-0.5714286
0.70323104,-0.5714286
0.70146596,-0.5714286
0.7014988,-0.5714286
0.6982759,-0.5714286
0.69555694,-0.5714286
0.7035462,-0.5714286
0.7067691,-0.5714286
0.6362081,-0.5714286
0.52984035,-0.5714286
0.5368673,-0.5714286
0.53353816,-0.5714286
0.5435176,-0.5714286
0.53141886,-0.5714286
0.53681004,-0.5714286
0.53361183,-0.5714286
0.5331285,-0.5714286
0.5419861,-0.5714286
0.54227895,-0.5714286
0.5312838,-0.5714286
0.53788704,-0.5714286
0.5365356,-0.5714286
0.5463452,-0.5714286
0.5322646,-0.5714286
0.53162575,-0.5714286
0.5350123,-0.5714286
0.5352252,-0.5714286
0.5463698,-0.5714286
0.54117936,-0.5714286
0.53696555,-0.5714286
0.5333743,-0.5714286
0.5397215,-0.5714286
0.53644556,-0.5714286
0.5358805,-0.5714286
0.53938574,-0.5714286
0.5346847,-0.5714286
0.5370721,-0.5714286
0.5336302,-0.5714286
0.5356081,-0.5714286
0.53144556,-0.5714286
0.5357617,-0.5714286
0.5354054,-0.5714286
0.53560615,-0.5714286
0.5365807,-0.5714286
0.54230136,-0.5714286
0.54270273,-0.5714286
0.54192865,-0.5714286
0.5349181,-0.5714286
0.5360073,-0.5714286
-0.053566784,-0.5714286
-0.27066955,-0.5714286
-0.26718676,-0.5714286
-0.2690786,-0.5714286
-0.2673587,-0.5714286
-0.2613022,-0.5714286
-0.2645864,-0.5714286
-0.26855037,-0.5714286
-0.26757163,-0.5714286
-0.26981574,-0.5714286
-0.26684275,-0.5714286
-0.26972973,-0.5714286
-0.27007985,-0.5714286
-0.26902947,-0.5714286
-0.26816955,-0.5714286
-0.27045044,-0.5714286
-0.26798522,-0.5714286
-0.26648647,-0.5714286
-0.26971334,-0.5714286
-0.26876333,-0.5714286
-0.2662244,-0.5714286
-0.26506552,-0.5714286
-0.26847664,-0.5714286
-0.26842138,-0.5714286
-0.2686425,-0.5714286
-0.26612407,-0.5714286
-0.26597872,-0.5714286
-0.26763308,-0.5714286
-0.26766995,-0.5714286
-0.2685811,-0.5714286
-0.26839888,-0.5714286
-0.2692588,-0.5714286
-0.2655364,-0.5714286
-0.27005526,-0.5714286
-0.26870394,-0.5714286
-0.26831695,-0.5714286
-0.27045453,-0.5714286
-0.2701474,-0.5714286
-0.26794225,-0.5714286
-0.26924652,-0.5714286
-0.26641685,-0.5714286
-0.26532552,-0.5714286
-0.2699877,-0.5714286
-0.2694881,-0.5714286
-0.2670516,-0.5714286
-0.27050364,-0.5714286
-0.27009827,-0.5714286
-0.2623403,-0.5714286
-0.26821047,-0.5714286
-0.25656432,-0.5714286
-0.27055693,-0.5714286
-0.271077,-0.5714286
-0.27107695,-0.5714286
-0.27023342,-0.5714286
-0.26700246,-0.5714286
-0.27095005,-0.5714286
-0.2755774,-0.5714286
-0.2774734,-0.5714286
-0.270344,-0.5714286
-0.26907247,-0.5714286
-0.27927518,-0.5714286
-0.27369368,-0.5714286
-0.2737531,-0.5714286
-0.2744144,-0.5714286
-0.2754668,-0.5714286
-0.25915232,-0.5714286
-0.25706798,-0.5714286
-0.2658026,-0.5714286
-0.26151106,-0.5714286
-0.2707535,-0.5714286
-0.2692342,-0.5714286
-0.2661548,-0.5714286
-0.2654955,-0.5714286
-0.2655856,-0.5714286
-0.2652293,-0.5714286
-0.2687469,-0.5714286
-0.2644165,-0.5714286
-0.26249796,-0.5714286
-0.26708844,-0.5714286
-0.2696683,-0.5714286
-0.269828,-0.5714286
-0.26848897,-0.5714286
-0.27141276,-0.5714286
-0.26997134,-0.5714286
-0.26912162,-0.5714286
-0.27336204,-0.5714286
-0.27017197,-0.5714286
-0.2702211,-0.5714286
-0.2686241,-0.5714286
-0.26998365,-0.5714286
-0.2687797,-0.5714286
-0.27068797,-0.5714286
-0.272068,-0.5714286
-0.27341115,-0.5714286
-0.27214986,-0.5714286
-0.2735074,-0.5714286
-0.27332923,-0.5714286
-0.2686118,-0.5714286
-0.27165848,-0.5714286
-0.2737469,-0.5714286
-0.27273342,-0.5714286
-0.2733968,-0.5714286
-0.272973,-0.5714286
-0.2731245,-0.5714286
-0.2740172,-0.5714286
-0.2719779,-0.5714286
-0.2657453,-0.5714286
-0.272844,-0.5714286
-0.2752887,-0.5714286
-0.273964,-0.5714286
-0.2717117,-0.5714286
-0.27284196,-0.5714286
-0.267414,-0.5714286
-0.2634398,-0.5714286
-0.26487714,-0.5714286
-0.2694226,-0.5714286
-0.2658968,-0.5714286
-0.26340705,-0.5714286
-0.27018836,-0.5714286
-0.2725,-0.5714286
-0.2699181,-0.5714286
-0.2694922,-0.5714286
-0.27086607,-0.5714286
-0.3793898,-0.5714286
-0.39834154,-0.5714286
-0.39698404,-0.5714286
-0.39833334,-0.5714286
-0.39721748,-0.5714286
-0.399699,-0.5714286
-0.39891893,-0.5714286
-0.39662775,-0.5714286
-0.39928135,-0.5714286
-0.39981574,-0.5714286
-0.39970514,-0.5714286
-0.39895576,-0.5714286
-0.40068793,-0.5714286
-0.401036,-0.5714286
-0.40109748,-0.5714286
-0.39941445,-0.5714286
-0.39915642,-0.5714286
-0.40059787,-0.5714286
-0.40117934,-0.5714286
-0.39633906,-0.5714286
-0.40042385,-0.5714286
-0.40028256,-0.5714286
-0.4002334,-0.5714286
-0.39992017,-0.5714286
-0.39991808,-0.5714286
-0.39880425,-0.5714286
-0.40065727,-0.5714286
-0.4000778,-0.5714286
-0.39468062,-0.5714286
-0.3945577,-0.5714286
-0.4001638,-0.5714286
-0.392414,-0.5714286
-0.38898447,-0.5714286
-0.38282555,-0.5714286
-0.3850819,-0.5714286
-0.3931695,-0.5714286
-0.39318794,-0.5714286
-0.39672402,-0.5714286
-0.3965049,-0.5714286
-0.39161754,-0.5714286
-0.39371005,-0.5714286
-0.3820946,-0.5714286
-0.37766176,-0.5714286
-0.38679358,-0.5714286
-0.38987097,-0.5714286
-0.39601558,-0.5714286
-0.40031534,-0.5714286
-0.40006137,-0.5714286
-0.395905,-0.5714286
-0.40037468,-0.5714286
-0.39930797,-0.5714286
-0.4001638,-0.5714286
-0.40205163,-0.5714286
-0.40155202,-0.5714286
-0.39957818,-0.5714286
-0.40117934,-0.5714286
-0.40134725,-0.5714286
-0.4013636,-0.5714286
-0.40158477,-0.5714286
-0.40137592,-0.5714286
-0.40183455,-0.5714286
-0.4019124,-0.5714286
-0.4021089,-0.5714286
-0.40137592,-0.5714286
-0.40252456,-0.5714286
-0.4022523,-0.5714286
-0.4022441,-0.5714286
-0.4033784,-0.5714286
-0.4030528,-0.5714286
-0.4027191,-0.5714286
-0.40253893,-0.5714286
-0.40239558,-0.5714286
-0.40137592,-0.5714286
-0.4016093,-0.5714286
-0.4013432,-0.5714286
-0.4014865,-0.5714286
-0.40175676,-0.5714286
-0.40105036,-0.5714286
-0.40116093,-0.5714286
-0.40129814,-0.5714286
-0.40139437,-0.5714286
-0.40155202,-0.5714286
-0.30378786,-0.5714286
-0.30429977,-0.5714286
-0.40064293,-0.5714286
-0.40124488,-0.5714286
-0.40093777,-0.5714286
-0.40147418,-0.5714286
-0.4014169,-0.5714286
-0.40152743,-0.5714286
-0.40182224,-0.5714286
-0.40141279,-0.5714286
-0.40077806,-0.5714286
-0.4015766,-0.5714286
-0.4016585,-0.5714286
-0.40203932,-0.5714286
-0.40242833,-0.5714286
-0.4017199,-0.5714286
-0.40273133,-0.5714286
-0.40240785,-0.5714286
-0.40264127,-0.5714286
-0.40209255,-0.5714286
-0.4016953,-0.5714286
-0.40262082,-0.5714286
-0.40101963,-0.5714286
-0.40025386,-0.5714286
-0.40042588,-0.5714286
-0.39990175,-0.5714286
-0.40029076,-0.5714286
-0.4004054,-0.5714286
-0.39977068,-0.5714286
-0.40033168,-0.5714286
-0.40018427,-0.5714286
-0.40048727,-0.5714286
-0.4015397,-0.5714286
-0.4019042,-0.5714286
-0.40126535,-0.5714286
-0.40174448,-0.5714286
-0.40083534,-0.5714286
-0.4012695,-0.5714286
-0.40063065,-0.5714286
-0.40169534,-0.5714286
-0.4012469,-0.5714286
-0.40231368,-0.5714286
-0.40267816,-0.5714286
-0.40267813,-0.5714286
-0.40279686,-0.5714286
-0.4025102,-0.5714286
-0.4024038,-0.5714286
-0.4022318,-0.5714286
-0.40162775,-0.5714286
-0.40233004,-0.5714286
-0.40079853,-0.5714286
-0.40257987,-0.5714286
-0.4020475,-0.5714286
-0.40071663,-0.5714286
-0.40155405,-0.5714286
-0.4005405,-0.5714286
-0.40040952,-0.5714286
-0.40044224,-0.5714286
-0.39784604,-0.5714286
-0.40049958,-0.5714286
-0.40127766,-0.5714286
-0.40014747,-0.5714286
-0.3990459,-0.5714286
-0.39942673,-0.5714286
-0.399527,-0.5714286
-0.39981574,-0.5714286
-0.39972562,-0.5714286
-0.3992138,-0.5714286
-0.39792383,-0.5714286
-0.39787883,-0.5714286
-0.39916056,-0.5714286
-0.40089682,-0.5714286
-0.40060604,-0.5714286
-0.40064293,-0.5714286
-0.4010688,-0.5714286
-0.40064698,-0.5714286
-0.39885747,-0.5714286
-0.39893532,-0.5714286
-0.3994431,-0.5714286
-0.39953318,-0.5714286
-0.39954543,-0.5714286
-0.39805895,-0.5714286
-0.39999998,-0.5714286
-0.39984852,-0.5714286
-0.40004915,-0.5714286
-0.3999345,-0.5714286
-0.21511875,-0.5714286
-0.22787876,-0.5714286
-0.22773956,-0.5714286
-0.22950448,-0.5714286
-0.2287715,-0.5714286
-0.23027642,-0.5714286
-0.22895168,-0.5714286
-0.22963758,-0.5714286
-0.22895986,-0.5714286
-0.22937961,-0.5714286
-0.22687551,-0.5714286
-0.22767812,-0.5714286
-0.22847259,-0.5714286
-0.22736281,-0.5714286
-0.22632267,-0.5714286
-0.22517811,-0.5714286
-0.22415851,-0.5714286
-0.22343981,-0.5714286
-0.1742322,-0.5714286
-0.12157247,-0.5714286
-0.121232614,-0.5714286
-0.11944719,-0.5714286
-0.12620799,-0.5714286
-0.21899264,-0.5714286
-0.21333332,-0.5714286
-0.21466829,-0.5714286
-0.2149672,-0.5714286
-0.21433252,-0.5714286
-0.213751,-0.5714286
-0.21326374,-0.5714286
-0.21193697,-0.5714286
-0.21162163,-0.5714286
-0.21019657,-0.5714286
-0.20896398,-0.5714286
-0.2092813,-0.5714286
-0.20937349,-0.5714286
-0.20742632,-0.5714286
-0.20775183,-0.5714286
-0.20644145,-0.5714286
-0.20670763,-0.5714286
-0.20374285,-0.5714286
-0.20464371,-0.5714286
-0.20446765,-0.5714286
-0.20264538,-0.5714286
-0.20246932,-0.5714286
-0.2021499,-0.5714286
-0.20180184,-0.5714286
-0.20171988,-0.5714286
-0.20153153,-0.5714286
-0.20250206,-0.5714286
-0.20167692,-0.5714286
-0.20215803,-0.5714286
-0.20405819,-0.5714286
-0.20939802,-0.5714286
-0.20884521,-0.5714286
-0.20838246,-0.5714286
-0.20846437,-0.5714286
-0.20840701,-0.5714286
-0.208837,-0.5714286
-0.2089353,-0.5714286
-0.20956391,-0.5714286
-0.2092506,-0.5714286
-0.20899877,-0.5714286
-0.20907249,-0.5714286
-0.20820637,-0.5714286
-0.20872644,-0.5714286
-0.20925473,-0.5714286
-0.20957005,-0.5714286
-0.20913595,-0.5714286
-0.20967649,-0.5714286
-0.21018428,-0.5714286
-0.2098403,-0.5714286
-0.2105221,-0.5714286
-0.21428338,-0.5714286
-0.22572888,-0.5714286
-0.22537266,-0.5714286
-0.22545044,-0.5714286
-0.22650698,-0.5714286
-0.22686733,-0.5714286
-0.22717443,-0.5714286
-0.22716625,-0.5714286
-0.22694921,-0.5714286
-0.22660115,-0.5714286
-0.22670762,-0.5714286
-0.22669533,-0.5714286
-0.22699016,-0.5714286
-0.2276044,-0.5714286
-0.22639436,-0.5714286
-0.2276413,-0.5714286
-0.22804669,-0.5714286
-0.22799754,-0.5714286
-0.2282842,-0.5714286
-0.22850531,-0.5714286
-0.22884113,-0.5714286
-0.22914003,-0.5714286
-0.22891891,-0.5714286
-0.22751844,-0.5714286
-0.22885747,-0.5714286
-0.22990583,-0.5714286
-0.23015971,-0.5714286
-0.23061424,-0.5714286
-0.23095824,-0.5714286
-0.23102786,-0.5714286
-0.23149262,-0.5714286
-0.23188576,-0.5714286
-0.23079851,-0.5714286
-0.23075758,-0.5714286
-0.23089679,-0.5714286
-0.23137592,-0.5714286
-0.23089679,-0.5714286
-0.23227888,-0.5714286
-0.23234645,-0.5714286
-0.23202294,-0.5714286
-0.23182228,-0.5714286
-0.23234645,-0.5714286
-0.23060608,-0.5714286
-0.23107292,-0.5714286
-0.23154789,-0.5714286
-0.23230955,-0.5714286
-0.23166665,-0.5714286
-0.23171176,-0.5714286
-0.23135751,-0.5714286
-0.23177314,-0.5714286
-0.23171581,-0.5714286
-0.23162572,-0.5714286
-0.23206387,-0.5714286
-0.23208843,-0.5714286
-0.23269042,-0.5714286
-0.23201473,-0.5714286
-0.23251842,-0.5714286
-0.23266178,-0.5714286
-0.23260033,-0.5714286
-0.23372851,-0.5714286
-0.23215397,-0.5714286
-0.23244475,-0.5714286
-0.23260441,-0.5714286
-0.2325553,-0.5714286
-0.23349711,-0.5714286
-0.23330876,-0.5714286
-0.2335811,-0.5714286
-0.232543,-0.5714286
-0.23423834,-0.5714286
-0.2347625,-0.5714286
-0.23567979,-0.5714286
-0.23534395,-0.5714286
-0.23469289,-0.5714286
-0.23371007,-0.5714286
-0.23300163,-0.5714286
-0.23331082,-0.5714286
-0.2335258,-0.5714286
-0.23374283,-0.5714286
-0.23356265,-0.5714286
-0.2327109,-0.5714286
-0.23414004,-0.5714286
-0.23377763,-0.5714286
-0.23395574,-0.5714286
-0.23524569,-0.5714286
-0.23570432,-0.5714286
-0.23572482,-0.5714286
-0.23567976,-0.5714286
-0.23545864,-0.5714286
-0.23656633,-0.5714286
-0.23518836,-0.5714286
-0.23621622,-0.5714286
-0.23593777,-0.5714286
-0.23567568,-0.5714286
-0.23393734,-0.5714286
-0.23323502,-0.5714286
-0.23402949,-0.5714286
-0.23277028,-0.5714286
-0.23304667,-0.5714286
-0.23379606,-0.5714286
-0.23273343,-0.5714286
-0.2336364,-0.5714286
-0.23378381,-0.5714286
-0.23339067,-0.5714286
-0.23591317,-0.5714286
-0.23712534,-0.5714286
-0.23665437,-0.5714286
-0.23713347,-0.5714286
-0.23743655,-0.5714286
-0.23766175,-0.5714286
-0.2372543,-0.5714286
-0.23719491,-0.5714286
-0.23621622,-0.5714286
0.040135115,-0.5714286
-0.11011871,-0.5714286
-0.099762484,-0.5714286
-0.095327616,-0.5714286
0.031007359,-0.5714286
0.06470514,-0.5714286
0.055896807,-0.5714286
0.05812654,-0.5714286
0.055999156,-0.5714286
0.055372607,-0.5714286
0.05466418,-0.5714286
0.05285427,-0.5714286
0.05077398,-0.5714286
0.049860775,-0.5714286
0.048796106,-0.5714286
0.049121603,-0.5714286
0.29761672,-0.5714286
0.5106838,-0.5714286
0.60525376,-0.5714286
0.59573287,-0.5714286
0.58893937,-0.5714286
0.5800676,-0.5714286
0.571038,-0.5714286
0.5616708,-0.5714286
0.56149876,-0.5714286
0.5602335,-0.5714286
0.5581409,-0.5714286
0.5656756,-0.5714286
0.5498485,-0.5714286
0.059385784,-0.5714286
0.058517568,-0.5714286
0.05901717,-0.5714286
0.05814086,-0.5714286
0.058464408,-0.5714286
0.05713348,-0.5714286
0.0563452,-0.5714286
1.0331942,-0.5714286
1.348313,-0.5714286
0.91558975,-0.5714286
0.902195,-0.5714286
0.9021458,-0.5714286
0.8969656,-0.5714286
0.8968672,-0.5714286
0.89116096,-0.5714286
0.8951965,-0.5714286
0.8918304,-0.5714286
0.89270693,-0.5714286
0.89253074,-0.5714286
0.8924652,-0.5714286
0.88742435,-0.5714286
0.88815314,-0.5714286
0.8843898,-0.5714286
0.8845639,-0.5714286
0.8833252,-0.5714286
0.8844634,-0.5714286
0.88208026,-0.5714286
0.88466215,-0.5714286
0.8832474,-0.5714286
0.8830794,-0.5714286
0.88991386,-0.5714286
0.88688374,-0.5714286
0.8836937,-0.5714286
0.8819042,-0.5714286
0.8880836,-0.5714286
0.88319,-0.5714286
0.8805611,-0.5714286
0.8843735,-0.5714286
0.8802886,-0.5714286
0.8766707,-0.5714286
0.88102585,-0.5714286
0.8818119,-0.5714286
0.8800247,-0.5714286
0.8776352,-0.5714286
0.8744471,-0.5714286
0.8772604,-0.5714286
0.8792936,-0.5714286
0.8745332,-0.5714286
0.8756552,-0.5714286
0.8763965,-0.5714286
0.8774509,-0.5714286
0.8780138,-0.5714286
0.87743646,-0.5714286
0.87381244,-0.5714286
0.87964976,-0.5714286
0.8752947,-0.5714286
0.88094604,-0.5714286
0.872805,-0.5714286
0.8745885,-0.5714286
0.87192875,-0.5714286
0.87315726,-0.5714286
0.87540954,-0.5714286
0.8756327,-0.5714286
0.87382066,-0.5714286
0.8737163,-0.5714286
0.87244475,-0.5714286
0.87526214,-0.5714286
0.87181824,-0.5714286
0.8761364,-0.5714286
0.8733662,-0.5714286
0.87235045,-0.5714286
0.8717896,-0.5714286
0.86336,-0.5714286
0.87009424,-0.5714286
0.86535627,-0.5714286
0.8707577,-0.5714286
0.86733824,-0.5714286
0.8676494,-0.5714286
0.86812043,-0.5714286
0.8701515,-0.5714286
0.8706756,-0.5714286
0.86527634,-0.5714286
0.8690091,-0.5714286
0.8722891,-0.5714286
0.86743253,-0.5714286
0.8665521,-0.5714286
0.86763513,-0.5714286
0.865729,-0.5714286
0.8664168,-0.5714286
0.866728,-0.5714286
0.8641564,-0.5714286
0.8696109,-0.5714286
0.86768645,-0.5714286
0.8632022,-0.5714286
1.1638618,-0.5714286
1.2066625,-0.5714286
0.86410725,-0.5714286
0.859136,-0.5714286
0.860774,-0.5714286
0.86319005,-0.5714286
0.86318797,-0.5714286
0.8635872,-0.5714286
0.86175674,-0.5714286
0.86289316,-0.5714286
0.8651966,-0.5714286
0.8686651,-0.5714286
0.8689517,-0.5714286
0.8676945,-0.5714286
0.86887383,-0.5714286
0.86664015,-0.5714286
0.8657741,-0.5714286
0.8661058,-0.5714286
0.86496925,-0.5714286
0.8639189,-0.5714286
0.8628789,-0.5714286
0.8634828,-0.5714286
0.86576164,-0.5714286
0.79444724,-0.5714286
0.6920434,-0.5714286
0.69243246,-0.5714286
0.6929321,-0.5714286
0.69229734,-0.5714286
0.69160527,-0.5714286
0.6922891,-0.5714286
0.69289315,-0.5714286
0.6918981,-0.5714286
0.69435287,-0.5714286
0.69700646,-0.5714286
0.69095004,-0.5714286
0.6950738,-0.5714286
0.6963574,-0.5714286
0.6947134,-0.5714286
0.69484836,-0.5714286
0.6924692,-0.5714286
0.692027,-0.5714286
0.6971049,-0.5714286
0.6956265,-0.5714286
0.69592553,-0.5714286
0.7016462,-0.5714286
0.6991606,-0.5714286
0.700731,-0.5714286
0.6995455,-0.5714286
0.6971089,-0.5714286
0.6996007,-0.5714286
0.7010237,-0.5714286
0.70197386,-0.5714286
0.69852996,-0.5714286
0.6977437,-0.5714286
0.70045865,-0.5714286
0.7026289,-0.5714286
0.7000983,-0.5714286
0.69990575,-0.5714286
0.700086,-0.5714286
0.70318186,-0.5714286
0.70017195,-0.5714286
0.7005897,-0.5714286
0.7024569,-0.5714286
0.701941,-0.5714286
0.046764925,-0.5714286
-0.10635132,-0.5714286
-0.1062838,-0.5714286
-0.105925426,-0.5714286
-0.10781737,-0.5714286
-0.10761057,-0.5714286
-0.10920149,-0.5714286
-0.107657656,-0.5714286
-0.10777639,-0.5714286
-0.10772113,-0.5714286
-0.10726861,-0.5714286
-0.10795248,-0.5714286
-0.108059,-0.5714286
-0.10826782,-0.5714286
-0.109612994,-0.5714286
-0.10895169,-0.5714286
-0.1077969,-0.5714286
-0.10815726,-0.5714286
-0.108935304,-0.5714286
-0.10834153,-0.5714286
-0.108421385,-0.5714286
-0.1079361,-0.5714286
-0.10796069,-0.5714286
-0.10743653,-0.5714286
-0.10777639,-0.5714286
-0.108624056,-0.5714286
-0.10789925,-0.5714286
-0.1085995,-0.5714286
-0.109318204,-0.5714286
-0.10822482,-0.5714286
-0.10744062,-0.5714286
-0.10715393,-0.5714286
-0.10760033,-0.5714286
-0.10783787,-0.5714286
-0.10677516,-0.5714286
-0.107235886,-0.5714286
-0.10762901,-0.5714286
-0.106838666,-0.5714286
-0.10724818,-0.5714286
-0.10808966,-0.5714286
-0.108839065,-0.5714286
-0.10838659,-0.5714286
-0.10846438,-0.5714286
-0.10810811,-0.5714286
-0.107645355,-0.5714286
-0.106490605,-0.5714286
-0.10716622,-0.5714286
-0.10700659,-0.5714286
-0.10574937,-0.5714286
-0.106359534,-0.5714286
-0.106551975,-0.5714286
-0.10696149,-0.5714286
-0.10688369,-0.5714286
-0.10696149,-0.5714286
-0.10696149,-0.5714286
-0.1065438,-0.5714286
-0.10582308,-0.5714286
-0.107174434,-0.5714286
-0.10751845,-0.5714286
-0.107338235,-0.5714286
-0.10786243,-0.5714286
-0.10891071,-0.5714286
-0.10849307,-0.5714286
-0.10785422,-0.5714286
-0.10755527,-0.5714286
-0.21465194,-0.5714286
-0.22794224,-0.5714286
-0.22676495,-0.5714286
-0.22731775,-0.5714286
-0.2271294,-0.5714286
-0.22728911,-0.5714286
-0.22674857,-0.5714286
-0.22734235,-0.5714286
-0.22626534,-0.5714286
-0.22643736,-0.5714286
-0.22665027,-0.5714286
-0.2263882,-0.5714286
-0.22655201,-0.5714286
-0.22353807,-0.5714286
-0.22613019,-0.5714286
-0.22533579,-0.5714286
-0.22488126,-0.5714286
-0.22587837,-0.5714286
-0.22518429,-0.5714286
-0.2258231,-0.5714286
-0.22578213,-0.5714286
-0.22538903,-0.5714286
-0.22572888,-0.5714286
-0.22561833,-0.5714286
-0.22580466,-0.5714286
-0.22553237,-0.5714286
-0.22555283,-0.5714286
-0.22610973,-0.5714286
-0.22580673,-0.5714286
-0.226163,-0.5714286
-0.22608517,-0.5714286
-0.22527027,-0.5714286
-0.22528665,-0.5714286
-0.2251597,-0.5714286
-0.22409703,-0.5714286
-0.22438982,-0.5714286
-0.22421786,-0.5714286
-0.2237162,-0.5714286
-0.22453728,-0.5714286
-0.22435297,-0.5714286
-0.22476657,-0.5714286
-0.22470926,-0.5714286
-0.2247584,-0.5714286
-0.2256511,-0.5714286
-0.22452089,-0.5714286
-0.22529486,-0.5714286
-0.22540542,-0.5714286
-0.22596644,-0.5714286
-0.22604014,-0.5714286
-0.22525388,-0.5714286
-0.2260647,-0.5714286
-0.2244103,-0.5714286
-0.21624902,-0.5714286
-0.20578216,-0.5714286
-0.20090911,-0.5714286
-0.21260034,-0.5714286
-0.21553643,-0.5714286
-0.21563065,-0.5714286
-0.21678135,-0.5714286
-0.21694103,-0.5714286
-0.21627763,-0.5714286
-0.2160258,-0.5714286
-0.21619983,-0.5714286
-0.21499181,-0.5714286
-0.21645781,-0.5714286
-0.2160606,-0.5714286
-0.21774364,-0.5714286
-0.2181122,-0.5714286
-0.21696562,-0.5714286
-0.21711303,-0.5714286
-0.22480343,-0.5714286
-0.22413598,-0.5714286
-0.22487098,-0.5714286
-0.22485666,-0.5714286
-0.22607493,-0.5714286
-0.22567977,-0.5714286
-0.2255119,-0.5714286
-0.22554466,-0.5714286
-0.22531123,-0.5714286
-0.22438574,-0.5714286
-0.22496723,-0.5714286
-0.22522116,-0.5714286
-0.22485666,-0.5714286
-0.22536035,-0.5714286
-0.22536856,-0.5714286
-0.22435504,-0.5714286
-0.22436528,-0.5714286
-0.22592136,-0.5714286
-0.22736281,-0.5714286
-0.2310401,-0.5714286
-0.23079851,-0.5714286
-0.23160116,-0.5714286
-0.23072486,-0.5714286
-0.23144962,-0.5714286
-0.2312162,-0.5714286
-0.23014332,-0.5714286
-0.2302416,-0.5714286
-0.23037267,-0.5714286
-0.23127356,-0.5714286
-0.23061422,-0.5714286
-0.23153563,-0.5714286
-0.23125306,-0.5714286
-0.23078008,-0.5714286
-0.23186731,-0.5714286
-0.23051596,-0.5714286
-0.23090091,-0.5714286
-0.23061424,-0.5714286
-0.23084767,-0.5714286
-0.23078214,-0.5714286
-0.23137592,-0.5714286
-0.230086,-0.5714286
-0.22954138,-0.5714286
-0.2281327,-0.5714286
-0.22883292,-0.5714286
-0.22904995,-0.5714286
-0.22907248,-0.5714286
-0.22859949,-0.5714286
-0.22938988,-0.5714286
-0.22926904,-0.5714286
-0.22873056,-0.5714286
-0.23012286,-0.5714286
-0.22990789,-0.5714286
-0.22992626,-0.5714286
-0.23120394,-0.5714286
-0.23089682,-0.5714286
-0.23115067,-0.5714286
-0.2308886,-0.5714286
-0.23058558,-0.5714286
-0.23036854,-0.5714286
-0.23038901,-0.5714286
-0.22961918,-0.5714286
-0.22750615,-0.5714286
-0.2276044,-0.5714286
-0.22901309,-0.5714286
-0.22959462,-0.5714286
-0.22981574,-0.5714286
-0.22875924,-0.5714286
-0.22895168,-0.5714286
-0.2291605,-0.5714286
-0.22816542,-0.5714286
-0.22906633,-0.5714286
-0.23008597,-0.5714286
-0.2298485,-0.5714286
-0.22965598,-0.5714286
-0.23196557,-0.5714286
-0.23269653,-0.5714286
-0.23317567,-0.5714286
-0.23278868,-0.5714286
-0.23205571,-0.5714286
-0.23221132,-0.5714286
-0.23303032,-0.5714286
-0.23106062,-0.5714286
-0.23301393,-0.5714286
-0.2322195,-0.5714286
-0.23228912,-0.5714286
-0.23181204,-0.5714286
-0.2319574,-0.5714286
-0.23196562,-0.5714286
-0.23198402,-0.5714286
-0.2319697,-0.5714286
-0.23101965,-0.5714286
-0.2317527,-0.5714286
-0.23070022,-0.5714286
-0.23162164,-0.5714286
-0.2312715,-0.5714286
-0.23165844,-0.5714286
-0.2311732,-0.5714286
-0.23221537,-0.5714286
-0.23213758,-0.5714286
-0.23273548,-0.5714286
-0.23173834,-0.5714286
-0.23164004,-0.5714286
-0.23000413,-0.5714286
-0.2300737,-0.5714286
-0.22918922,-0.5714286
-0.23144966,-0.5714286
-0.23088452,-0.5714286
-0.23119982,-0.5714286
-0.23219495,-0.5714286
-0.23103602,-0.5714286
-0.22710893,-0.5714286
-0.22665848,-0.5714286
-0.22798528,-0.5714286
-0.22718057,-0.5714286
-0.22793613,-0.5714286
-0.2277559,-0.5714286
-0.2281327,-0.5714286
-0.22740376,-0.5714286
-0.22767402,-0.5714286
-0.22656633,-0.5714286
-0.22722976,-0.5714286
-0.22701883,-0.5714286
-0.22646603,-0.5714286
-0.2263329,-0.5714286
-0.22634314,-0.5714286
-0.2269226,-0.5714286
-0.22729729,-0.5714286
-0.22692876,-0.5714286
-0.22691645,-0.5714286
-0.22636774,-0.5714286
-0.22610563,-0.5714286
-0.22610563,-0.5714286
-0.22642915,-0.5714286
-0.2267895,-0.5714286
-0.22674444,-0.5714286
-0.22771497,-0.5714286
-0.22668716,-0.5714286
-0.22712532,-0.5714286
-0.2275123,-0.5714286
-0.22730348,-0.5714286
-0.22743653,-0.5714286
-0.22737099,-0.5714286
-0.2268141,-0.5714286
-0.2264783,-0.5714286
-0.22658068,-0.5714286
-0.22660318,-0.5714286
-0.22617526,-0.5714286
-0.22655201,-0.5714286
-0.22690828,-0.5714286
-0.22630632,-0.5714286
-0.22701062,-0.5714286
-0.22701062,-0.5714286
-0.22710687,-0.5714286
-0.22750615,-0.5714286
-0.22750206,-0.5714286
-0.22721541,-0.5714286
-0.22692057,-0.5714286
-0.22788697,-0.5714286
-0.22785012,-0.5714286
-0.22693692,-0.5714286
-0.2264312,-0.5714286
-0.22694105,-0.5714286
-0.22772726,-0.5714286
-0.22687139,-0.5714286
-0.22719288,-0.5714286
-0.22725222,-0.5714286
-0.22628994,-0.5714286
-0.22700246,-0.5714286
-0.2269656,-0.5714286
-0.22647417,-0.5714286
-0.22727682,-0.5714286
-0.22748567,-0.5714286
-0.22714376,-0.5714286
-0.22761261,-0.5714286
-0.22786647,-0.5714286
-0.22626947,-0.5714286
-0.22751844,-0.5714286
-0.22702293,-0.5714286
-0.22649468,-0.5714286
-0.22686322,-0.5714286
-0.22657251,-0.5714286
-0.22695334,-0.5714286
-0.2264005,-0.5714286
-0.22852579,-0.5714286
-0.22794224,-0.5714286
-0.22747338,-0.5714286
-0.22567566,-0.5714286
-0.2262961,-0.5714286
-0.22603193,-0.5714286
-0.22675265,-0.5714286
-0.22631858,-0.5714286
-0.22741605,-0.5714286
-0.22734235,-0.5714286
-0.22692057,-0.5714286
-0.2270393,-0.5714286
-0.22713348,-0.5714286
-0.22739147,-0.5714286
-0.22850531,-0.5714286
-0.22704339,-0.5714286
-0.22639228,-0.5714286
-0.22702701,-0.5714286
-0.22727273,-0.5714286
-0.22691645,-0.5714286
-0.2263452,-0.5714286
-0.1317854,-0.5714286
-0.22673218,-0.5714286
-0.22727273,-0.5714286
-0.15651105,-0.5714286
-0.14441034,-0.5714286
-0.22706391,-0.5714286
-0.22700249,-0.5714286
-0.22731775,-0.5714286
-0.22800575,-0.5714286
-0.22703315,-0.5714286
-0.22747746,-0.5714286
-0.22724813,-0.5714286
-0.22770683,-0.5714286
-0.22615479,-0.5714286
-0.22656022,-0.5714286
-0.22734646,-0.5714286
-0.22696151,-0.5714286
-0.22760853,-0.5714286
-0.22727682,-0.5714286
-0.22824325,-0.5714286
-0.22877762,-0.5714286
-0.22762083,-0.5714286
-0.22721128,-0.5714286
-0.22893938,-0.5714286
-0.22815725,-0.5714286
-0.22744061,-0.5714286
-0.22739558,-0.5714286
-0.22718672,-0.5714286
-0.22629811,-0.5714286
-0.2265049,-0.5714286
-0.22683048,-0.5714286
-0.2264128,-0.5714286
-0.22641689,-0.5714286
-0.22600737,-0.5714286
-0.22633085,-0.5714286
